-- MySQL dump 10.16  Distrib 10.2.24-MariaDB, for debian-linux-gnu (x86_64)
--
-- Host: localhost    Database: sicel_municipios
-- ------------------------------------------------------
-- Server version	10.2.24-MariaDB-1:10.2.24+maria~bionic

/*!40101 SET @OLD_CHARACTER_SET_CLIENT=@@CHARACTER_SET_CLIENT */;
/*!40101 SET @OLD_CHARACTER_SET_RESULTS=@@CHARACTER_SET_RESULTS */;
/*!40101 SET @OLD_COLLATION_CONNECTION=@@COLLATION_CONNECTION */;
/*!40101 SET NAMES utf8 */;
/*!40103 SET @OLD_TIME_ZONE=@@TIME_ZONE */;
/*!40103 SET TIME_ZONE='+00:00' */;
/*!40014 SET @OLD_UNIQUE_CHECKS=@@UNIQUE_CHECKS, UNIQUE_CHECKS=0 */;
/*!40014 SET @OLD_FOREIGN_KEY_CHECKS=@@FOREIGN_KEY_CHECKS, FOREIGN_KEY_CHECKS=0 */;
/*!40101 SET @OLD_SQL_MODE=@@SQL_MODE, SQL_MODE='NO_AUTO_VALUE_ON_ZERO' */;
/*!40111 SET @OLD_SQL_NOTES=@@SQL_NOTES, SQL_NOTES=0 */;

--
-- Table structure for table `acl_phinxlog`
--

DROP TABLE IF EXISTS `acl_phinxlog`;
/*!40101 SET @saved_cs_client     = @@character_set_client */;
/*!40101 SET character_set_client = utf8 */;
CREATE TABLE `acl_phinxlog` (
  `version` bigint(20) NOT NULL,
  `migration_name` varchar(100) DEFAULT NULL,
  `start_time` timestamp NULL DEFAULT NULL,
  `end_time` timestamp NULL DEFAULT NULL,
  `breakpoint` tinyint(1) NOT NULL DEFAULT 0,
  PRIMARY KEY (`version`)
) ENGINE=InnoDB DEFAULT CHARSET=utf8;
/*!40101 SET character_set_client = @saved_cs_client */;

--
-- Dumping data for table `acl_phinxlog`
--

LOCK TABLES `acl_phinxlog` WRITE;
/*!40000 ALTER TABLE `acl_phinxlog` DISABLE KEYS */;
INSERT INTO `acl_phinxlog` VALUES (20141229162641,'CakePhpDbAcl','2018-03-07 06:25:43','2018-03-07 06:25:43',0);
/*!40000 ALTER TABLE `acl_phinxlog` ENABLE KEYS */;
UNLOCK TABLES;

--
-- Table structure for table `acos`
--

DROP TABLE IF EXISTS `acos`;
/*!40101 SET @saved_cs_client     = @@character_set_client */;
/*!40101 SET character_set_client = utf8 */;
CREATE TABLE `acos` (
  `id` int(11) NOT NULL AUTO_INCREMENT,
  `parent_id` int(11) DEFAULT NULL,
  `model` varchar(255) DEFAULT NULL,
  `foreign_key` int(11) DEFAULT NULL,
  `alias` varchar(255) DEFAULT NULL,
  `lft` int(11) DEFAULT NULL,
  `rght` int(11) DEFAULT NULL,
  PRIMARY KEY (`id`),
  KEY `lft` (`lft`,`rght`),
  KEY `alias` (`alias`)
) ENGINE=InnoDB AUTO_INCREMENT=9 DEFAULT CHARSET=utf8;
/*!40101 SET character_set_client = @saved_cs_client */;

--
-- Dumping data for table `acos`
--

LOCK TABLES `acos` WRITE;
/*!40000 ALTER TABLE `acos` DISABLE KEYS */;
INSERT INTO `acos` VALUES (1,NULL,NULL,NULL,'controllers',1,14),(2,1,NULL,NULL,'Articles',2,13),(3,2,NULL,NULL,'index',3,4),(4,2,NULL,NULL,'view',5,6),(5,2,NULL,NULL,'add',7,8),(6,2,NULL,NULL,'edit',9,10),(7,2,NULL,NULL,'delete',11,12),(8,NULL,'Articles',1,NULL,15,16);
/*!40000 ALTER TABLE `acos` ENABLE KEYS */;
UNLOCK TABLES;

--
-- Table structure for table `aros`
--

DROP TABLE IF EXISTS `aros`;
/*!40101 SET @saved_cs_client     = @@character_set_client */;
/*!40101 SET character_set_client = utf8 */;
CREATE TABLE `aros` (
  `id` int(11) NOT NULL AUTO_INCREMENT,
  `parent_id` int(11) DEFAULT NULL,
  `model` varchar(255) DEFAULT NULL,
  `foreign_key` char(36) DEFAULT NULL,
  `alias` varchar(255) DEFAULT NULL,
  `lft` int(11) DEFAULT NULL,
  `rght` int(11) DEFAULT NULL,
  PRIMARY KEY (`id`),
  KEY `lft` (`lft`,`rght`),
  KEY `alias` (`alias`)
) ENGINE=InnoDB AUTO_INCREMENT=6 DEFAULT CHARSET=utf8;
/*!40101 SET character_set_client = @saved_cs_client */;

--
-- Dumping data for table `aros`
--

LOCK TABLES `aros` WRITE;
/*!40000 ALTER TABLE `aros` DISABLE KEYS */;
INSERT INTO `aros` VALUES (1,NULL,'Roles','80687266-6761-43a2-bd98-f42349a9bb63',NULL,1,4),(2,NULL,'Roles','5197c80d-2d30-4225-a757-b31592c9e0f0',NULL,5,6),(3,NULL,'Roles','e687cb91-4cdf-4ab2-992f-e76584199c2e',NULL,7,10),(4,1,'MyUsers','a51e5518-c666-40ca-92db-f27202c07160',NULL,2,3),(5,3,'MyUsers','394e7d5f-ed21-4201-a53a-7a9d3a70f66b',NULL,8,9);
/*!40000 ALTER TABLE `aros` ENABLE KEYS */;
UNLOCK TABLES;

--
-- Table structure for table `aros_acos`
--

DROP TABLE IF EXISTS `aros_acos`;
/*!40101 SET @saved_cs_client     = @@character_set_client */;
/*!40101 SET character_set_client = utf8 */;
CREATE TABLE `aros_acos` (
  `id` int(11) NOT NULL AUTO_INCREMENT,
  `aro_id` int(11) NOT NULL,
  `aco_id` int(11) NOT NULL,
  `_create` varchar(2) NOT NULL DEFAULT '0',
  `_read` varchar(2) NOT NULL DEFAULT '0',
  `_update` varchar(2) NOT NULL DEFAULT '0',
  `_delete` varchar(2) NOT NULL DEFAULT '0',
  PRIMARY KEY (`id`),
  UNIQUE KEY `aro_id` (`aro_id`,`aco_id`),
  KEY `aco_id` (`aco_id`)
) ENGINE=InnoDB AUTO_INCREMENT=6 DEFAULT CHARSET=utf8;
/*!40101 SET character_set_client = @saved_cs_client */;

--
-- Dumping data for table `aros_acos`
--

LOCK TABLES `aros_acos` WRITE;
/*!40000 ALTER TABLE `aros_acos` DISABLE KEYS */;
INSERT INTO `aros_acos` VALUES (1,1,5,'1','1','1','1'),(2,3,4,'1','1','1','1'),(3,1,3,'1','1','1','1'),(4,2,3,'1','1','1','1'),(5,3,3,'1','1','1','1');
/*!40000 ALTER TABLE `aros_acos` ENABLE KEYS */;
UNLOCK TABLES;

--
-- Table structure for table `cake_d_c_users_phinxlog`
--

DROP TABLE IF EXISTS `cake_d_c_users_phinxlog`;
/*!40101 SET @saved_cs_client     = @@character_set_client */;
/*!40101 SET character_set_client = utf8 */;
CREATE TABLE `cake_d_c_users_phinxlog` (
  `version` bigint(20) NOT NULL,
  `migration_name` varchar(100) DEFAULT NULL,
  `start_time` timestamp NULL DEFAULT NULL,
  `end_time` timestamp NULL DEFAULT NULL,
  `breakpoint` tinyint(1) NOT NULL DEFAULT 0,
  PRIMARY KEY (`version`)
) ENGINE=InnoDB DEFAULT CHARSET=utf8;
/*!40101 SET character_set_client = @saved_cs_client */;

--
-- Dumping data for table `cake_d_c_users_phinxlog`
--

LOCK TABLES `cake_d_c_users_phinxlog` WRITE;
/*!40000 ALTER TABLE `cake_d_c_users_phinxlog` DISABLE KEYS */;
INSERT INTO `cake_d_c_users_phinxlog` VALUES (20150513201111,'Initial','2018-03-07 06:25:36','2018-03-07 06:25:36',0),(20161031101316,'AddSecretToUsers','2018-03-07 06:25:36','2018-03-07 06:25:36',0);
/*!40000 ALTER TABLE `cake_d_c_users_phinxlog` ENABLE KEYS */;
UNLOCK TABLES;

--
-- Table structure for table `roles`
--

DROP TABLE IF EXISTS `roles`;
/*!40101 SET @saved_cs_client     = @@character_set_client */;
/*!40101 SET character_set_client = utf8 */;
CREATE TABLE `roles` (
  `id` char(36) NOT NULL,
  `name` char(120) NOT NULL,
  `created` datetime DEFAULT NULL,
  `modified` datetime DEFAULT NULL,
  PRIMARY KEY (`id`)
) ENGINE=InnoDB DEFAULT CHARSET=utf8mb4;
/*!40101 SET character_set_client = @saved_cs_client */;

--
-- Dumping data for table `roles`
--

LOCK TABLES `roles` WRITE;
/*!40000 ALTER TABLE `roles` DISABLE KEYS */;
INSERT INTO `roles` VALUES ('5197c80d-2d30-4225-a757-b31592c9e0f0','Admin','2018-03-07 00:27:41','2018-03-07 00:27:41'),('80687266-6761-43a2-bd98-f42349a9bb63','Captura','2018-03-07 00:27:30','2018-03-07 00:27:30'),('e687cb91-4cdf-4ab2-992f-e76584199c2e','Monitor','2018-03-07 00:27:46','2018-03-07 00:27:46');
/*!40000 ALTER TABLE `roles` ENABLE KEYS */;
UNLOCK TABLES;

--
-- Table structure for table `social_accounts`
--

DROP TABLE IF EXISTS `social_accounts`;
/*!40101 SET @saved_cs_client     = @@character_set_client */;
/*!40101 SET character_set_client = utf8 */;
CREATE TABLE `social_accounts` (
  `id` char(36) NOT NULL,
  `user_id` char(36) NOT NULL,
  `provider` varchar(255) NOT NULL,
  `username` varchar(255) DEFAULT NULL,
  `reference` varchar(255) NOT NULL,
  `avatar` varchar(255) DEFAULT NULL,
  `description` text DEFAULT NULL,
  `link` varchar(255) NOT NULL,
  `token` varchar(500) NOT NULL,
  `token_secret` varchar(500) DEFAULT NULL,
  `token_expires` datetime DEFAULT NULL,
  `active` tinyint(1) NOT NULL DEFAULT 1,
  `data` text NOT NULL,
  `created` datetime NOT NULL,
  `modified` datetime NOT NULL,
  PRIMARY KEY (`id`),
  KEY `user_id` (`user_id`),
  CONSTRAINT `social_accounts_ibfk_1` FOREIGN KEY (`user_id`) REFERENCES `users` (`id`) ON DELETE CASCADE ON UPDATE CASCADE
) ENGINE=InnoDB DEFAULT CHARSET=utf8mb4;
/*!40101 SET character_set_client = @saved_cs_client */;

--
-- Dumping data for table `social_accounts`
--

LOCK TABLES `social_accounts` WRITE;
/*!40000 ALTER TABLE `social_accounts` DISABLE KEYS */;
/*!40000 ALTER TABLE `social_accounts` ENABLE KEYS */;
UNLOCK TABLES;

--
-- Table structure for table `users`
--

DROP TABLE IF EXISTS `users`;
/*!40101 SET @saved_cs_client     = @@character_set_client */;
/*!40101 SET character_set_client = utf8 */;
CREATE TABLE `users` (
  `id` char(36) NOT NULL,
  `username` varchar(255) NOT NULL,
  `email` varchar(255) DEFAULT NULL,
  `password` varchar(255) NOT NULL,
  `first_name` varchar(50) DEFAULT NULL,
  `last_name` varchar(50) DEFAULT NULL,
  `token` varchar(255) DEFAULT NULL,
  `token_expires` datetime DEFAULT NULL,
  `api_token` varchar(255) DEFAULT NULL,
  `activation_date` datetime DEFAULT NULL,
  `secret` varchar(32) DEFAULT NULL,
  `secret_verified` tinyint(1) DEFAULT NULL,
  `tos_date` datetime DEFAULT NULL,
  `active` tinyint(1) NOT NULL DEFAULT 0,
  `is_superuser` tinyint(1) NOT NULL DEFAULT 0,
  `role_id` char(36) DEFAULT NULL,
  `created` datetime NOT NULL,
  `modified` datetime NOT NULL,
  PRIMARY KEY (`id`),
  KEY `role_id` (`role_id`),
  CONSTRAINT `users_ibfk_1` FOREIGN KEY (`role_id`) REFERENCES `roles` (`id`)
) ENGINE=InnoDB DEFAULT CHARSET=utf8mb4;
/*!40101 SET character_set_client = @saved_cs_client */;

--
-- Dumping data for table `users`
--

LOCK TABLES `users` WRITE;
/*!40000 ALTER TABLE `users` DISABLE KEYS */;
INSERT INTO `users` VALUES ('0cx2nxm-xshc-99ks-pjkc','689C1',NULL,'$2y$10$7Nr7lHpeouo.3Swq.mM.3uNu0zjJmyyEGxgTOA1F9UYq7dXSFfyHK','USUARIO 689C1',NULL,NULL,NULL,NULL,NULL,NULL,NULL,NULL,1,0,'80687266-6761-43a2-bd98-f42349a9bb63','2019-06-02 01:41:11','2019-06-02 01:41:11'),('0oh4rwf-gofx-9mr8-ei3h','691C1',NULL,'$2y$10$7Nr7lHpeouo.3Swq.mM.3uNu0zjJmyyEGxgTOA1F9UYq7dXSFfyHK','USUARIO 691C1',NULL,NULL,NULL,NULL,NULL,NULL,NULL,NULL,1,0,'80687266-6761-43a2-bd98-f42349a9bb63','2019-06-02 01:41:11','2019-06-02 01:41:11'),('109frgz-pp6p-8k3x-ga1s','710B1',NULL,'$2y$10$7Nr7lHpeouo.3Swq.mM.3uNu0zjJmyyEGxgTOA1F9UYq7dXSFfyHK','USUARIO 710B1',NULL,NULL,NULL,NULL,NULL,NULL,NULL,NULL,1,0,'80687266-6761-43a2-bd98-f42349a9bb63','2019-06-02 01:41:14','2019-06-02 01:41:14'),('12ciehf-3yh0-hgh4-7t21','708B1',NULL,'$2y$10$7Nr7lHpeouo.3Swq.mM.3uNu0zjJmyyEGxgTOA1F9UYq7dXSFfyHK','USUARIO 708B1',NULL,NULL,NULL,NULL,NULL,NULL,NULL,NULL,1,0,'80687266-6761-43a2-bd98-f42349a9bb63','2019-06-02 01:41:15','2019-06-02 01:41:15'),('170ndq7-3zc9-0xoa-pnk3','724C1',NULL,'$2y$10$7Nr7lHpeouo.3Swq.mM.3uNu0zjJmyyEGxgTOA1F9UYq7dXSFfyHK','USUARIO 724C1',NULL,NULL,NULL,NULL,NULL,NULL,NULL,NULL,1,0,'80687266-6761-43a2-bd98-f42349a9bb63','2019-06-02 01:41:15','2019-06-02 01:41:15'),('17z2udw-3v0d-lgd4-3ndj','ulisesM',NULL,'$2y$10$c32nMB/IYeTGNy4uY9B1s.RZ4BSWpEeFtDwHxFVQ87ftXVY4YZE5.','ULISES','MEJÍA',NULL,NULL,NULL,NULL,NULL,NULL,NULL,1,1,'5197c80d-2d30-4225-a757-b31592c9e0f0','2018-06-27 21:43:12','2018-06-27 21:43:12'),('1af83hb-k4ea-e36z-snoc','697C1',NULL,'$2y$10$7Nr7lHpeouo.3Swq.mM.3uNu0zjJmyyEGxgTOA1F9UYq7dXSFfyHK','USUARIO 697C1',NULL,NULL,NULL,NULL,NULL,NULL,NULL,NULL,1,0,'80687266-6761-43a2-bd98-f42349a9bb63','2019-06-02 01:41:18','2019-06-02 01:41:18'),('1gfz5hr-g1gu-7rnt-44kv','737B1',NULL,'$2y$10$7Nr7lHpeouo.3Swq.mM.3uNu0zjJmyyEGxgTOA1F9UYq7dXSFfyHK','USUARIO 737B1',NULL,NULL,NULL,NULL,NULL,NULL,NULL,NULL,1,0,'80687266-6761-43a2-bd98-f42349a9bb63','2019-06-02 01:41:15','2019-06-02 01:41:15'),('1gmpxyh-h65b-1c3f-j1k5','720C1',NULL,'$2y$10$7Nr7lHpeouo.3Swq.mM.3uNu0zjJmyyEGxgTOA1F9UYq7dXSFfyHK','USUARIO 720C1',NULL,NULL,NULL,NULL,NULL,NULL,NULL,NULL,1,0,'80687266-6761-43a2-bd98-f42349a9bb63','2019-06-02 01:41:13','2019-06-02 01:41:13'),('1o9dw97-q957-88t6-pfy2','680B1',NULL,'$2y$10$7Nr7lHpeouo.3Swq.mM.3uNu0zjJmyyEGxgTOA1F9UYq7dXSFfyHK','USUARIO 680B1',NULL,NULL,NULL,NULL,NULL,NULL,NULL,NULL,1,0,'80687266-6761-43a2-bd98-f42349a9bb63','2019-06-02 01:41:08','2019-06-02 01:41:08'),('1ucsxy1-3wq9-dd69-r9iv','705B1',NULL,'$2y$10$7Nr7lHpeouo.3Swq.mM.3uNu0zjJmyyEGxgTOA1F9UYq7dXSFfyHK','USUARIO 705B1',NULL,NULL,NULL,NULL,NULL,NULL,NULL,NULL,1,0,'80687266-6761-43a2-bd98-f42349a9bb63','2019-06-02 01:41:19','2019-06-02 01:41:19'),('1zz3x8z-rbeo-uklm-dpgd','686B1',NULL,'$2y$10$7Nr7lHpeouo.3Swq.mM.3uNu0zjJmyyEGxgTOA1F9UYq7dXSFfyHK','USUARIO 686B1',NULL,NULL,NULL,NULL,NULL,NULL,NULL,NULL,1,0,'80687266-6761-43a2-bd98-f42349a9bb63','2019-06-02 01:41:13','2019-06-02 01:41:13'),('22rojbc-q4dx-pwfh-sux6','693B1',NULL,'$2y$10$7Nr7lHpeouo.3Swq.mM.3uNu0zjJmyyEGxgTOA1F9UYq7dXSFfyHK','USUARIO 693B1',NULL,NULL,NULL,NULL,NULL,NULL,NULL,NULL,1,0,'80687266-6761-43a2-bd98-f42349a9bb63','2019-06-02 01:41:14','2019-06-02 01:41:14'),('28i6i9e-j4mj-3yoi-9ofb','727C1',NULL,'$2y$10$7Nr7lHpeouo.3Swq.mM.3uNu0zjJmyyEGxgTOA1F9UYq7dXSFfyHK','USUARIO 727C1',NULL,NULL,NULL,NULL,NULL,NULL,NULL,NULL,1,0,'80687266-6761-43a2-bd98-f42349a9bb63','2019-06-02 01:41:13','2019-06-02 01:41:13'),('2efh7r2-i1ac-km0t-56tu','726C1',NULL,'$2y$10$7Nr7lHpeouo.3Swq.mM.3uNu0zjJmyyEGxgTOA1F9UYq7dXSFfyHK','USUARIO 726C1',NULL,NULL,NULL,NULL,NULL,NULL,NULL,NULL,1,0,'80687266-6761-43a2-bd98-f42349a9bb63','2019-06-02 01:41:12','2019-06-02 01:41:12'),('2m4lu95-295i-i6sr-gqjn','680C1',NULL,'$2y$10$7Nr7lHpeouo.3Swq.mM.3uNu0zjJmyyEGxgTOA1F9UYq7dXSFfyHK','USUARIO 680C1',NULL,NULL,NULL,NULL,NULL,NULL,NULL,NULL,1,0,'80687266-6761-43a2-bd98-f42349a9bb63','2019-06-02 01:41:08','2019-06-02 01:41:08'),('2u0hswn-80f9-ol8v-a524','717B1',NULL,'$2y$10$7Nr7lHpeouo.3Swq.mM.3uNu0zjJmyyEGxgTOA1F9UYq7dXSFfyHK','USUARIO 717B1',NULL,NULL,NULL,NULL,NULL,NULL,NULL,NULL,1,0,'80687266-6761-43a2-bd98-f42349a9bb63','2019-06-02 01:41:15','2019-06-02 01:41:15'),('30dfh6t-to8r-3fb4-2aan','681B1',NULL,'$2y$10$7Nr7lHpeouo.3Swq.mM.3uNu0zjJmyyEGxgTOA1F9UYq7dXSFfyHK','USUARIO 681B1',NULL,NULL,NULL,NULL,NULL,NULL,NULL,NULL,1,0,'80687266-6761-43a2-bd98-f42349a9bb63','2019-06-02 01:41:09','2019-06-02 01:41:09'),('3a11amn-ccyy-8fk0-5rr6','722B1',NULL,'$2y$10$7Nr7lHpeouo.3Swq.mM.3uNu0zjJmyyEGxgTOA1F9UYq7dXSFfyHK','USUARIO 722B1',NULL,NULL,NULL,NULL,NULL,NULL,NULL,NULL,1,0,'80687266-6761-43a2-bd98-f42349a9bb63','2019-06-02 01:41:15','2019-06-02 01:41:15'),('3fm3glq-i3q7-3rvc-zuur','673B1',NULL,'$2y$10$7Nr7lHpeouo.3Swq.mM.3uNu0zjJmyyEGxgTOA1F9UYq7dXSFfyHK','USUARIO 673B1',NULL,NULL,NULL,NULL,NULL,NULL,NULL,NULL,1,0,'80687266-6761-43a2-bd98-f42349a9bb63','2019-06-02 01:41:08','2019-06-02 01:41:08'),('3qd28o1-1znt-rxyx-9nv7','711B1',NULL,'$2y$10$7Nr7lHpeouo.3Swq.mM.3uNu0zjJmyyEGxgTOA1F9UYq7dXSFfyHK','USUARIO 711B1',NULL,NULL,NULL,NULL,NULL,NULL,NULL,NULL,1,0,'80687266-6761-43a2-bd98-f42349a9bb63','2019-06-02 01:41:11','2019-06-02 01:41:11'),('3rvsafr-lebm-kd5v-g23v','725B1',NULL,'$2y$10$7Nr7lHpeouo.3Swq.mM.3uNu0zjJmyyEGxgTOA1F9UYq7dXSFfyHK','USUARIO 725B1',NULL,NULL,NULL,NULL,NULL,NULL,NULL,NULL,1,0,'80687266-6761-43a2-bd98-f42349a9bb63','2019-06-02 01:41:16','2019-06-02 01:41:16'),('3smzhvg-70p4-xx6q-jipc','689B1',NULL,'$2y$10$7Nr7lHpeouo.3Swq.mM.3uNu0zjJmyyEGxgTOA1F9UYq7dXSFfyHK','USUARIO 689B1',NULL,NULL,NULL,NULL,NULL,NULL,NULL,NULL,1,0,'80687266-6761-43a2-bd98-f42349a9bb63','2019-06-02 01:41:11','2019-06-02 01:41:11'),('3xaltt5-x63u-zz6s-gsnl','681C2',NULL,'$2y$10$7Nr7lHpeouo.3Swq.mM.3uNu0zjJmyyEGxgTOA1F9UYq7dXSFfyHK','USUARIO 681C2',NULL,NULL,NULL,NULL,NULL,NULL,NULL,NULL,1,0,'80687266-6761-43a2-bd98-f42349a9bb63','2019-06-02 01:41:09','2019-06-02 01:41:09'),('43kmy2h-tfx9-j915-m1jc','692C1',NULL,'$2y$10$7Nr7lHpeouo.3Swq.mM.3uNu0zjJmyyEGxgTOA1F9UYq7dXSFfyHK','USUARIO 692C1',NULL,NULL,NULL,NULL,NULL,NULL,NULL,NULL,1,0,'80687266-6761-43a2-bd98-f42349a9bb63','2019-06-02 01:41:14','2019-06-02 01:41:14'),('477k0in-omjg-dmse-g7v8','678C1',NULL,'$2y$10$7Nr7lHpeouo.3Swq.mM.3uNu0zjJmyyEGxgTOA1F9UYq7dXSFfyHK','USUARIO 678C1',NULL,NULL,NULL,NULL,NULL,NULL,NULL,NULL,1,0,'80687266-6761-43a2-bd98-f42349a9bb63','2019-06-02 01:41:07','2019-06-02 01:41:07'),('4f1z38q-ne05-ib8p-vt65','681C1',NULL,'$2y$10$7Nr7lHpeouo.3Swq.mM.3uNu0zjJmyyEGxgTOA1F9UYq7dXSFfyHK','USUARIO 681C1',NULL,NULL,NULL,NULL,NULL,NULL,NULL,NULL,1,0,'80687266-6761-43a2-bd98-f42349a9bb63','2019-06-02 01:41:09','2019-06-02 01:41:09'),('4j6num9-kunm-n7yq-wq72','712B1',NULL,'$2y$10$7Nr7lHpeouo.3Swq.mM.3uNu0zjJmyyEGxgTOA1F9UYq7dXSFfyHK','USUARIO 712B1',NULL,NULL,NULL,NULL,NULL,NULL,NULL,NULL,1,0,'80687266-6761-43a2-bd98-f42349a9bb63','2019-06-02 01:41:11','2019-06-02 01:41:11'),('4yr3r19-gjwn-wfn3-zgcp','719C1',NULL,'$2y$10$7Nr7lHpeouo.3Swq.mM.3uNu0zjJmyyEGxgTOA1F9UYq7dXSFfyHK','USUARIO 719C1',NULL,NULL,NULL,NULL,NULL,NULL,NULL,NULL,1,0,'80687266-6761-43a2-bd98-f42349a9bb63','2019-06-02 01:41:12','2019-06-02 01:41:12'),('5d5zmx5-cmep-huhn-efm8','M0NIT0R01',NULL,'$2y$10$qQaDRgCZdK/nDzAlNUQaV.N5361oyrLhEmtosT5Lue78ztyzZV.NW','MONITOR','01',NULL,NULL,NULL,NULL,NULL,NULL,NULL,1,0,'e687cb91-4cdf-4ab2-992f-e76584199c2e','2018-06-27 21:02:57','2018-06-27 21:02:57'),('5ndtine-2ymd-nkb8-p8f6','729C1',NULL,'$2y$10$7Nr7lHpeouo.3Swq.mM.3uNu0zjJmyyEGxgTOA1F9UYq7dXSFfyHK','USUARIO 729C1',NULL,NULL,NULL,NULL,NULL,NULL,NULL,NULL,1,0,'80687266-6761-43a2-bd98-f42349a9bb63','2019-06-02 01:41:16','2019-06-02 01:41:16'),('5tqwd8u-v12a-ai38-9usj','695B1',NULL,'$2y$10$7Nr7lHpeouo.3Swq.mM.3uNu0zjJmyyEGxgTOA1F9UYq7dXSFfyHK','USUARIO 695B1',NULL,NULL,NULL,NULL,NULL,NULL,NULL,NULL,1,0,'80687266-6761-43a2-bd98-f42349a9bb63','2019-06-02 01:41:17','2019-06-02 01:41:17'),('61dw3ci-br6m-cyrv-lmlw','682C1',NULL,'$2y$10$7Nr7lHpeouo.3Swq.mM.3uNu0zjJmyyEGxgTOA1F9UYq7dXSFfyHK','USUARIO 682C1',NULL,NULL,NULL,NULL,NULL,NULL,NULL,NULL,1,0,'80687266-6761-43a2-bd98-f42349a9bb63','2019-06-02 01:41:10','2019-06-02 01:41:10'),('65kogzw-f0i6-rbdt-4doe','715B1',NULL,'$2y$10$7Nr7lHpeouo.3Swq.mM.3uNu0zjJmyyEGxgTOA1F9UYq7dXSFfyHK','USUARIO 715B1',NULL,NULL,NULL,NULL,NULL,NULL,NULL,NULL,1,0,'80687266-6761-43a2-bd98-f42349a9bb63','2019-06-02 01:41:14','2019-06-02 01:41:14'),('69hknkh-wyqc-fovc-unxh','729B1',NULL,'$2y$10$7Nr7lHpeouo.3Swq.mM.3uNu0zjJmyyEGxgTOA1F9UYq7dXSFfyHK','USUARIO 729B1',NULL,NULL,NULL,NULL,NULL,NULL,NULL,NULL,1,0,'80687266-6761-43a2-bd98-f42349a9bb63','2019-06-02 01:41:16','2019-06-02 01:41:16'),('6aodknu-uo18-ixf2-jrwu','681C5',NULL,'$2y$10$7Nr7lHpeouo.3Swq.mM.3uNu0zjJmyyEGxgTOA1F9UYq7dXSFfyHK','USUARIO 681C5',NULL,NULL,NULL,NULL,NULL,NULL,NULL,NULL,1,0,'80687266-6761-43a2-bd98-f42349a9bb63','2019-06-02 01:41:09','2019-06-02 01:41:09'),('6gh17k2-yhnd-na4t-wjqb','702C3',NULL,'$2y$10$7Nr7lHpeouo.3Swq.mM.3uNu0zjJmyyEGxgTOA1F9UYq7dXSFfyHK','USUARIO 702C3',NULL,NULL,NULL,NULL,NULL,NULL,NULL,NULL,1,0,'80687266-6761-43a2-bd98-f42349a9bb63','2019-06-02 01:41:19','2019-06-02 01:41:19'),('6vupjmf-djkr-h4fo-153v','731B1',NULL,'$2y$10$7Nr7lHpeouo.3Swq.mM.3uNu0zjJmyyEGxgTOA1F9UYq7dXSFfyHK','USUARIO 731B1',NULL,NULL,NULL,NULL,NULL,NULL,NULL,NULL,1,0,'80687266-6761-43a2-bd98-f42349a9bb63','2019-06-02 01:41:20','2019-06-02 01:41:20'),('6wqaptr-4r1c-0zau-1pmj','685C1',NULL,'$2y$10$7Nr7lHpeouo.3Swq.mM.3uNu0zjJmyyEGxgTOA1F9UYq7dXSFfyHK','USUARIO 685C1',NULL,NULL,NULL,NULL,NULL,NULL,NULL,NULL,1,0,'80687266-6761-43a2-bd98-f42349a9bb63','2019-06-02 01:41:10','2019-06-02 01:41:10'),('72bddfd3-7d2b-4638-92ca-d101259a1399','ADMIN3','cyaber@vosr.com','$2y$10$c32nMB/IYeTGNy4uY9B1s.RZ4BSWpEeFtDwHxFVQ87ftXVY4YZE5.','Carlos','Lopez','',NULL,'',NULL,'',1,NULL,1,1,'5197c80d-2d30-4225-a757-b31592c9e0f0','2018-05-16 02:07:05','2018-05-16 02:07:05'),('74de4ba-t7qr-wjzr-vn1o','681C4',NULL,'$2y$10$7Nr7lHpeouo.3Swq.mM.3uNu0zjJmyyEGxgTOA1F9UYq7dXSFfyHK','USUARIO 681C4',NULL,NULL,NULL,NULL,NULL,NULL,NULL,NULL,1,0,'80687266-6761-43a2-bd98-f42349a9bb63','2019-06-02 01:41:09','2019-06-02 01:41:09'),('778xmao-5xl5-4cea-wgo8','905B1',NULL,'$2y$10$7Nr7lHpeouo.3Swq.mM.3uNu0zjJmyyEGxgTOA1F9UYq7dXSFfyHK','USUARIO 905B1',NULL,NULL,NULL,NULL,NULL,NULL,NULL,NULL,1,0,'80687266-6761-43a2-bd98-f42349a9bb63','2019-06-02 01:41:13','2019-06-02 01:41:13'),('7dma5p3-aj8z-7w89-oi7l','726B1',NULL,'$2y$10$7Nr7lHpeouo.3Swq.mM.3uNu0zjJmyyEGxgTOA1F9UYq7dXSFfyHK','USUARIO 726B1',NULL,NULL,NULL,NULL,NULL,NULL,NULL,NULL,1,0,'80687266-6761-43a2-bd98-f42349a9bb63','2019-06-02 01:41:12','2019-06-02 01:41:12'),('7fx2cud-0nz1-mrz9-qjw7','686C1',NULL,'$2y$10$7Nr7lHpeouo.3Swq.mM.3uNu0zjJmyyEGxgTOA1F9UYq7dXSFfyHK','USUARIO 686C1',NULL,NULL,NULL,NULL,NULL,NULL,NULL,NULL,1,0,'80687266-6761-43a2-bd98-f42349a9bb63','2019-06-02 01:41:14','2019-06-02 01:41:14'),('7gwrqnl-kviy-5frr-im38','713B1',NULL,'$2y$10$7Nr7lHpeouo.3Swq.mM.3uNu0zjJmyyEGxgTOA1F9UYq7dXSFfyHK','USUARIO 713B1',NULL,NULL,NULL,NULL,NULL,NULL,NULL,NULL,1,0,'80687266-6761-43a2-bd98-f42349a9bb63','2019-06-02 01:41:11','2019-06-02 01:41:11'),('7m5sg3x-966z-x762-9ymu','708C1',NULL,'$2y$10$7Nr7lHpeouo.3Swq.mM.3uNu0zjJmyyEGxgTOA1F9UYq7dXSFfyHK','USUARIO 708C1',NULL,NULL,NULL,NULL,NULL,NULL,NULL,NULL,1,0,'80687266-6761-43a2-bd98-f42349a9bb63','2019-06-02 01:41:15','2019-06-02 01:41:15'),('7slp2nf-zfvv-lqt9-mjt8','694B1',NULL,'$2y$10$7Nr7lHpeouo.3Swq.mM.3uNu0zjJmyyEGxgTOA1F9UYq7dXSFfyHK','USUARIO 694B1',NULL,NULL,NULL,NULL,NULL,NULL,NULL,NULL,1,0,'80687266-6761-43a2-bd98-f42349a9bb63','2019-06-02 01:41:16','2019-06-02 01:41:16'),('86e06920-6035-419d-906f-cc672f90adm2','ADMIN2',NULL,'$2y$10$c32nMB/IYeTGNy4uY9B1s.RZ4BSWpEeFtDwHxFVQ87ftXVY4YZE5.','ULISES','MEJIA',NULL,NULL,NULL,NULL,NULL,NULL,NULL,1,1,'5197c80d-2d30-4225-a757-b31592c9e0f0','2018-05-06 17:20:39','2018-05-06 17:20:39'),('86e06920-6035-419d-906f-cc672f90ea10','ADMIN10',NULL,'$2y$10$c32nMB/IYeTGNy4uY9B1s.RZ4BSWpEeFtDwHxFVQ87ftXVY4YZE5.','ULISES','MEJIA',NULL,NULL,NULL,NULL,NULL,NULL,NULL,1,1,'5197c80d-2d30-4225-a757-b31592c9e0f0','2018-05-06 17:14:41','2018-05-06 17:14:41'),('86e06920-6035-419d-906f-cc672f90ead2','ADMIN2',NULL,'$2y$10$c32nMB/IYeTGNy4uY9B1s.RZ4BSWpEeFtDwHxFVQ87ftXVY4YZE5.','ULISES','MEJIA',NULL,NULL,NULL,NULL,NULL,NULL,NULL,1,1,'5197c80d-2d30-4225-a757-b31592c9e0f0','2018-05-06 17:14:41','2018-05-06 17:14:41'),('86e06920-6035-419d-906f-cc672f90ead3','ADMIN3',NULL,'$2y$10$c32nMB/IYeTGNy4uY9B1s.RZ4BSWpEeFtDwHxFVQ87ftXVY4YZE5.','ULISES','MEJIA',NULL,NULL,NULL,NULL,NULL,NULL,NULL,1,1,'5197c80d-2d30-4225-a757-b31592c9e0f0','2018-05-06 17:14:41','2018-05-06 17:14:41'),('86e06920-6035-419d-906f-cc672f90ead4','ADMIN4',NULL,'$2y$10$c32nMB/IYeTGNy4uY9B1s.RZ4BSWpEeFtDwHxFVQ87ftXVY4YZE5.','ULISES','MEJIA',NULL,NULL,NULL,NULL,NULL,NULL,NULL,1,1,'5197c80d-2d30-4225-a757-b31592c9e0f0','2018-05-06 17:14:41','2018-05-06 17:14:41'),('86e06920-6035-419d-906f-cc672f90ead5','ADMIN5',NULL,'$2y$10$c32nMB/IYeTGNy4uY9B1s.RZ4BSWpEeFtDwHxFVQ87ftXVY4YZE5.','ULISES','MEJIA',NULL,NULL,NULL,NULL,NULL,NULL,NULL,1,1,'5197c80d-2d30-4225-a757-b31592c9e0f0','2018-05-06 17:14:41','2018-05-06 17:14:41'),('86e06920-6035-419d-906f-cc672f90ead6','ADMIN6',NULL,'$2y$10$c32nMB/IYeTGNy4uY9B1s.RZ4BSWpEeFtDwHxFVQ87ftXVY4YZE5.','ULISES','MEJIA',NULL,NULL,NULL,NULL,NULL,NULL,NULL,1,1,'5197c80d-2d30-4225-a757-b31592c9e0f0','2018-05-06 17:14:41','2018-05-06 17:14:41'),('86e06920-6035-419d-906f-cc672f90ead7','ADMIN7',NULL,'$2y$10$c32nMB/IYeTGNy4uY9B1s.RZ4BSWpEeFtDwHxFVQ87ftXVY4YZE5.','ULISES','MEJIA',NULL,NULL,NULL,NULL,NULL,NULL,NULL,1,1,'5197c80d-2d30-4225-a757-b31592c9e0f0','2018-05-06 17:14:41','2018-05-06 17:14:41'),('86e06920-6035-419d-906f-cc672f90ead8','ADMIN8',NULL,'$2y$10$c32nMB/IYeTGNy4uY9B1s.RZ4BSWpEeFtDwHxFVQ87ftXVY4YZE5.','ULISES','MEJIA',NULL,NULL,NULL,NULL,NULL,NULL,NULL,1,1,'5197c80d-2d30-4225-a757-b31592c9e0f0','2018-05-06 17:14:41','2018-05-06 17:14:41'),('86e06920-6035-419d-906f-cc672f90ead9','ADMIN9',NULL,'$2y$10$c32nMB/IYeTGNy4uY9B1s.RZ4BSWpEeFtDwHxFVQ87ftXVY4YZE5.','ULISES','MEJIA',NULL,NULL,NULL,NULL,NULL,NULL,NULL,1,1,'5197c80d-2d30-4225-a757-b31592c9e0f0','2018-05-06 17:14:41','2018-05-06 17:14:41'),('86e06920-6035-419d-906f-cc672f90eadm','ADMIN1',NULL,'$2y$10$c32nMB/IYeTGNy4uY9B1s.RZ4BSWpEeFtDwHxFVQ87ftXVY4YZE5.','ULISES','MEJIA',NULL,NULL,NULL,NULL,NULL,NULL,NULL,1,1,'5197c80d-2d30-4225-a757-b31592c9e0f0','2018-05-06 17:14:41','2018-05-06 17:14:41'),('8ih9bnl-vjhz-6u47-izuu','716B1',NULL,'$2y$10$7Nr7lHpeouo.3Swq.mM.3uNu0zjJmyyEGxgTOA1F9UYq7dXSFfyHK','USUARIO 716B1',NULL,NULL,NULL,NULL,NULL,NULL,NULL,NULL,1,0,'80687266-6761-43a2-bd98-f42349a9bb63','2019-06-02 01:41:15','2019-06-02 01:41:15'),('8zck0md-rb35-iu2g-v0iv','680C2',NULL,'$2y$10$7Nr7lHpeouo.3Swq.mM.3uNu0zjJmyyEGxgTOA1F9UYq7dXSFfyHK','USUARIO 680C2',NULL,NULL,NULL,NULL,NULL,NULL,NULL,NULL,1,0,'80687266-6761-43a2-bd98-f42349a9bb63','2019-06-02 01:41:08','2019-06-02 01:41:08'),('9rcia9y-yzdn-5bln-tmpc','908B1',NULL,'$2y$10$7Nr7lHpeouo.3Swq.mM.3uNu0zjJmyyEGxgTOA1F9UYq7dXSFfyHK','USUARIO 908B1',NULL,NULL,NULL,NULL,NULL,NULL,NULL,NULL,1,0,'80687266-6761-43a2-bd98-f42349a9bb63','2019-06-02 01:41:13','2019-06-02 01:41:13'),('9udb2ju-2wqr-n9u6-5102','669C1',NULL,'$2y$10$7Nr7lHpeouo.3Swq.mM.3uNu0zjJmyyEGxgTOA1F9UYq7dXSFfyHK','USUARIO 669C1',NULL,NULL,NULL,NULL,NULL,NULL,NULL,NULL,1,0,'80687266-6761-43a2-bd98-f42349a9bb63','2019-06-02 01:41:07','2019-06-02 01:41:07'),('a1mqle7-mzgw-f5lp-k2kr','692B1',NULL,'$2y$10$7Nr7lHpeouo.3Swq.mM.3uNu0zjJmyyEGxgTOA1F9UYq7dXSFfyHK','USUARIO 692B1',NULL,NULL,NULL,NULL,NULL,NULL,NULL,NULL,1,0,'80687266-6761-43a2-bd98-f42349a9bb63','2019-06-02 01:41:14','2019-06-02 01:41:14'),('az9zs5i-6y9n-j1ey-ieqz','674C2',NULL,'$2y$10$7Nr7lHpeouo.3Swq.mM.3uNu0zjJmyyEGxgTOA1F9UYq7dXSFfyHK','USUARIO 674C2',NULL,NULL,NULL,NULL,NULL,NULL,NULL,NULL,1,0,'80687266-6761-43a2-bd98-f42349a9bb63','2019-06-02 01:41:20','2019-06-02 01:41:20'),('bbf0vd5-1dvu-tsro-4t57','730B1',NULL,'$2y$10$7Nr7lHpeouo.3Swq.mM.3uNu0zjJmyyEGxgTOA1F9UYq7dXSFfyHK','USUARIO 730B1',NULL,NULL,NULL,NULL,NULL,NULL,NULL,NULL,1,0,'80687266-6761-43a2-bd98-f42349a9bb63','2019-06-02 01:41:20','2019-06-02 01:41:20'),('bdyjuxe-1ou8-iqla-ecu6','911B1',NULL,'$2y$10$7Nr7lHpeouo.3Swq.mM.3uNu0zjJmyyEGxgTOA1F9UYq7dXSFfyHK','USUARIO 911B1',NULL,NULL,NULL,NULL,NULL,NULL,NULL,NULL,1,0,'80687266-6761-43a2-bd98-f42349a9bb63','2019-06-02 01:41:13','2019-06-02 01:41:13'),('bg8nbfb-xji6-nqy8-imbz','691B1',NULL,'$2y$10$7Nr7lHpeouo.3Swq.mM.3uNu0zjJmyyEGxgTOA1F9UYq7dXSFfyHK','USUARIO 691B1',NULL,NULL,NULL,NULL,NULL,NULL,NULL,NULL,1,0,'80687266-6761-43a2-bd98-f42349a9bb63','2019-06-02 01:41:11','2019-06-02 01:41:11'),('bjqqp1n-h1to-4zi5-v71q','704B1',NULL,'$2y$10$7Nr7lHpeouo.3Swq.mM.3uNu0zjJmyyEGxgTOA1F9UYq7dXSFfyHK','USUARIO 704B1',NULL,NULL,NULL,NULL,NULL,NULL,NULL,NULL,1,0,'80687266-6761-43a2-bd98-f42349a9bb63','2019-06-02 01:41:19','2019-06-02 01:41:19'),('bl1if6q-ev81-mjzd-nr0x','706B1',NULL,'$2y$10$7Nr7lHpeouo.3Swq.mM.3uNu0zjJmyyEGxgTOA1F9UYq7dXSFfyHK','USUARIO 706B1',NULL,NULL,NULL,NULL,NULL,NULL,NULL,NULL,1,0,'80687266-6761-43a2-bd98-f42349a9bb63','2019-06-02 01:41:19','2019-06-02 01:41:19'),('bthmq38-hjxp-2zxo-qkjr','702C2',NULL,'$2y$10$7Nr7lHpeouo.3Swq.mM.3uNu0zjJmyyEGxgTOA1F9UYq7dXSFfyHK','USUARIO 702C2',NULL,NULL,NULL,NULL,NULL,NULL,NULL,NULL,1,0,'80687266-6761-43a2-bd98-f42349a9bb63','2019-06-02 01:41:19','2019-06-02 01:41:19'),('cffvjgn-f77m-kngj-verg','700B1',NULL,'$2y$10$7Nr7lHpeouo.3Swq.mM.3uNu0zjJmyyEGxgTOA1F9UYq7dXSFfyHK','USUARIO 700B1',NULL,NULL,NULL,NULL,NULL,NULL,NULL,NULL,1,0,'80687266-6761-43a2-bd98-f42349a9bb63','2019-06-02 01:41:18','2019-06-02 01:41:18'),('dg2071h-136d-0881-i60k','683C1',NULL,'$2y$10$7Nr7lHpeouo.3Swq.mM.3uNu0zjJmyyEGxgTOA1F9UYq7dXSFfyHK','USUARIO 683C1',NULL,NULL,NULL,NULL,NULL,NULL,NULL,NULL,1,0,'80687266-6761-43a2-bd98-f42349a9bb63','2019-06-02 01:41:10','2019-06-02 01:41:10'),('dqrcj0u-rp7i-9x9m-2g44','715C1',NULL,'$2y$10$7Nr7lHpeouo.3Swq.mM.3uNu0zjJmyyEGxgTOA1F9UYq7dXSFfyHK','USUARIO 715C1',NULL,NULL,NULL,NULL,NULL,NULL,NULL,NULL,1,0,'80687266-6761-43a2-bd98-f42349a9bb63','2019-06-02 01:41:14','2019-06-02 01:41:14'),('dveol4d-0a4g-nd2g-tlm6','714C1',NULL,'$2y$10$7Nr7lHpeouo.3Swq.mM.3uNu0zjJmyyEGxgTOA1F9UYq7dXSFfyHK','USUARIO 714C1',NULL,NULL,NULL,NULL,NULL,NULL,NULL,NULL,1,0,'80687266-6761-43a2-bd98-f42349a9bb63','2019-06-02 01:41:12','2019-06-02 01:41:12'),('dyp1jsn-qqwu-w3ag-k5la','729C2',NULL,'$2y$10$7Nr7lHpeouo.3Swq.mM.3uNu0zjJmyyEGxgTOA1F9UYq7dXSFfyHK','USUARIO 729C2',NULL,NULL,NULL,NULL,NULL,NULL,NULL,NULL,1,0,'80687266-6761-43a2-bd98-f42349a9bb63','2019-06-02 01:41:16','2019-06-02 01:41:16'),('e3vpju7-7uy8-xgxf-419s','721B1',NULL,'$2y$10$7Nr7lHpeouo.3Swq.mM.3uNu0zjJmyyEGxgTOA1F9UYq7dXSFfyHK','USUARIO 721B1',NULL,NULL,NULL,NULL,NULL,NULL,NULL,NULL,1,0,'80687266-6761-43a2-bd98-f42349a9bb63','2019-06-02 01:41:12','2019-06-02 01:41:12'),('ea9zyc0-fchd-88x0-a9dv','718C1',NULL,'$2y$10$7Nr7lHpeouo.3Swq.mM.3uNu0zjJmyyEGxgTOA1F9UYq7dXSFfyHK','USUARIO 718C1',NULL,NULL,NULL,NULL,NULL,NULL,NULL,NULL,1,0,'80687266-6761-43a2-bd98-f42349a9bb63','2019-06-02 01:41:12','2019-06-02 01:41:12'),('eba8zzp-6ssn-f2b4-1tan','672B1',NULL,'$2y$10$7Nr7lHpeouo.3Swq.mM.3uNu0zjJmyyEGxgTOA1F9UYq7dXSFfyHK','USUARIO 672B1',NULL,NULL,NULL,NULL,NULL,NULL,NULL,NULL,1,0,'80687266-6761-43a2-bd98-f42349a9bb63','2019-06-02 01:41:08','2019-06-02 01:41:08'),('ehtrdgc-pc89-2i3o-rug4','709C3',NULL,'$2y$10$7Nr7lHpeouo.3Swq.mM.3uNu0zjJmyyEGxgTOA1F9UYq7dXSFfyHK','USUARIO 709C3',NULL,NULL,NULL,NULL,NULL,NULL,NULL,NULL,1,0,'80687266-6761-43a2-bd98-f42349a9bb63','2019-06-02 01:41:17','2019-06-02 01:41:17'),('esrmh46-88sc-rqbd-o3pd','725C2',NULL,'$2y$10$7Nr7lHpeouo.3Swq.mM.3uNu0zjJmyyEGxgTOA1F9UYq7dXSFfyHK','USUARIO 725C2',NULL,NULL,NULL,NULL,NULL,NULL,NULL,NULL,1,0,'80687266-6761-43a2-bd98-f42349a9bb63','2019-06-02 01:41:16','2019-06-02 01:41:16'),('eumbwdm-pbun-vfg8-e7o4','714B1',NULL,'$2y$10$7Nr7lHpeouo.3Swq.mM.3uNu0zjJmyyEGxgTOA1F9UYq7dXSFfyHK','USUARIO 714B1',NULL,NULL,NULL,NULL,NULL,NULL,NULL,NULL,1,0,'80687266-6761-43a2-bd98-f42349a9bb63','2019-06-02 01:41:11','2019-06-02 01:41:11'),('ez5nw7g-e25d-9w1t-0huy','668C1',NULL,'$2y$10$7Nr7lHpeouo.3Swq.mM.3uNu0zjJmyyEGxgTOA1F9UYq7dXSFfyHK','USUARIO 668C1',NULL,NULL,NULL,NULL,NULL,NULL,NULL,NULL,1,0,'80687266-6761-43a2-bd98-f42349a9bb63','2019-06-02 01:41:06','2019-06-02 01:41:06'),('f7r1o7h-iqc4-09bb-zezu','720B1',NULL,'$2y$10$7Nr7lHpeouo.3Swq.mM.3uNu0zjJmyyEGxgTOA1F9UYq7dXSFfyHK','USUARIO 720B1',NULL,NULL,NULL,NULL,NULL,NULL,NULL,NULL,1,0,'80687266-6761-43a2-bd98-f42349a9bb63','2019-06-02 01:41:13','2019-06-02 01:41:13'),('feyfr6k-6bg2-ifv3-4wcn','675C2',NULL,'$2y$10$7Nr7lHpeouo.3Swq.mM.3uNu0zjJmyyEGxgTOA1F9UYq7dXSFfyHK','USUARIO 675C2',NULL,NULL,NULL,NULL,NULL,NULL,NULL,NULL,1,0,'80687266-6761-43a2-bd98-f42349a9bb63','2019-06-02 01:41:09','2019-06-02 01:41:09'),('fksvbt6-x9mv-48o0-2rfm','727B1',NULL,'$2y$10$7Nr7lHpeouo.3Swq.mM.3uNu0zjJmyyEGxgTOA1F9UYq7dXSFfyHK','USUARIO 727B1',NULL,NULL,NULL,NULL,NULL,NULL,NULL,NULL,1,0,'80687266-6761-43a2-bd98-f42349a9bb63','2019-06-02 01:41:13','2019-06-02 01:41:13'),('fp66bcr-i795-dnpv-3s49','709C1',NULL,'$2y$10$7Nr7lHpeouo.3Swq.mM.3uNu0zjJmyyEGxgTOA1F9UYq7dXSFfyHK','USUARIO 709C1',NULL,NULL,NULL,NULL,NULL,NULL,NULL,NULL,1,0,'80687266-6761-43a2-bd98-f42349a9bb63','2019-06-02 01:41:17','2019-06-02 01:41:17'),('frhkuua-5qyk-86m2-fzv2','668B1',NULL,'$2y$10$7Nr7lHpeouo.3Swq.mM.3uNu0zjJmyyEGxgTOA1F9UYq7dXSFfyHK','USUARIO 668B1',NULL,NULL,NULL,NULL,NULL,NULL,NULL,NULL,1,0,'80687266-6761-43a2-bd98-f42349a9bb63','2019-06-02 01:41:06','2019-06-02 01:41:06'),('fw3s3jo-gnnq-oppz-01kz','680C5',NULL,'$2y$10$7Nr7lHpeouo.3Swq.mM.3uNu0zjJmyyEGxgTOA1F9UYq7dXSFfyHK','USUARIO 680C5',NULL,NULL,NULL,NULL,NULL,NULL,NULL,NULL,1,0,'80687266-6761-43a2-bd98-f42349a9bb63','2019-06-02 01:41:08','2019-06-02 01:41:08'),('fz5mltq-ittx-dgfc-du1z','690B1',NULL,'$2y$10$7Nr7lHpeouo.3Swq.mM.3uNu0zjJmyyEGxgTOA1F9UYq7dXSFfyHK','USUARIO 690B1',NULL,NULL,NULL,NULL,NULL,NULL,NULL,NULL,1,0,'80687266-6761-43a2-bd98-f42349a9bb63','2019-06-02 01:41:11','2019-06-02 01:41:11'),('gpxmhy2-75ba-x6pa-l6yz','683B1',NULL,'$2y$10$7Nr7lHpeouo.3Swq.mM.3uNu0zjJmyyEGxgTOA1F9UYq7dXSFfyHK','USUARIO 683B1',NULL,NULL,NULL,NULL,NULL,NULL,NULL,NULL,1,0,'80687266-6761-43a2-bd98-f42349a9bb63','2019-06-02 01:41:10','2019-06-02 01:41:10'),('gykjdj3-xtta-rirp-805q','723B1',NULL,'$2y$10$7Nr7lHpeouo.3Swq.mM.3uNu0zjJmyyEGxgTOA1F9UYq7dXSFfyHK','USUARIO 723B1',NULL,NULL,NULL,NULL,NULL,NULL,NULL,NULL,1,0,'80687266-6761-43a2-bd98-f42349a9bb63','2019-06-02 01:41:15','2019-06-02 01:41:15'),('hfbjwft-dkee-txmg-z0r4','701C1',NULL,'$2y$10$7Nr7lHpeouo.3Swq.mM.3uNu0zjJmyyEGxgTOA1F9UYq7dXSFfyHK','USUARIO 701C1',NULL,NULL,NULL,NULL,NULL,NULL,NULL,NULL,1,0,'80687266-6761-43a2-bd98-f42349a9bb63','2019-06-02 01:41:18','2019-06-02 01:41:18'),('hgnl71h-5q57-22dz-cpqf','677B1',NULL,'$2y$10$7Nr7lHpeouo.3Swq.mM.3uNu0zjJmyyEGxgTOA1F9UYq7dXSFfyHK','USUARIO 677B1',NULL,NULL,NULL,NULL,NULL,NULL,NULL,NULL,1,0,'80687266-6761-43a2-bd98-f42349a9bb63','2019-06-02 01:41:07','2019-06-02 01:41:07'),('hgv9h2l-kkk4-zvau-6n6p','696B1',NULL,'$2y$10$7Nr7lHpeouo.3Swq.mM.3uNu0zjJmyyEGxgTOA1F9UYq7dXSFfyHK','USUARIO 696B1',NULL,NULL,NULL,NULL,NULL,NULL,NULL,NULL,1,0,'80687266-6761-43a2-bd98-f42349a9bb63','2019-06-02 01:41:17','2019-06-02 01:41:17'),('hmbdxjn-ke0y-z1hi-fmsv','688C1',NULL,'$2y$10$7Nr7lHpeouo.3Swq.mM.3uNu0zjJmyyEGxgTOA1F9UYq7dXSFfyHK','USUARIO 688C1',NULL,NULL,NULL,NULL,NULL,NULL,NULL,NULL,1,0,'80687266-6761-43a2-bd98-f42349a9bb63','2019-06-02 01:41:11','2019-06-02 01:41:11'),('hn4z28d-t4up-w542-eqwo','681C6',NULL,'$2y$10$7Nr7lHpeouo.3Swq.mM.3uNu0zjJmyyEGxgTOA1F9UYq7dXSFfyHK','USUARIO 681C6',NULL,NULL,NULL,NULL,NULL,NULL,NULL,NULL,1,0,'80687266-6761-43a2-bd98-f42349a9bb63','2019-06-02 01:41:09','2019-06-02 01:41:09'),('hzw2ei3-cewr-l3cy-cn0i','cristinaT',NULL,'$2y$10$c32nMB/IYeTGNy4uY9B1s.RZ4BSWpEeFtDwHxFVQ87ftXVY4YZE5.','CRISTINA','TORRES',NULL,NULL,NULL,NULL,NULL,NULL,NULL,1,1,'5197c80d-2d30-4225-a757-b31592c9e0f0','2018-06-27 21:43:12','2018-06-27 21:43:12'),('i3l7758-9ngs-2shj-mc8y','709C2',NULL,'$2y$10$7Nr7lHpeouo.3Swq.mM.3uNu0zjJmyyEGxgTOA1F9UYq7dXSFfyHK','USUARIO 709C2',NULL,NULL,NULL,NULL,NULL,NULL,NULL,NULL,1,0,'80687266-6761-43a2-bd98-f42349a9bb63','2019-06-02 01:41:17','2019-06-02 01:41:17'),('i94dqzn-2zie-e0w5-f6yv','694C1',NULL,'$2y$10$7Nr7lHpeouo.3Swq.mM.3uNu0zjJmyyEGxgTOA1F9UYq7dXSFfyHK','USUARIO 694C1',NULL,NULL,NULL,NULL,NULL,NULL,NULL,NULL,1,0,'80687266-6761-43a2-bd98-f42349a9bb63','2019-06-02 01:41:16','2019-06-02 01:41:16'),('iz18ftt-t8dm-jt1n-5r6y','724B1',NULL,'$2y$10$7Nr7lHpeouo.3Swq.mM.3uNu0zjJmyyEGxgTOA1F9UYq7dXSFfyHK','USUARIO 724B1',NULL,NULL,NULL,NULL,NULL,NULL,NULL,NULL,1,0,'80687266-6761-43a2-bd98-f42349a9bb63','2019-06-02 01:41:15','2019-06-02 01:41:15'),('jdazo04-4hcq-c1ho-gf0b','710C1',NULL,'$2y$10$7Nr7lHpeouo.3Swq.mM.3uNu0zjJmyyEGxgTOA1F9UYq7dXSFfyHK','USUARIO 710C1',NULL,NULL,NULL,NULL,NULL,NULL,NULL,NULL,1,0,'80687266-6761-43a2-bd98-f42349a9bb63','2019-06-02 01:41:14','2019-06-02 01:41:14'),('jlfwlew-rfbh-9j5q-3g1a','699B1',NULL,'$2y$10$7Nr7lHpeouo.3Swq.mM.3uNu0zjJmyyEGxgTOA1F9UYq7dXSFfyHK','USUARIO 699B1',NULL,NULL,NULL,NULL,NULL,NULL,NULL,NULL,1,0,'80687266-6761-43a2-bd98-f42349a9bb63','2019-06-02 01:41:18','2019-06-02 01:41:18'),('kcxg9sb-3dnm-p8gj-lkj2','717C1',NULL,'$2y$10$7Nr7lHpeouo.3Swq.mM.3uNu0zjJmyyEGxgTOA1F9UYq7dXSFfyHK','USUARIO 717C1',NULL,NULL,NULL,NULL,NULL,NULL,NULL,NULL,1,0,'80687266-6761-43a2-bd98-f42349a9bb63','2019-06-02 01:41:15','2019-06-02 01:41:15'),('ks323ik-gt4u-qnnc-fzcu','695C1',NULL,'$2y$10$7Nr7lHpeouo.3Swq.mM.3uNu0zjJmyyEGxgTOA1F9UYq7dXSFfyHK','USUARIO 695C1',NULL,NULL,NULL,NULL,NULL,NULL,NULL,NULL,1,0,'80687266-6761-43a2-bd98-f42349a9bb63','2019-06-02 01:41:17','2019-06-02 01:41:17'),('lxi0rem-3gg7-2mgm-c0k7','698B1',NULL,'$2y$10$7Nr7lHpeouo.3Swq.mM.3uNu0zjJmyyEGxgTOA1F9UYq7dXSFfyHK','USUARIO 698B1',NULL,NULL,NULL,NULL,NULL,NULL,NULL,NULL,1,0,'80687266-6761-43a2-bd98-f42349a9bb63','2019-06-02 01:41:18','2019-06-02 01:41:18'),('lzhyzwh-u5sc-tlll-n5ry','680C4',NULL,'$2y$10$7Nr7lHpeouo.3Swq.mM.3uNu0zjJmyyEGxgTOA1F9UYq7dXSFfyHK','USUARIO 680C4',NULL,NULL,NULL,NULL,NULL,NULL,NULL,NULL,1,0,'80687266-6761-43a2-bd98-f42349a9bb63','2019-06-02 01:41:08','2019-06-02 01:41:08'),('m4k9sro-78ct-qko2-fgco','671C1',NULL,'$2y$10$7Nr7lHpeouo.3Swq.mM.3uNu0zjJmyyEGxgTOA1F9UYq7dXSFfyHK','USUARIO 671C1',NULL,NULL,NULL,NULL,NULL,NULL,NULL,NULL,1,0,'80687266-6761-43a2-bd98-f42349a9bb63','2019-06-02 01:41:07','2019-06-02 01:41:07'),('mcp9tas-62x7-lhvt-wl52','702B1',NULL,'$2y$10$7Nr7lHpeouo.3Swq.mM.3uNu0zjJmyyEGxgTOA1F9UYq7dXSFfyHK','USUARIO 702B1',NULL,NULL,NULL,NULL,NULL,NULL,NULL,NULL,1,0,'80687266-6761-43a2-bd98-f42349a9bb63','2019-06-02 01:41:18','2019-06-02 01:41:18'),('mdygfpg-zm05-crk3-m2kt','700C1',NULL,'$2y$10$7Nr7lHpeouo.3Swq.mM.3uNu0zjJmyyEGxgTOA1F9UYq7dXSFfyHK','USUARIO 700C1',NULL,NULL,NULL,NULL,NULL,NULL,NULL,NULL,1,0,'80687266-6761-43a2-bd98-f42349a9bb63','2019-06-02 01:41:18','2019-06-02 01:41:18'),('mj1zsdo-0clq-e377-g4gy','675C1',NULL,'$2y$10$7Nr7lHpeouo.3Swq.mM.3uNu0zjJmyyEGxgTOA1F9UYq7dXSFfyHK','USUARIO 675C1',NULL,NULL,NULL,NULL,NULL,NULL,NULL,NULL,1,0,'80687266-6761-43a2-bd98-f42349a9bb63','2019-06-02 01:41:09','2019-06-02 01:41:09'),('mt5qjfn-qszn-v0v6-51ql','697B1',NULL,'$2y$10$7Nr7lHpeouo.3Swq.mM.3uNu0zjJmyyEGxgTOA1F9UYq7dXSFfyHK','USUARIO 697B1',NULL,NULL,NULL,NULL,NULL,NULL,NULL,NULL,1,0,'80687266-6761-43a2-bd98-f42349a9bb63','2019-06-02 01:41:18','2019-06-02 01:41:18'),('mv30vt1-jhtc-2qyo-fsji','721C1',NULL,'$2y$10$7Nr7lHpeouo.3Swq.mM.3uNu0zjJmyyEGxgTOA1F9UYq7dXSFfyHK','USUARIO 721C1',NULL,NULL,NULL,NULL,NULL,NULL,NULL,NULL,1,0,'80687266-6761-43a2-bd98-f42349a9bb63','2019-06-02 01:41:12','2019-06-02 01:41:12'),('n1ljwmi-p9z9-f2wi-ycbx','719B1',NULL,'$2y$10$7Nr7lHpeouo.3Swq.mM.3uNu0zjJmyyEGxgTOA1F9UYq7dXSFfyHK','USUARIO 719B1',NULL,NULL,NULL,NULL,NULL,NULL,NULL,NULL,1,0,'80687266-6761-43a2-bd98-f42349a9bb63','2019-06-02 01:41:12','2019-06-02 01:41:12'),('n4ouwej-r946-y29f-1gbb','711C1',NULL,'$2y$10$7Nr7lHpeouo.3Swq.mM.3uNu0zjJmyyEGxgTOA1F9UYq7dXSFfyHK','USUARIO 711C1',NULL,NULL,NULL,NULL,NULL,NULL,NULL,NULL,1,0,'80687266-6761-43a2-bd98-f42349a9bb63','2019-06-02 01:41:11','2019-06-02 01:41:11'),('n6m3trk-o3h8-o4yz-vzi8','704C1',NULL,'$2y$10$7Nr7lHpeouo.3Swq.mM.3uNu0zjJmyyEGxgTOA1F9UYq7dXSFfyHK','USUARIO 704C1',NULL,NULL,NULL,NULL,NULL,NULL,NULL,NULL,1,0,'80687266-6761-43a2-bd98-f42349a9bb63','2019-06-02 01:41:19','2019-06-02 01:41:19'),('nq9luh5-jwyi-yaz8-14cy','685B1',NULL,'$2y$10$7Nr7lHpeouo.3Swq.mM.3uNu0zjJmyyEGxgTOA1F9UYq7dXSFfyHK','USUARIO 685B1',NULL,NULL,NULL,NULL,NULL,NULL,NULL,NULL,1,0,'80687266-6761-43a2-bd98-f42349a9bb63','2019-06-02 01:41:10','2019-06-02 01:41:10'),('nwp9klz-hcqg-srea-aool','701B1',NULL,'$2y$10$7Nr7lHpeouo.3Swq.mM.3uNu0zjJmyyEGxgTOA1F9UYq7dXSFfyHK','USUARIO 701B1',NULL,NULL,NULL,NULL,NULL,NULL,NULL,NULL,1,0,'80687266-6761-43a2-bd98-f42349a9bb63','2019-06-02 01:41:18','2019-06-02 01:41:18'),('oauw0v3-hcvk-mou8-6ycg','705C1',NULL,'$2y$10$7Nr7lHpeouo.3Swq.mM.3uNu0zjJmyyEGxgTOA1F9UYq7dXSFfyHK','USUARIO 705C1',NULL,NULL,NULL,NULL,NULL,NULL,NULL,NULL,1,0,'80687266-6761-43a2-bd98-f42349a9bb63','2019-06-02 01:41:19','2019-06-02 01:41:19'),('oecep70-0gir-wser-jkd2','687B1',NULL,'$2y$10$7Nr7lHpeouo.3Swq.mM.3uNu0zjJmyyEGxgTOA1F9UYq7dXSFfyHK','USUARIO 687B1',NULL,NULL,NULL,NULL,NULL,NULL,NULL,NULL,1,0,'80687266-6761-43a2-bd98-f42349a9bb63','2019-06-02 01:41:14','2019-06-02 01:41:14'),('ooi9w12-xbc9-snek-pro9','737C1',NULL,'$2y$10$7Nr7lHpeouo.3Swq.mM.3uNu0zjJmyyEGxgTOA1F9UYq7dXSFfyHK','USUARIO 737C1',NULL,NULL,NULL,NULL,NULL,NULL,NULL,NULL,1,0,'80687266-6761-43a2-bd98-f42349a9bb63','2019-06-02 01:41:16','2019-06-02 01:41:16'),('p1sx8rg-s0u5-9im6-itrm','900B1',NULL,'$2y$10$7Nr7lHpeouo.3Swq.mM.3uNu0zjJmyyEGxgTOA1F9UYq7dXSFfyHK','USUARIO 900B1',NULL,NULL,NULL,NULL,NULL,NULL,NULL,NULL,1,0,'80687266-6761-43a2-bd98-f42349a9bb63','2019-06-02 01:41:12','2019-06-02 01:41:12'),('ph2pvmj-0vyy-qszv-6qdn','674C1',NULL,'$2y$10$7Nr7lHpeouo.3Swq.mM.3uNu0zjJmyyEGxgTOA1F9UYq7dXSFfyHK','USUARIO 674C1',NULL,NULL,NULL,NULL,NULL,NULL,NULL,NULL,1,0,'80687266-6761-43a2-bd98-f42349a9bb63','2019-06-02 01:41:20','2019-06-02 01:41:20'),('phxtqko-45xe-4vn6-86zg','672C1',NULL,'$2y$10$7Nr7lHpeouo.3Swq.mM.3uNu0zjJmyyEGxgTOA1F9UYq7dXSFfyHK','USUARIO 672C1',NULL,NULL,NULL,NULL,NULL,NULL,NULL,NULL,1,0,'80687266-6761-43a2-bd98-f42349a9bb63','2019-06-02 01:41:08','2019-06-02 01:41:08'),('pln3m0m-6d9x-6jnb-91ba','696C1',NULL,'$2y$10$7Nr7lHpeouo.3Swq.mM.3uNu0zjJmyyEGxgTOA1F9UYq7dXSFfyHK','USUARIO 696C1',NULL,NULL,NULL,NULL,NULL,NULL,NULL,NULL,1,0,'80687266-6761-43a2-bd98-f42349a9bb63','2019-06-02 01:41:17','2019-06-02 01:41:17'),('py6uxdp-zijf-kfpa-wcl5','702C4',NULL,'$2y$10$7Nr7lHpeouo.3Swq.mM.3uNu0zjJmyyEGxgTOA1F9UYq7dXSFfyHK','USUARIO 702C4',NULL,NULL,NULL,NULL,NULL,NULL,NULL,NULL,1,0,'80687266-6761-43a2-bd98-f42349a9bb63','2019-06-02 01:41:19','2019-06-02 01:41:19'),('q198oq5-pw1u-8qdt-ia9l','718C2',NULL,'$2y$10$7Nr7lHpeouo.3Swq.mM.3uNu0zjJmyyEGxgTOA1F9UYq7dXSFfyHK','USUARIO 718C2',NULL,NULL,NULL,NULL,NULL,NULL,NULL,NULL,1,0,'80687266-6761-43a2-bd98-f42349a9bb63','2019-06-02 01:41:12','2019-06-02 01:41:12'),('q2ss7g9-io7r-js3a-oz3f','678B1',NULL,'$2y$10$7Nr7lHpeouo.3Swq.mM.3uNu0zjJmyyEGxgTOA1F9UYq7dXSFfyHK','USUARIO 678B1',NULL,NULL,NULL,NULL,NULL,NULL,NULL,NULL,1,0,'80687266-6761-43a2-bd98-f42349a9bb63','2019-06-02 01:41:07','2019-06-02 01:41:07'),('qo62c3k-mz6c-k2w9-attj','675C3',NULL,'$2y$10$7Nr7lHpeouo.3Swq.mM.3uNu0zjJmyyEGxgTOA1F9UYq7dXSFfyHK','USUARIO 675C3',NULL,NULL,NULL,NULL,NULL,NULL,NULL,NULL,1,0,'80687266-6761-43a2-bd98-f42349a9bb63','2019-06-02 01:41:09','2019-06-02 01:41:09'),('qw3oh26-wwab-ey8i-pvvx','707B1',NULL,'$2y$10$7Nr7lHpeouo.3Swq.mM.3uNu0zjJmyyEGxgTOA1F9UYq7dXSFfyHK','USUARIO 707B1',NULL,NULL,NULL,NULL,NULL,NULL,NULL,NULL,1,0,'80687266-6761-43a2-bd98-f42349a9bb63','2019-06-02 01:41:20','2019-06-02 01:41:20'),('r1b6s2g-ikz9-ooqv-owzq','732B1',NULL,'$2y$10$7Nr7lHpeouo.3Swq.mM.3uNu0zjJmyyEGxgTOA1F9UYq7dXSFfyHK','USUARIO 732B1',NULL,NULL,NULL,NULL,NULL,NULL,NULL,NULL,1,0,'80687266-6761-43a2-bd98-f42349a9bb63','2019-06-02 01:41:20','2019-06-02 01:41:20'),('rdnkzzk-4392-20jb-gbas','728B1',NULL,'$2y$10$7Nr7lHpeouo.3Swq.mM.3uNu0zjJmyyEGxgTOA1F9UYq7dXSFfyHK','USUARIO 728B1',NULL,NULL,NULL,NULL,NULL,NULL,NULL,NULL,1,0,'80687266-6761-43a2-bd98-f42349a9bb63','2019-06-02 01:41:13','2019-06-02 01:41:13'),('rv48ac3-pwl7-dob1-0hvr','703B1',NULL,'$2y$10$7Nr7lHpeouo.3Swq.mM.3uNu0zjJmyyEGxgTOA1F9UYq7dXSFfyHK','USUARIO 703B1',NULL,NULL,NULL,NULL,NULL,NULL,NULL,NULL,1,0,'80687266-6761-43a2-bd98-f42349a9bb63','2019-06-02 01:41:19','2019-06-02 01:41:19'),('s1isf8z-3jei-z4kv-yufc','694C3',NULL,'$2y$10$7Nr7lHpeouo.3Swq.mM.3uNu0zjJmyyEGxgTOA1F9UYq7dXSFfyHK','USUARIO 694C3',NULL,NULL,NULL,NULL,NULL,NULL,NULL,NULL,1,0,'80687266-6761-43a2-bd98-f42349a9bb63','2019-06-02 01:41:16','2019-06-02 01:41:16'),('s2a97v6-idw8-dbw4-y39t','carlosJ',NULL,'$2y$10$c32nMB/IYeTGNy4uY9B1s.RZ4BSWpEeFtDwHxFVQ87ftXVY4YZE5.','CARLOS','JOAQUIN GONZALEZ',NULL,NULL,NULL,NULL,NULL,NULL,NULL,1,1,'5197c80d-2d30-4225-a757-b31592c9e0f0','2018-06-27 21:43:12','2018-06-27 21:43:12'),('sbkjgkp-lk3a-ybgw-jy3k','679B1',NULL,'$2y$10$7Nr7lHpeouo.3Swq.mM.3uNu0zjJmyyEGxgTOA1F9UYq7dXSFfyHK','USUARIO 679B1',NULL,NULL,NULL,NULL,NULL,NULL,NULL,NULL,1,0,'80687266-6761-43a2-bd98-f42349a9bb63','2019-06-02 01:41:07','2019-06-02 01:41:07'),('shaff0i-pzxv-o64b-255j','694C5',NULL,'$2y$10$7Nr7lHpeouo.3Swq.mM.3uNu0zjJmyyEGxgTOA1F9UYq7dXSFfyHK','USUARIO 694C5',NULL,NULL,NULL,NULL,NULL,NULL,NULL,NULL,1,0,'80687266-6761-43a2-bd98-f42349a9bb63','2019-06-02 01:41:17','2019-06-02 01:41:17'),('shpllbj-6qxt-fs5r-6lis','679C1',NULL,'$2y$10$7Nr7lHpeouo.3Swq.mM.3uNu0zjJmyyEGxgTOA1F9UYq7dXSFfyHK','USUARIO 679C1',NULL,NULL,NULL,NULL,NULL,NULL,NULL,NULL,1,0,'80687266-6761-43a2-bd98-f42349a9bb63','2019-06-02 01:41:07','2019-06-02 01:41:07'),('uerj71v-twd7-k2p5-s0rt','903B1',NULL,'$2y$10$7Nr7lHpeouo.3Swq.mM.3uNu0zjJmyyEGxgTOA1F9UYq7dXSFfyHK','USUARIO 903B1',NULL,NULL,NULL,NULL,NULL,NULL,NULL,NULL,1,0,'80687266-6761-43a2-bd98-f42349a9bb63','2019-06-02 01:41:13','2019-06-02 01:41:13'),('uh4e4gd-f4at-av7h-brp2','725C1',NULL,'$2y$10$7Nr7lHpeouo.3Swq.mM.3uNu0zjJmyyEGxgTOA1F9UYq7dXSFfyHK','USUARIO 725C1',NULL,NULL,NULL,NULL,NULL,NULL,NULL,NULL,1,0,'80687266-6761-43a2-bd98-f42349a9bb63','2019-06-02 01:41:16','2019-06-02 01:41:16'),('utzblot-x9rr-olsm-etp2','702C1',NULL,'$2y$10$7Nr7lHpeouo.3Swq.mM.3uNu0zjJmyyEGxgTOA1F9UYq7dXSFfyHK','USUARIO 702C1',NULL,NULL,NULL,NULL,NULL,NULL,NULL,NULL,1,0,'80687266-6761-43a2-bd98-f42349a9bb63','2019-06-02 01:41:19','2019-06-02 01:41:19'),('uwo2h9f-pch9-vtc7-69ah','671B1',NULL,'$2y$10$7Nr7lHpeouo.3Swq.mM.3uNu0zjJmyyEGxgTOA1F9UYq7dXSFfyHK','USUARIO 671B1',NULL,NULL,NULL,NULL,NULL,NULL,NULL,NULL,1,0,'80687266-6761-43a2-bd98-f42349a9bb63','2019-06-02 01:41:07','2019-06-02 01:41:07'),('uxahtj8-89qx-vqk4-x8lk','718B1',NULL,'$2y$10$7Nr7lHpeouo.3Swq.mM.3uNu0zjJmyyEGxgTOA1F9UYq7dXSFfyHK','USUARIO 718B1',NULL,NULL,NULL,NULL,NULL,NULL,NULL,NULL,1,0,'80687266-6761-43a2-bd98-f42349a9bb63','2019-06-02 01:41:12','2019-06-02 01:41:12'),('vcdx59b-d8f0-eqzx-o20m','682B1',NULL,'$2y$10$7Nr7lHpeouo.3Swq.mM.3uNu0zjJmyyEGxgTOA1F9UYq7dXSFfyHK','USUARIO 682B1',NULL,NULL,NULL,NULL,NULL,NULL,NULL,NULL,1,0,'80687266-6761-43a2-bd98-f42349a9bb63','2019-06-02 01:41:10','2019-06-02 01:41:10'),('vpobg2w-rc1g-w5yr-3m8w','676C1',NULL,'$2y$10$7Nr7lHpeouo.3Swq.mM.3uNu0zjJmyyEGxgTOA1F9UYq7dXSFfyHK','USUARIO 676C1',NULL,NULL,NULL,NULL,NULL,NULL,NULL,NULL,1,0,'80687266-6761-43a2-bd98-f42349a9bb63','2019-06-02 01:41:07','2019-06-02 01:41:07'),('w0fbsbv-jblp-7fnp-x3a2','732C1',NULL,'$2y$10$7Nr7lHpeouo.3Swq.mM.3uNu0zjJmyyEGxgTOA1F9UYq7dXSFfyHK','USUARIO 732C1',NULL,NULL,NULL,NULL,NULL,NULL,NULL,NULL,1,0,'80687266-6761-43a2-bd98-f42349a9bb63','2019-06-02 01:41:20','2019-06-02 01:41:20'),('w9ubgze-efkx-wc40-iyid','673C1',NULL,'$2y$10$7Nr7lHpeouo.3Swq.mM.3uNu0zjJmyyEGxgTOA1F9UYq7dXSFfyHK','USUARIO 673C1',NULL,NULL,NULL,NULL,NULL,NULL,NULL,NULL,1,0,'80687266-6761-43a2-bd98-f42349a9bb63','2019-06-02 01:41:08','2019-06-02 01:41:08'),('weq0n6y-vr6m-092a-ptvg','674B1',NULL,'$2y$10$7Nr7lHpeouo.3Swq.mM.3uNu0zjJmyyEGxgTOA1F9UYq7dXSFfyHK','USUARIO 674B1',NULL,NULL,NULL,NULL,NULL,NULL,NULL,NULL,1,0,'80687266-6761-43a2-bd98-f42349a9bb63','2019-06-02 01:41:20','2019-06-02 01:41:20'),('wlu75hn-jxzl-ompl-1u3q','698C1',NULL,'$2y$10$7Nr7lHpeouo.3Swq.mM.3uNu0zjJmyyEGxgTOA1F9UYq7dXSFfyHK','USUARIO 698C1',NULL,NULL,NULL,NULL,NULL,NULL,NULL,NULL,1,0,'80687266-6761-43a2-bd98-f42349a9bb63','2019-06-02 01:41:18','2019-06-02 01:41:18'),('wsymrkv-brui-j00q-bs2y','687C1',NULL,'$2y$10$7Nr7lHpeouo.3Swq.mM.3uNu0zjJmyyEGxgTOA1F9UYq7dXSFfyHK','USUARIO 687C1',NULL,NULL,NULL,NULL,NULL,NULL,NULL,NULL,1,0,'80687266-6761-43a2-bd98-f42349a9bb63','2019-06-02 01:41:14','2019-06-02 01:41:14'),('wxq8vd9-zvwc-s5i7-unq8','720C2',NULL,'$2y$10$7Nr7lHpeouo.3Swq.mM.3uNu0zjJmyyEGxgTOA1F9UYq7dXSFfyHK','USUARIO 720C2',NULL,NULL,NULL,NULL,NULL,NULL,NULL,NULL,1,0,'80687266-6761-43a2-bd98-f42349a9bb63','2019-06-02 01:41:13','2019-06-02 01:41:13'),('x39vvgt-m7sj-wxlq-irda','694C4',NULL,'$2y$10$7Nr7lHpeouo.3Swq.mM.3uNu0zjJmyyEGxgTOA1F9UYq7dXSFfyHK','USUARIO 694C4',NULL,NULL,NULL,NULL,NULL,NULL,NULL,NULL,1,0,'80687266-6761-43a2-bd98-f42349a9bb63','2019-06-02 01:41:17','2019-06-02 01:41:17'),('x3ucepr-v2gu-7big-py1j','707C1',NULL,'$2y$10$7Nr7lHpeouo.3Swq.mM.3uNu0zjJmyyEGxgTOA1F9UYq7dXSFfyHK','USUARIO 707C1',NULL,NULL,NULL,NULL,NULL,NULL,NULL,NULL,1,0,'80687266-6761-43a2-bd98-f42349a9bb63','2019-06-02 01:41:20','2019-06-02 01:41:20'),('x8l2duf-ozzi-da3c-d6h9','703C1',NULL,'$2y$10$7Nr7lHpeouo.3Swq.mM.3uNu0zjJmyyEGxgTOA1F9UYq7dXSFfyHK','USUARIO 703C1',NULL,NULL,NULL,NULL,NULL,NULL,NULL,NULL,1,0,'80687266-6761-43a2-bd98-f42349a9bb63','2019-06-02 01:41:19','2019-06-02 01:41:19'),('xhyidq3-bat3-xgil-hix3','684B1',NULL,'$2y$10$7Nr7lHpeouo.3Swq.mM.3uNu0zjJmyyEGxgTOA1F9UYq7dXSFfyHK','USUARIO 684B1',NULL,NULL,NULL,NULL,NULL,NULL,NULL,NULL,1,0,'80687266-6761-43a2-bd98-f42349a9bb63','2019-06-02 01:41:10','2019-06-02 01:41:10'),('y2sh747-homg-h0ki-h6d0','676B1',NULL,'$2y$10$7Nr7lHpeouo.3Swq.mM.3uNu0zjJmyyEGxgTOA1F9UYq7dXSFfyHK','USUARIO 676B1',NULL,NULL,NULL,NULL,NULL,NULL,NULL,NULL,1,0,'80687266-6761-43a2-bd98-f42349a9bb63','2019-06-02 01:41:07','2019-06-02 01:41:07'),('y8n1pqq-9x7y-igzj-xknn','709B1',NULL,'$2y$10$7Nr7lHpeouo.3Swq.mM.3uNu0zjJmyyEGxgTOA1F9UYq7dXSFfyHK','USUARIO 709B1',NULL,NULL,NULL,NULL,NULL,NULL,NULL,NULL,1,0,'80687266-6761-43a2-bd98-f42349a9bb63','2019-06-02 01:41:17','2019-06-02 01:41:17'),('y907bts-ouyu-ggpg-96ad','680C3',NULL,'$2y$10$7Nr7lHpeouo.3Swq.mM.3uNu0zjJmyyEGxgTOA1F9UYq7dXSFfyHK','USUARIO 680C3',NULL,NULL,NULL,NULL,NULL,NULL,NULL,NULL,1,0,'80687266-6761-43a2-bd98-f42349a9bb63','2019-06-02 01:41:08','2019-06-02 01:41:08'),('yjki3e3-qubs-u68q-a2bu','688B1',NULL,'$2y$10$7Nr7lHpeouo.3Swq.mM.3uNu0zjJmyyEGxgTOA1F9UYq7dXSFfyHK','USUARIO 688B1',NULL,NULL,NULL,NULL,NULL,NULL,NULL,NULL,1,0,'80687266-6761-43a2-bd98-f42349a9bb63','2019-06-02 01:41:11','2019-06-02 01:41:11'),('ynp8k4n-b5pv-tyaj-47a6','675B1',NULL,'$2y$10$7Nr7lHpeouo.3Swq.mM.3uNu0zjJmyyEGxgTOA1F9UYq7dXSFfyHK','USUARIO 675B1',NULL,NULL,NULL,NULL,NULL,NULL,NULL,NULL,1,0,'80687266-6761-43a2-bd98-f42349a9bb63','2019-06-02 01:41:08','2019-06-02 01:41:08'),('yog2ie1-d9fq-6l4e-25vy','693C1',NULL,'$2y$10$7Nr7lHpeouo.3Swq.mM.3uNu0zjJmyyEGxgTOA1F9UYq7dXSFfyHK','USUARIO 693C1',NULL,NULL,NULL,NULL,NULL,NULL,NULL,NULL,1,0,'80687266-6761-43a2-bd98-f42349a9bb63','2019-06-02 01:41:14','2019-06-02 01:41:14'),('yqfmf6b-decs-ubuc-q1ek','722C1',NULL,'$2y$10$7Nr7lHpeouo.3Swq.mM.3uNu0zjJmyyEGxgTOA1F9UYq7dXSFfyHK','USUARIO 722C1',NULL,NULL,NULL,NULL,NULL,NULL,NULL,NULL,1,0,'80687266-6761-43a2-bd98-f42349a9bb63','2019-06-02 01:41:15','2019-06-02 01:41:15'),('ysyyrji-tp0s-9rh8-q8n2','669B1',NULL,'$2y$10$7Nr7lHpeouo.3Swq.mM.3uNu0zjJmyyEGxgTOA1F9UYq7dXSFfyHK','USUARIO 669B1',NULL,NULL,NULL,NULL,NULL,NULL,NULL,NULL,1,0,'80687266-6761-43a2-bd98-f42349a9bb63','2019-06-02 01:41:06','2019-06-02 01:41:06'),('yvylcug-rkoe-vep8-gy8j','694C2',NULL,'$2y$10$7Nr7lHpeouo.3Swq.mM.3uNu0zjJmyyEGxgTOA1F9UYq7dXSFfyHK','USUARIO 694C2',NULL,NULL,NULL,NULL,NULL,NULL,NULL,NULL,1,0,'80687266-6761-43a2-bd98-f42349a9bb63','2019-06-02 01:41:16','2019-06-02 01:41:16'),('z27kq0l-0ana-tfs5-7ubz','670B1',NULL,'$2y$10$7Nr7lHpeouo.3Swq.mM.3uNu0zjJmyyEGxgTOA1F9UYq7dXSFfyHK','USUARIO 670B1',NULL,NULL,NULL,NULL,NULL,NULL,NULL,NULL,1,0,'80687266-6761-43a2-bd98-f42349a9bb63','2019-06-02 01:41:08','2019-06-02 01:41:08'),('zf6uzd3-91p1-djn7-m6gy','731C1',NULL,'$2y$10$7Nr7lHpeouo.3Swq.mM.3uNu0zjJmyyEGxgTOA1F9UYq7dXSFfyHK','USUARIO 731C1',NULL,NULL,NULL,NULL,NULL,NULL,NULL,NULL,1,0,'80687266-6761-43a2-bd98-f42349a9bb63','2019-06-02 01:41:20','2019-06-02 01:41:20'),('zijaocp-2uoo-81u9-0n15','681C3',NULL,'$2y$10$7Nr7lHpeouo.3Swq.mM.3uNu0zjJmyyEGxgTOA1F9UYq7dXSFfyHK','USUARIO 681C3',NULL,NULL,NULL,NULL,NULL,NULL,NULL,NULL,1,0,'80687266-6761-43a2-bd98-f42349a9bb63','2019-06-02 01:41:09','2019-06-02 01:41:09'),('zlxpoiy-l4jb-vls4-z6yr','713C1',NULL,'$2y$10$7Nr7lHpeouo.3Swq.mM.3uNu0zjJmyyEGxgTOA1F9UYq7dXSFfyHK','USUARIO 713C1',NULL,NULL,NULL,NULL,NULL,NULL,NULL,NULL,1,0,'80687266-6761-43a2-bd98-f42349a9bb63','2019-06-02 01:41:11','2019-06-02 01:41:11');
/*!40000 ALTER TABLE `users` ENABLE KEYS */;
UNLOCK TABLES;

--
-- Table structure for table `xmf_boxes_blocks`
--

DROP TABLE IF EXISTS `xmf_boxes_blocks`;
/*!40101 SET @saved_cs_client     = @@character_set_client */;
/*!40101 SET character_set_client = utf8 */;
CREATE TABLE `xmf_boxes_blocks` (
  `id` int(10) unsigned NOT NULL AUTO_INCREMENT,
  `nombre` text DEFAULT NULL,
  `descripcion` text DEFAULT NULL,
  `block` int(10) unsigned DEFAULT NULL,
  `created` datetime DEFAULT NULL,
  `modified` datetime DEFAULT NULL,
  PRIMARY KEY (`id`)
) ENGINE=InnoDB AUTO_INCREMENT=5 DEFAULT CHARSET=utf8mb4;
/*!40101 SET character_set_client = @saved_cs_client */;

--
-- Dumping data for table `xmf_boxes_blocks`
--

LOCK TABLES `xmf_boxes_blocks` WRITE;
/*!40000 ALTER TABLE `xmf_boxes_blocks` DISABLE KEYS */;
INSERT INTO `xmf_boxes_blocks` VALUES (1,'last_report','1st Coalitions',1,'2018-05-02 18:53:02','2018-05-02 18:53:02'),(2,'last_report','2nd',2,'2018-05-02 18:53:02','2018-05-02 18:53:02'),(3,'last_report','3rd',3,'2018-05-02 18:53:02','2018-05-02 18:53:02'),(4,'last_report','4th',4,'2018-05-02 18:53:02','2018-05-02 18:53:02');
/*!40000 ALTER TABLE `xmf_boxes_blocks` ENABLE KEYS */;
UNLOCK TABLES;

--
-- Table structure for table `xmf_boxes_orders`
--

DROP TABLE IF EXISTS `xmf_boxes_orders`;
/*!40101 SET @saved_cs_client     = @@character_set_client */;
/*!40101 SET character_set_client = utf8 */;
CREATE TABLE `xmf_boxes_orders` (
  `id` int(10) unsigned NOT NULL AUTO_INCREMENT,
  `name` text DEFAULT NULL,
  `formula` text DEFAULT NULL,
  `descripcion` text DEFAULT NULL,
  `xmf_partidos` int(10) unsigned DEFAULT NULL,
  `xmf_tipo_votaciones_id` int(10) unsigned DEFAULT NULL,
  `order` int(10) unsigned DEFAULT NULL,
  `partition` int(10) unsigned DEFAULT NULL,
  `xmf_boxes_blocks_id` int(10) unsigned DEFAULT NULL,
  `status` tinyint(1) NOT NULL DEFAULT 1,
  `created` datetime DEFAULT NULL,
  `modified` datetime DEFAULT NULL,
  PRIMARY KEY (`id`)
) ENGINE=InnoDB AUTO_INCREMENT=79 DEFAULT CHARSET=utf8mb4;
/*!40101 SET character_set_client = @saved_cs_client */;

--
-- Dumping data for table `xmf_boxes_orders`
--

LOCK TABLES `xmf_boxes_orders` WRITE;
/*!40000 ALTER TABLE `xmf_boxes_orders` DISABLE KEYS */;
INSERT INTO `xmf_boxes_orders` VALUES (1,'PAN-PRD-PES','','bloque-coaliciones',NULL,1,1,1,1,1,'2018-05-02 19:01:14','2018-05-02 19:01:14'),(2,'PRI-PVE-PANAL','','bloque-coaliciones',NULL,1,2,1,1,1,'2018-05-02 19:01:14','2018-05-02 19:01:14'),(3,'MORENA-PT-PVE','','bloque-coaliciones',NULL,1,3,1,1,1,'2018-05-02 19:01:14','2018-05-02 19:01:14'),(4,'Bronco','','bloque-coaliciones',NULL,1,4,1,1,1,'2018-05-02 19:01:14','2018-05-02 19:01:14'),(5,'Margarita Zavala','','bloque-coaliciones',NULL,1,5,2,1,1,'2018-05-02 19:01:14','2018-05-02 19:01:14'),(6,'No Registrados','','bloque-coaliciones',NULL,1,6,2,1,1,'2018-05-02 19:01:14','2018-05-02 19:01:14'),(7,'Votos Nulos','','bloque-coaliciones',NULL,1,7,2,1,1,'2018-05-02 19:01:14','2018-05-02 19:01:14'),(8,'PAN-PRD-PES','','bloque-coaliciones',NULL,2,1,1,1,1,'2018-05-02 19:01:14','2018-05-02 19:01:14'),(9,'PRI-PVE-PANAL','','bloque-coaliciones',NULL,2,2,1,1,1,'2018-05-02 19:01:14','2018-05-02 19:01:14'),(10,'MORENA-PT-PES','','bloque-coaliciones',NULL,2,3,1,1,1,'2018-05-02 19:01:14','2018-05-02 19:01:14'),(11,'Bronco','','bloque-coaliciones',NULL,2,4,1,1,1,'2018-05-02 19:01:14','2018-05-02 19:01:14'),(12,'Margarita Zavala','','bloque-coaliciones',NULL,2,5,2,1,1,'2018-05-02 19:01:14','2018-05-02 19:01:14'),(13,'No Registrados','','bloque-coaliciones',NULL,2,6,2,1,1,'2018-05-02 19:01:14','2018-05-02 19:01:14'),(14,'Votos Nulos','','bloque-coaliciones',NULL,2,7,2,1,1,'2018-05-02 19:01:14','2018-05-02 19:01:14'),(15,'PAN-PRD-PES','','bloque-coaliciones',NULL,3,1,1,1,1,'2018-05-02 19:01:14','2018-05-02 19:01:14'),(16,'PRI-PVE-PANAL','','bloque-coaliciones',NULL,3,2,1,1,1,'2018-05-02 19:01:14','2018-05-02 19:01:14'),(17,'MORENA-PT-PES','','bloque-coaliciones',NULL,3,3,1,1,1,'2018-05-02 19:01:14','2018-05-02 19:01:14'),(18,'Bronco','','bloque-coaliciones',NULL,3,4,1,1,1,'2018-05-02 19:01:14','2018-05-02 19:01:14'),(19,'Margarita Zavala','','bloque-coaliciones',NULL,3,5,2,1,1,'2018-05-02 19:01:14','2018-05-02 19:01:14'),(20,'No Registrados','','bloque-coaliciones',NULL,3,6,2,1,1,'2018-05-02 19:01:14','2018-05-02 19:01:14'),(21,'Votos Nulos','','bloque-coaliciones',NULL,3,7,2,1,1,'2018-05-02 19:01:14','2018-05-02 19:01:14'),(22,'PAN-PRD-PES','','bloque-coaliciones',NULL,4,1,1,1,1,'2018-05-02 19:01:14','2018-05-02 19:01:14'),(23,'PRI-PVE-PANAL','','bloque-coaliciones',NULL,4,2,1,1,1,'2018-05-02 19:01:14','2018-05-02 19:01:14'),(24,'MORENA-PT-VDE','','bloque-coaliciones',NULL,4,3,1,1,1,'2018-05-02 19:01:14','2018-05-02 19:01:14'),(25,'No Registrados','','bloque-coaliciones',NULL,4,6,2,1,1,'2018-05-02 19:01:14','2018-05-02 19:01:14'),(26,'Votos Nulos','','bloque-coaliciones',NULL,4,7,2,1,1,'2018-05-02 19:01:14','2018-05-02 19:01:14'),(27,'MORENA-PT','MORENA PT','only-coalition',NULL,1,3,NULL,2,0,'2018-05-02 19:01:24','2018-05-02 19:01:24'),(28,'MORENA-PT','MORENA PT','only-coalition',NULL,2,3,NULL,2,0,'2018-05-02 19:01:24','2018-05-02 19:01:24'),(29,'MORENA-PT','MORENA PT','only-coalition',NULL,3,3,NULL,2,0,'2018-05-02 19:01:24','2018-05-02 19:01:24'),(31,'MORENA-PT-VDE','MORENA VDE','only-coalition',NULL,1,1,NULL,2,1,'2018-05-02 19:01:24','2018-05-02 19:01:24'),(32,'MORENA-PT-VDE','MORENA VDE','only-coalition',NULL,2,1,NULL,2,1,'2018-05-02 19:01:24','2018-05-02 19:01:24'),(33,'MORENA-PT-VDE','MORENA VDE','only-coalition',NULL,3,1,NULL,2,1,'2018-05-02 19:01:24','2018-05-02 19:01:24'),(34,'MORENA-PT-VDE','MORENA VDE','only-coalition',NULL,4,1,NULL,2,1,'2018-05-02 19:01:24','2018-05-02 19:01:24'),(35,'MORENA-PT-VDE','MORENA VDE','only-coalition',NULL,1,2,NULL,2,1,'2018-05-02 19:01:24','2018-05-02 19:01:24'),(36,'MORENA-PT-VDE','MORENA PT','only-coalition',NULL,2,2,NULL,2,1,'2018-05-02 19:01:24','2018-05-02 19:01:24'),(37,'MORENA-PT-VDE','MORENA PT','only-coalition',NULL,3,2,NULL,2,1,'2018-05-02 19:01:24','2018-05-02 19:01:24'),(38,'MORENA-PT-VDE','MORENA PT','only-coalition',NULL,4,2,NULL,2,1,'2018-05-02 19:01:24','2018-05-02 19:01:24'),(39,'MORENA-PT-VDE','MORENA PT VDE','only-coalition',NULL,1,4,NULL,2,1,'2018-05-02 19:01:24','2018-05-02 19:01:24'),(40,'MORENA-PT-VDE','MORENA PT PES','only-coalition',NULL,2,4,NULL,2,1,'2018-05-02 19:01:24','2018-05-02 19:01:24'),(41,'MORENA-PT-VDE','MORENA PT PES','only-coalition',NULL,3,4,NULL,2,1,'2018-05-02 19:01:24','2018-05-02 19:01:24'),(42,'MORENA-PT-VDE','MORENA PT VDE','only-coalition',NULL,4,4,NULL,2,1,'2018-05-02 19:01:24','2018-05-02 19:01:24'),(43,'MORENA-PT-VDE','PT VDE','only-coalition',NULL,1,12,NULL,2,1,'2018-05-02 19:01:24','2018-05-02 19:01:24'),(44,'MORENA-PT-VDE','PT VDE','only-coalition',NULL,2,12,NULL,2,1,'2018-05-02 19:01:24','2018-05-02 19:01:24'),(45,'MORENA-PT-VDE','PT VDE','only-coalition',NULL,3,12,NULL,2,1,'2018-05-02 19:01:24','2018-05-02 19:01:24'),(46,'MORENA-PT-VDE','PT VDE','only-coalition',NULL,4,12,NULL,2,1,'2018-05-02 19:01:24','2018-05-02 19:01:24'),(47,'PAN-PRD-PES','PAN PES','only-coalition',NULL,1,5,NULL,2,1,'2018-05-02 19:01:24','2018-05-02 19:01:24'),(48,'PAN-PRD-PES','PAN PES','only-coalition',NULL,2,5,NULL,2,1,'2018-05-02 19:01:24','2018-05-02 19:01:24'),(49,'PAN-PRD-PES','PAN PES','only-coalition',NULL,3,5,NULL,2,1,'2018-05-02 19:01:24','2018-05-02 19:01:24'),(50,'PAN-PRD-PES','PAN PES','only-coalition',NULL,4,5,NULL,2,1,'2018-05-02 19:01:24','2018-05-02 19:01:24'),(51,'PAN-PRD-PES','PAN PRD','only-coalition',NULL,1,6,NULL,2,1,'2018-05-02 19:01:24','2018-05-02 19:01:24'),(52,'PAN-PRD-PES','PAN PRD','only-coalition',NULL,2,6,NULL,2,1,'2018-05-02 19:01:24','2018-05-02 19:01:24'),(53,'PAN-PRD-PES','PAN PRD','only-coalition',NULL,3,6,NULL,2,1,'2018-05-02 19:01:24','2018-05-02 19:01:24'),(54,'PAN-PRD-PES','PAN PRD','only-coalition',NULL,4,6,NULL,2,1,'2018-05-02 19:01:24','2018-05-02 19:01:24'),(55,'PAN-PRD-PES','PAN PRD PES','only-coalition',NULL,1,7,NULL,2,1,'2018-05-02 19:01:24','2018-05-02 19:01:24'),(56,'PAN-PRD-PES','PAN PRD PES','only-coalition',NULL,2,7,NULL,2,1,'2018-05-02 19:01:24','2018-05-02 19:01:24'),(57,'PAN-PRD-PES','PAN PRD PES','only-coalition',NULL,3,7,NULL,2,1,'2018-05-02 19:01:24','2018-05-02 19:01:24'),(58,'PAN-PRD-PES','PAN PRD PES','only-coalition',NULL,4,7,NULL,2,1,'2018-05-02 19:01:24','2018-05-02 19:01:24'),(59,'PAN-PRD-PES','PRD PES','only-coalition',NULL,1,8,NULL,2,1,'2018-05-02 19:01:24','2018-05-02 19:01:24'),(60,'PAN-PRD-PES','PRD PES','only-coalition',NULL,2,8,NULL,2,1,'2018-05-02 19:01:24','2018-05-02 19:01:24'),(61,'PAN-PRD-PES','PRD PES','only-coalition',NULL,3,8,NULL,2,1,'2018-05-02 19:01:24','2018-05-02 19:01:24'),(62,'PAN-PRD-PES','PRD PES','only-coalition',NULL,4,8,NULL,2,1,'2018-05-02 19:01:24','2018-05-02 19:01:24'),(63,'PRI-PVE-PANAL','PRI PANAL','only-coalition',NULL,1,9,NULL,2,1,'2018-05-02 19:01:24','2018-05-02 19:01:24'),(64,'PRI-PVE-PANAL','PRI PANAL','only-coalition',NULL,2,9,NULL,2,1,'2018-05-02 19:01:24','2018-05-02 19:01:24'),(65,'PRI-PVE-PANAL','PRI PANAL','only-coalition',NULL,3,9,NULL,2,1,'2018-05-02 19:01:24','2018-05-02 19:01:24'),(66,'PRI-PVE-PANAL','PRI PANAL','only-coalition',NULL,4,9,NULL,2,1,'2018-05-02 19:01:24','2018-05-02 19:01:24'),(67,'PRI-PVE-PANAL','PRI PVE','only-coalition',NULL,1,10,NULL,2,1,'2018-05-02 19:01:24','2018-05-02 19:01:24'),(68,'PRI-PVE-PANAL','PRI PVE','only-coalition',NULL,2,10,NULL,2,1,'2018-05-02 19:01:24','2018-05-02 19:01:24'),(69,'PRI-PVE-PANAL','PRI PVE','only-coalition',NULL,3,10,NULL,2,1,'2018-05-02 19:01:24','2018-05-02 19:01:24'),(70,'PRI-PVE-PANAL','PRI PVE','only-coalition',NULL,4,10,NULL,2,1,'2018-05-02 19:01:24','2018-05-02 19:01:24'),(71,'PRI-PVE-PANAL','PRI PVE PANAL','only-coalition',NULL,1,11,NULL,2,1,'2018-05-02 19:01:24','2018-05-02 19:01:24'),(72,'PRI-PVE-PANAL','PRI PVE PANAL','only-coalition',NULL,2,11,NULL,2,1,'2018-05-02 19:01:24','2018-05-02 19:01:24'),(73,'PRI-PVE-PANAL','PRI PVE PANAL','only-coalition',NULL,3,11,NULL,2,1,'2018-05-02 19:01:24','2018-05-02 19:01:24'),(74,'PRI-PVE-PANAL','PRI PVE PANAL','only-coalition',NULL,4,11,NULL,2,1,'2018-05-02 19:01:24','2018-05-02 19:01:24'),(75,'PRI-PVE-PANAL','PVE PANAL','only-coalition',NULL,1,13,NULL,2,1,'2018-05-02 19:01:24','2018-05-02 19:01:24'),(76,'PRI-PVE-PANAL','PVE PANAL','only-coalition',NULL,2,13,NULL,2,1,'2018-05-02 19:01:24','2018-05-02 19:01:24'),(77,'PRI-PVE-PANAL','PVE PANAL','only-coalition',NULL,3,13,NULL,2,1,'2018-05-02 19:01:24','2018-05-02 19:01:24'),(78,'PRI-PVE-PANAL','PVE PANAL','only-coalition',NULL,4,13,NULL,2,1,'2018-05-02 19:01:24','2018-05-02 19:01:24');
/*!40000 ALTER TABLE `xmf_boxes_orders` ENABLE KEYS */;
UNLOCK TABLES;

--
-- Table structure for table `xmf_casillas`
--

DROP TABLE IF EXISTS `xmf_casillas`;
/*!40101 SET @saved_cs_client     = @@character_set_client */;
/*!40101 SET character_set_client = utf8 */;
CREATE TABLE `xmf_casillas` (
  `id` int(10) unsigned NOT NULL AUTO_INCREMENT,
  `user_id` char(36) DEFAULT NULL,
  `rg_id` char(36) DEFAULT NULL,
  `name` char(50) NOT NULL,
  `description` char(150) NOT NULL,
  `municipio` text DEFAULT NULL,
  `seccion` text DEFAULT NULL,
  `clave_agrupamiento` char(2) DEFAULT NULL,
  `tipo_casilla` text DEFAULT NULL,
  `urbana` text DEFAULT NULL,
  `distrito` text DEFAULT NULL,
  `locacion` text DEFAULT NULL,
  `hora_presencia` time DEFAULT NULL,
  `hora_instalacion` time DEFAULT NULL,
  `hora_inicio` time DEFAULT NULL,
  `hora_cierre` time DEFAULT NULL,
  `created` datetime DEFAULT NULL,
  `modified` datetime DEFAULT NULL,
  `lugar_indicado` tinyint(1) DEFAULT NULL,
  `gente_fila` tinyint(1) DEFAULT NULL,
  `status` char(1) DEFAULT NULL,
  `reporte` int(11) DEFAULT NULL,
  `nombres_fila` text DEFAULT NULL,
  `abogado_casilla` text DEFAULT NULL,
  `rg_casilla` text DEFAULT NULL,
  `rg_telefono` text DEFAULT NULL,
  `rc_telefono` text DEFAULT NULL,
  PRIMARY KEY (`id`),
  UNIQUE KEY `name` (`name`)
) ENGINE=InnoDB AUTO_INCREMENT=152 DEFAULT CHARSET=utf8mb4;
/*!40101 SET character_set_client = @saved_cs_client */;

--
-- Dumping data for table `xmf_casillas`
--

LOCK TABLES `xmf_casillas` WRITE;
/*!40000 ALTER TABLE `xmf_casillas` DISABLE KEYS */;
INSERT INTO `xmf_casillas` VALUES (1,'frhkuua-5qyk-86m2-fzv2',NULL,'668 B1','668 B1',NULL,NULL,NULL,NULL,NULL,NULL,NULL,NULL,NULL,NULL,NULL,NULL,NULL,NULL,NULL,NULL,NULL,NULL,NULL,'9999999999','9999999999','9999999999'),(2,'ez5nw7g-e25d-9w1t-0huy',NULL,'668 C1','668 C1',NULL,NULL,NULL,NULL,NULL,NULL,NULL,NULL,NULL,NULL,NULL,NULL,NULL,NULL,NULL,NULL,NULL,NULL,NULL,'9999999999','9999999999','9999999999'),(3,'ysyyrji-tp0s-9rh8-q8n2',NULL,'669 B1','669 B1',NULL,NULL,NULL,NULL,NULL,NULL,NULL,NULL,NULL,NULL,NULL,NULL,NULL,NULL,NULL,NULL,NULL,NULL,NULL,'9999999999','9999999999','9999999999'),(4,'9udb2ju-2wqr-n9u6-5102',NULL,'669 C1','669 C1',NULL,NULL,NULL,NULL,NULL,NULL,NULL,NULL,NULL,NULL,NULL,NULL,NULL,NULL,NULL,NULL,NULL,NULL,NULL,'9999999999','9999999999','9999999999'),(5,'uwo2h9f-pch9-vtc7-69ah',NULL,'671 B1','671 B1',NULL,NULL,NULL,NULL,NULL,NULL,NULL,NULL,NULL,NULL,NULL,NULL,NULL,NULL,NULL,NULL,NULL,NULL,NULL,'9999999999','9999999999','9999999999'),(6,'m4k9sro-78ct-qko2-fgco',NULL,'671 C1','671 C1',NULL,NULL,NULL,NULL,NULL,NULL,NULL,NULL,NULL,NULL,NULL,NULL,NULL,NULL,NULL,NULL,NULL,NULL,NULL,'9999999999','9999999999','9999999999'),(7,'q2ss7g9-io7r-js3a-oz3f',NULL,'678 B1','678 B1',NULL,NULL,NULL,NULL,NULL,NULL,NULL,NULL,NULL,NULL,NULL,NULL,NULL,NULL,NULL,NULL,NULL,NULL,NULL,'9999999999','9999999999','9999999999'),(8,'477k0in-omjg-dmse-g7v8',NULL,'678 C1','678 C1',NULL,NULL,NULL,NULL,NULL,NULL,NULL,NULL,NULL,NULL,NULL,NULL,NULL,NULL,NULL,NULL,NULL,NULL,NULL,'9999999999','9999999999','9999999999'),(9,'sbkjgkp-lk3a-ybgw-jy3k',NULL,'679 B1','679 B1',NULL,NULL,NULL,NULL,NULL,NULL,NULL,NULL,NULL,NULL,NULL,NULL,NULL,NULL,NULL,NULL,NULL,NULL,NULL,'9999999999','9999999999','9999999999'),(10,'shpllbj-6qxt-fs5r-6lis',NULL,'679 C1','679 C1',NULL,NULL,NULL,NULL,NULL,NULL,NULL,NULL,NULL,NULL,NULL,NULL,NULL,NULL,NULL,NULL,NULL,NULL,NULL,'9999999999','9999999999','9999999999'),(11,'y2sh747-homg-h0ki-h6d0',NULL,'676 B1','676 B1',NULL,NULL,NULL,NULL,NULL,NULL,NULL,NULL,NULL,NULL,NULL,NULL,NULL,NULL,NULL,NULL,NULL,NULL,NULL,'9999999999','9999999999','9999999999'),(12,'vpobg2w-rc1g-w5yr-3m8w',NULL,'676 C1','676 C1',NULL,NULL,NULL,NULL,NULL,NULL,NULL,NULL,NULL,NULL,NULL,NULL,NULL,NULL,NULL,NULL,NULL,NULL,NULL,'9999999999','9999999999','9999999999'),(13,'hgnl71h-5q57-22dz-cpqf',NULL,'677 B1','677 B1',NULL,NULL,NULL,NULL,NULL,NULL,NULL,NULL,NULL,NULL,NULL,NULL,NULL,NULL,NULL,NULL,NULL,NULL,NULL,'9999999999','9999999999','9999999999'),(14,'1o9dw97-q957-88t6-pfy2',NULL,'680 B1','680 B1',NULL,NULL,NULL,NULL,NULL,NULL,NULL,NULL,NULL,NULL,NULL,NULL,NULL,NULL,NULL,NULL,NULL,NULL,NULL,'9999999999','9999999999','9999999999'),(15,'2m4lu95-295i-i6sr-gqjn',NULL,'680 C1','680 C1',NULL,NULL,NULL,NULL,NULL,NULL,NULL,NULL,NULL,NULL,NULL,NULL,NULL,NULL,NULL,NULL,NULL,NULL,NULL,'9999999999','9999999999','9999999999'),(16,'8zck0md-rb35-iu2g-v0iv',NULL,'680 C2','680 C2',NULL,NULL,NULL,NULL,NULL,NULL,NULL,NULL,NULL,NULL,NULL,NULL,NULL,NULL,NULL,NULL,NULL,NULL,NULL,'9999999999','9999999999','9999999999'),(17,'y907bts-ouyu-ggpg-96ad',NULL,'680 C3','680 C3',NULL,NULL,NULL,NULL,NULL,NULL,NULL,NULL,NULL,NULL,NULL,NULL,NULL,NULL,NULL,NULL,NULL,NULL,NULL,'9999999999','9999999999','9999999999'),(18,'lzhyzwh-u5sc-tlll-n5ry',NULL,'680 C4','680 C4',NULL,NULL,NULL,NULL,NULL,NULL,NULL,NULL,NULL,NULL,NULL,NULL,NULL,NULL,NULL,NULL,NULL,NULL,NULL,'9999999999','9999999999','9999999999'),(19,'fw3s3jo-gnnq-oppz-01kz',NULL,'680 C5','680 C5',NULL,NULL,NULL,NULL,NULL,NULL,NULL,NULL,NULL,NULL,NULL,NULL,NULL,NULL,NULL,NULL,NULL,NULL,NULL,'9999999999','9999999999','9999999999'),(20,'z27kq0l-0ana-tfs5-7ubz',NULL,'670 B1','670 B1',NULL,NULL,NULL,NULL,NULL,NULL,NULL,NULL,NULL,NULL,NULL,NULL,NULL,NULL,NULL,NULL,NULL,NULL,NULL,'9999999999','9999999999','9999999999'),(21,'eba8zzp-6ssn-f2b4-1tan',NULL,'672 B1','672 B1',NULL,NULL,NULL,NULL,NULL,NULL,NULL,NULL,NULL,NULL,NULL,NULL,NULL,NULL,NULL,NULL,NULL,NULL,NULL,'9999999999','9999999999','9999999999'),(22,'phxtqko-45xe-4vn6-86zg',NULL,'672 C1','672 C1',NULL,NULL,NULL,NULL,NULL,NULL,NULL,NULL,NULL,NULL,NULL,NULL,NULL,NULL,NULL,NULL,NULL,NULL,NULL,'9999999999','9999999999','9999999999'),(23,'3fm3glq-i3q7-3rvc-zuur',NULL,'673 B1','673 B1',NULL,NULL,NULL,NULL,NULL,NULL,NULL,NULL,NULL,NULL,NULL,NULL,NULL,NULL,NULL,NULL,NULL,NULL,NULL,'9999999999','9999999999','9999999999'),(24,'w9ubgze-efkx-wc40-iyid',NULL,'673 C1','673 C1',NULL,NULL,NULL,NULL,NULL,NULL,NULL,NULL,NULL,NULL,NULL,NULL,NULL,NULL,NULL,NULL,NULL,NULL,NULL,'9999999999','9999999999','9999999999'),(25,'ynp8k4n-b5pv-tyaj-47a6',NULL,'675 B1','675 B1',NULL,NULL,NULL,NULL,NULL,NULL,NULL,NULL,NULL,NULL,NULL,NULL,NULL,NULL,NULL,NULL,NULL,NULL,NULL,'9999999999','9999999999','9999999999'),(26,'mj1zsdo-0clq-e377-g4gy',NULL,'675 C1','675 C1',NULL,NULL,NULL,NULL,NULL,NULL,NULL,NULL,NULL,NULL,NULL,NULL,NULL,NULL,NULL,NULL,NULL,NULL,NULL,'9999999999','9999999999','9999999999'),(27,'feyfr6k-6bg2-ifv3-4wcn',NULL,'675 C2','675 C2',NULL,NULL,NULL,NULL,NULL,NULL,NULL,NULL,NULL,NULL,NULL,NULL,NULL,NULL,NULL,NULL,NULL,NULL,NULL,'9999999999','9999999999','9999999999'),(28,'qo62c3k-mz6c-k2w9-attj',NULL,'675 C3','675 C3',NULL,NULL,NULL,NULL,NULL,NULL,NULL,NULL,NULL,NULL,NULL,NULL,NULL,NULL,NULL,NULL,NULL,NULL,NULL,'9999999999','9999999999','9999999999'),(29,'30dfh6t-to8r-3fb4-2aan',NULL,'681 B1','681 B1',NULL,NULL,NULL,NULL,NULL,NULL,NULL,NULL,NULL,NULL,NULL,NULL,NULL,NULL,NULL,NULL,NULL,NULL,NULL,'9999999999','9999999999','9999999999'),(30,'4f1z38q-ne05-ib8p-vt65',NULL,'681 C1','681 C1',NULL,NULL,NULL,NULL,NULL,NULL,NULL,NULL,NULL,NULL,NULL,NULL,NULL,NULL,NULL,NULL,NULL,NULL,NULL,'9999999999','9999999999','9999999999'),(31,'3xaltt5-x63u-zz6s-gsnl',NULL,'681 C2','681 C2',NULL,NULL,NULL,NULL,NULL,NULL,NULL,NULL,NULL,NULL,NULL,NULL,NULL,NULL,NULL,NULL,NULL,NULL,NULL,'9999999999','9999999999','9999999999'),(32,'zijaocp-2uoo-81u9-0n15',NULL,'681 C3','681 C3',NULL,NULL,NULL,NULL,NULL,NULL,NULL,NULL,NULL,NULL,NULL,NULL,NULL,NULL,NULL,NULL,NULL,NULL,NULL,'9999999999','9999999999','9999999999'),(33,'74de4ba-t7qr-wjzr-vn1o',NULL,'681 C4','681 C4',NULL,NULL,NULL,NULL,NULL,NULL,NULL,NULL,NULL,NULL,NULL,NULL,NULL,NULL,NULL,NULL,NULL,NULL,NULL,'9999999999','9999999999','9999999999'),(34,'6aodknu-uo18-ixf2-jrwu',NULL,'681 C5','681 C5',NULL,NULL,NULL,NULL,NULL,NULL,NULL,NULL,NULL,NULL,NULL,NULL,NULL,NULL,NULL,NULL,NULL,NULL,NULL,'9999999999','9999999999','9999999999'),(35,'hn4z28d-t4up-w542-eqwo',NULL,'681 C6','681 C6',NULL,NULL,NULL,NULL,NULL,NULL,NULL,NULL,NULL,NULL,NULL,NULL,NULL,NULL,NULL,NULL,NULL,NULL,NULL,'9999999999','9999999999','9999999999'),(36,'gpxmhy2-75ba-x6pa-l6yz',NULL,'683 B1','683 B1',NULL,NULL,NULL,NULL,NULL,NULL,NULL,NULL,NULL,NULL,NULL,NULL,NULL,NULL,NULL,NULL,NULL,NULL,NULL,'9999999999','9999999999','9999999999'),(37,'dg2071h-136d-0881-i60k',NULL,'683 C1','683 C1',NULL,NULL,NULL,NULL,NULL,NULL,NULL,NULL,NULL,NULL,NULL,NULL,NULL,NULL,NULL,NULL,NULL,NULL,NULL,'9999999999','9999999999','9999999999'),(38,'xhyidq3-bat3-xgil-hix3',NULL,'684 B1','684 B1',NULL,NULL,NULL,NULL,NULL,NULL,NULL,NULL,NULL,NULL,NULL,NULL,NULL,NULL,NULL,NULL,NULL,NULL,NULL,'9999999999','9999999999','9999999999'),(39,'vcdx59b-d8f0-eqzx-o20m',NULL,'682 B1','682 B1',NULL,NULL,NULL,NULL,NULL,NULL,NULL,NULL,NULL,NULL,NULL,NULL,NULL,NULL,NULL,NULL,NULL,NULL,NULL,'9999999999','9999999999','9999999999'),(40,'61dw3ci-br6m-cyrv-lmlw',NULL,'682 C1','682 C1',NULL,NULL,NULL,NULL,NULL,NULL,NULL,NULL,NULL,NULL,NULL,NULL,NULL,NULL,NULL,NULL,NULL,NULL,NULL,'9999999999','9999999999','9999999999'),(41,'nq9luh5-jwyi-yaz8-14cy',NULL,'685 B1','685 B1',NULL,NULL,NULL,NULL,NULL,NULL,NULL,NULL,NULL,NULL,NULL,NULL,NULL,NULL,NULL,NULL,NULL,NULL,NULL,'9999999999','9999999999','9999999999'),(42,'6wqaptr-4r1c-0zau-1pmj',NULL,'685 C1','685 C1',NULL,NULL,NULL,NULL,NULL,NULL,NULL,NULL,NULL,NULL,NULL,NULL,NULL,NULL,NULL,NULL,NULL,NULL,NULL,'9999999999','9999999999','9999999999'),(43,'yjki3e3-qubs-u68q-a2bu',NULL,'688 B1','688 B1',NULL,NULL,NULL,NULL,NULL,NULL,NULL,NULL,NULL,NULL,NULL,NULL,NULL,NULL,NULL,NULL,NULL,NULL,NULL,'9999999999','9999999999','9999999999'),(44,'hmbdxjn-ke0y-z1hi-fmsv',NULL,'688 C1','688 C1',NULL,NULL,NULL,NULL,NULL,NULL,NULL,NULL,NULL,NULL,NULL,NULL,NULL,NULL,NULL,NULL,NULL,NULL,NULL,'9999999999','9999999999','9999999999'),(45,'3smzhvg-70p4-xx6q-jipc',NULL,'689 B1','689 B1',NULL,NULL,NULL,NULL,NULL,NULL,NULL,NULL,NULL,NULL,NULL,NULL,NULL,NULL,NULL,NULL,NULL,NULL,NULL,'9999999999','9999999999','9999999999'),(46,'0cx2nxm-xshc-99ks-pjkc',NULL,'689 C1','689 C1',NULL,NULL,NULL,NULL,NULL,NULL,NULL,NULL,NULL,NULL,NULL,NULL,NULL,NULL,NULL,NULL,NULL,NULL,NULL,'9999999999','9999999999','9999999999'),(47,'bg8nbfb-xji6-nqy8-imbz',NULL,'691 B1','691 B1',NULL,NULL,NULL,NULL,NULL,NULL,NULL,NULL,NULL,NULL,NULL,NULL,NULL,NULL,NULL,NULL,NULL,NULL,NULL,'9999999999','9999999999','9999999999'),(48,'0oh4rwf-gofx-9mr8-ei3h',NULL,'691 C1','691 C1',NULL,NULL,NULL,NULL,NULL,NULL,NULL,NULL,NULL,NULL,NULL,NULL,NULL,NULL,NULL,NULL,NULL,NULL,NULL,'9999999999','9999999999','9999999999'),(49,'fz5mltq-ittx-dgfc-du1z',NULL,'690 B1','690 B1',NULL,NULL,NULL,NULL,NULL,NULL,NULL,NULL,NULL,NULL,NULL,NULL,NULL,NULL,NULL,NULL,NULL,NULL,NULL,'9999999999','9999999999','9999999999'),(50,'3qd28o1-1znt-rxyx-9nv7',NULL,'711 B1','711 B1',NULL,NULL,NULL,NULL,NULL,NULL,NULL,NULL,NULL,NULL,NULL,NULL,NULL,NULL,NULL,NULL,NULL,NULL,NULL,'9999999999','9999999999','9999999999'),(51,'n4ouwej-r946-y29f-1gbb',NULL,'711 C1','711 C1',NULL,NULL,NULL,NULL,NULL,NULL,NULL,NULL,NULL,NULL,NULL,NULL,NULL,NULL,NULL,NULL,NULL,NULL,NULL,'9999999999','9999999999','9999999999'),(52,'4j6num9-kunm-n7yq-wq72',NULL,'712 B1','712 B1',NULL,NULL,NULL,NULL,NULL,NULL,NULL,NULL,NULL,NULL,NULL,NULL,NULL,NULL,NULL,NULL,NULL,NULL,NULL,'9999999999','9999999999','9999999999'),(53,'7gwrqnl-kviy-5frr-im38',NULL,'713 B1','713 B1',NULL,NULL,NULL,NULL,NULL,NULL,NULL,NULL,NULL,NULL,NULL,NULL,NULL,NULL,NULL,NULL,NULL,NULL,NULL,'9999999999','9999999999','9999999999'),(54,'zlxpoiy-l4jb-vls4-z6yr',NULL,'713 C1','713 C1',NULL,NULL,NULL,NULL,NULL,NULL,NULL,NULL,NULL,NULL,NULL,NULL,NULL,NULL,NULL,NULL,NULL,NULL,NULL,'9999999999','9999999999','9999999999'),(55,'eumbwdm-pbun-vfg8-e7o4',NULL,'714 B1','714 B1',NULL,NULL,NULL,NULL,NULL,NULL,NULL,NULL,NULL,NULL,NULL,NULL,NULL,NULL,NULL,NULL,NULL,NULL,NULL,'9999999999','9999999999','9999999999'),(56,'dveol4d-0a4g-nd2g-tlm6',NULL,'714 C1','714 C1',NULL,NULL,NULL,NULL,NULL,NULL,NULL,NULL,NULL,NULL,NULL,NULL,NULL,NULL,NULL,NULL,NULL,NULL,NULL,'9999999999','9999999999','9999999999'),(57,'n1ljwmi-p9z9-f2wi-ycbx',NULL,'719 B1','719 B1',NULL,NULL,NULL,NULL,NULL,NULL,NULL,NULL,NULL,NULL,NULL,NULL,NULL,NULL,NULL,NULL,NULL,NULL,NULL,'9999999999','9999999999','9999999999'),(58,'4yr3r19-gjwn-wfn3-zgcp',NULL,'719 C1','719 C1',NULL,NULL,NULL,NULL,NULL,NULL,NULL,NULL,NULL,NULL,NULL,NULL,NULL,NULL,NULL,NULL,NULL,NULL,NULL,'9999999999','9999999999','9999999999'),(59,'uxahtj8-89qx-vqk4-x8lk',NULL,'718 B1','718 B1',NULL,NULL,NULL,NULL,NULL,NULL,NULL,NULL,NULL,NULL,NULL,NULL,NULL,NULL,NULL,NULL,NULL,NULL,NULL,'9999999999','9999999999','9999999999'),(60,'ea9zyc0-fchd-88x0-a9dv',NULL,'718 C1','718 C1',NULL,NULL,NULL,NULL,NULL,NULL,NULL,NULL,NULL,NULL,NULL,NULL,NULL,NULL,NULL,NULL,NULL,NULL,NULL,'9999999999','9999999999','9999999999'),(61,'q198oq5-pw1u-8qdt-ia9l',NULL,'718 C2','718 C2',NULL,NULL,NULL,NULL,NULL,NULL,NULL,NULL,NULL,NULL,NULL,NULL,NULL,NULL,NULL,NULL,NULL,NULL,NULL,'9999999999','9999999999','9999999999'),(62,'e3vpju7-7uy8-xgxf-419s',NULL,'721 B1','721 B1',NULL,NULL,NULL,NULL,NULL,NULL,NULL,NULL,NULL,NULL,NULL,NULL,NULL,NULL,NULL,NULL,NULL,NULL,NULL,'9999999999','9999999999','9999999999'),(63,'mv30vt1-jhtc-2qyo-fsji',NULL,'721 C1','721 C1',NULL,NULL,NULL,NULL,NULL,NULL,NULL,NULL,NULL,NULL,NULL,NULL,NULL,NULL,NULL,NULL,NULL,NULL,NULL,'9999999999','9999999999','9999999999'),(64,'7dma5p3-aj8z-7w89-oi7l',NULL,'726 B1','726 B1',NULL,NULL,NULL,NULL,NULL,NULL,NULL,NULL,NULL,NULL,NULL,NULL,NULL,NULL,NULL,NULL,NULL,NULL,NULL,'9999999999','9999999999','9999999999'),(65,'2efh7r2-i1ac-km0t-56tu',NULL,'726 C1','726 C1',NULL,NULL,NULL,NULL,NULL,NULL,NULL,NULL,NULL,NULL,NULL,NULL,NULL,NULL,NULL,NULL,NULL,NULL,NULL,'9999999999','9999999999','9999999999'),(66,'p1sx8rg-s0u5-9im6-itrm',NULL,'900 B1','900 B1',NULL,NULL,NULL,NULL,NULL,NULL,NULL,NULL,NULL,NULL,NULL,NULL,NULL,NULL,NULL,NULL,NULL,NULL,NULL,'9999999999','9999999999','9999999999'),(67,'uerj71v-twd7-k2p5-s0rt',NULL,'903 B1','903 B1',NULL,NULL,NULL,NULL,NULL,NULL,NULL,NULL,NULL,NULL,NULL,NULL,NULL,NULL,NULL,NULL,NULL,NULL,NULL,'9999999999','9999999999','9999999999'),(68,'f7r1o7h-iqc4-09bb-zezu',NULL,'720 B1','720 B1',NULL,NULL,NULL,NULL,NULL,NULL,NULL,NULL,NULL,NULL,NULL,NULL,NULL,NULL,NULL,NULL,NULL,NULL,NULL,'9999999999','9999999999','9999999999'),(69,'1gmpxyh-h65b-1c3f-j1k5',NULL,'720 C1','720 C1',NULL,NULL,NULL,NULL,NULL,NULL,NULL,NULL,NULL,NULL,NULL,NULL,NULL,NULL,NULL,NULL,NULL,NULL,NULL,'9999999999','9999999999','9999999999'),(70,'wxq8vd9-zvwc-s5i7-unq8',NULL,'720 C2','720 C2',NULL,NULL,NULL,NULL,NULL,NULL,NULL,NULL,NULL,NULL,NULL,NULL,NULL,NULL,NULL,NULL,NULL,NULL,NULL,'9999999999','9999999999','9999999999'),(71,'fksvbt6-x9mv-48o0-2rfm',NULL,'727 B1','727 B1',NULL,NULL,NULL,NULL,NULL,NULL,NULL,NULL,NULL,NULL,NULL,NULL,NULL,NULL,NULL,NULL,NULL,NULL,NULL,'9999999999','9999999999','9999999999'),(72,'28i6i9e-j4mj-3yoi-9ofb',NULL,'727 C1','727 C1',NULL,NULL,NULL,NULL,NULL,NULL,NULL,NULL,NULL,NULL,NULL,NULL,NULL,NULL,NULL,NULL,NULL,NULL,NULL,'9999999999','9999999999','9999999999'),(73,'rdnkzzk-4392-20jb-gbas',NULL,'728 B1','728 B1',NULL,NULL,NULL,NULL,NULL,NULL,NULL,NULL,NULL,NULL,NULL,NULL,NULL,NULL,NULL,NULL,NULL,NULL,NULL,'9999999999','9999999999','9999999999'),(74,'778xmao-5xl5-4cea-wgo8',NULL,'905 B1','905 B1',NULL,NULL,NULL,NULL,NULL,NULL,NULL,NULL,NULL,NULL,NULL,NULL,NULL,NULL,NULL,NULL,NULL,NULL,NULL,'9999999999','9999999999','9999999999'),(75,'9rcia9y-yzdn-5bln-tmpc',NULL,'908 B1','908 B1',NULL,NULL,NULL,NULL,NULL,NULL,NULL,NULL,NULL,NULL,NULL,NULL,NULL,NULL,NULL,NULL,NULL,NULL,NULL,'9999999999','9999999999','9999999999'),(76,'bdyjuxe-1ou8-iqla-ecu6',NULL,'911 B1','911 B1',NULL,NULL,NULL,NULL,NULL,NULL,NULL,NULL,NULL,NULL,NULL,NULL,NULL,NULL,NULL,NULL,NULL,NULL,NULL,'9999999999','9999999999','9999999999'),(77,'1zz3x8z-rbeo-uklm-dpgd',NULL,'686 B1','686 B1',NULL,NULL,NULL,NULL,NULL,NULL,NULL,NULL,NULL,NULL,NULL,NULL,NULL,NULL,NULL,NULL,NULL,NULL,NULL,'9999999999','9999999999','9999999999'),(78,'7fx2cud-0nz1-mrz9-qjw7',NULL,'686 C1','686 C1',NULL,NULL,NULL,NULL,NULL,NULL,NULL,NULL,NULL,NULL,NULL,NULL,NULL,NULL,NULL,NULL,NULL,NULL,NULL,'9999999999','9999999999','9999999999'),(79,'oecep70-0gir-wser-jkd2',NULL,'687 B1','687 B1',NULL,NULL,NULL,NULL,NULL,NULL,NULL,NULL,NULL,NULL,NULL,NULL,NULL,NULL,NULL,NULL,NULL,NULL,NULL,'9999999999','9999999999','9999999999'),(80,'wsymrkv-brui-j00q-bs2y',NULL,'687 C1','687 C1',NULL,NULL,NULL,NULL,NULL,NULL,NULL,NULL,NULL,NULL,NULL,NULL,NULL,NULL,NULL,NULL,NULL,NULL,NULL,'9999999999','9999999999','9999999999'),(81,'a1mqle7-mzgw-f5lp-k2kr',NULL,'692 B1','692 B1',NULL,NULL,NULL,NULL,NULL,NULL,NULL,NULL,NULL,NULL,NULL,NULL,NULL,NULL,NULL,NULL,NULL,NULL,NULL,'9999999999','9999999999','9999999999'),(82,'43kmy2h-tfx9-j915-m1jc',NULL,'692 C1','692 C1',NULL,NULL,NULL,NULL,NULL,NULL,NULL,NULL,NULL,NULL,NULL,NULL,NULL,NULL,NULL,NULL,NULL,NULL,NULL,'9999999999','9999999999','9999999999'),(83,'22rojbc-q4dx-pwfh-sux6',NULL,'693 B1','693 B1',NULL,NULL,NULL,NULL,NULL,NULL,NULL,NULL,NULL,NULL,NULL,NULL,NULL,NULL,NULL,NULL,NULL,NULL,NULL,'9999999999','9999999999','9999999999'),(84,'yog2ie1-d9fq-6l4e-25vy',NULL,'693 C1','693 C1',NULL,NULL,NULL,NULL,NULL,NULL,NULL,NULL,NULL,NULL,NULL,NULL,NULL,NULL,NULL,NULL,NULL,NULL,NULL,'9999999999','9999999999','9999999999'),(85,'109frgz-pp6p-8k3x-ga1s',NULL,'710 B1','710 B1',NULL,NULL,NULL,NULL,NULL,NULL,NULL,NULL,NULL,NULL,NULL,NULL,NULL,NULL,NULL,NULL,NULL,NULL,NULL,'9999999999','9999999999','9999999999'),(86,'jdazo04-4hcq-c1ho-gf0b',NULL,'710 C1','710 C1',NULL,NULL,NULL,NULL,NULL,NULL,NULL,NULL,NULL,NULL,NULL,NULL,NULL,NULL,NULL,NULL,NULL,NULL,NULL,'9999999999','9999999999','9999999999'),(87,'65kogzw-f0i6-rbdt-4doe',NULL,'715 B1','715 B1',NULL,NULL,NULL,NULL,NULL,NULL,NULL,NULL,NULL,NULL,NULL,NULL,NULL,NULL,NULL,NULL,NULL,NULL,NULL,'9999999999','9999999999','9999999999'),(88,'dqrcj0u-rp7i-9x9m-2g44',NULL,'715 C1','715 C1',NULL,NULL,NULL,NULL,NULL,NULL,NULL,NULL,NULL,NULL,NULL,NULL,NULL,NULL,NULL,NULL,NULL,NULL,NULL,'9999999999','9999999999','9999999999'),(89,'8ih9bnl-vjhz-6u47-izuu',NULL,'716 B1','716 B1',NULL,NULL,NULL,NULL,NULL,NULL,NULL,NULL,NULL,NULL,NULL,NULL,NULL,NULL,NULL,NULL,NULL,NULL,NULL,'9999999999','9999999999','9999999999'),(90,'2u0hswn-80f9-ol8v-a524',NULL,'717 B1','717 B1',NULL,NULL,NULL,NULL,NULL,NULL,NULL,NULL,NULL,NULL,NULL,NULL,NULL,NULL,NULL,NULL,NULL,NULL,NULL,'9999999999','9999999999','9999999999'),(91,'kcxg9sb-3dnm-p8gj-lkj2',NULL,'717 C1','717 C1',NULL,NULL,NULL,NULL,NULL,NULL,NULL,NULL,NULL,NULL,NULL,NULL,NULL,NULL,NULL,NULL,NULL,NULL,NULL,'9999999999','9999999999','9999999999'),(92,'3a11amn-ccyy-8fk0-5rr6',NULL,'722 B1','722 B1',NULL,NULL,NULL,NULL,NULL,NULL,NULL,NULL,NULL,NULL,NULL,NULL,NULL,NULL,NULL,NULL,NULL,NULL,NULL,'9999999999','9999999999','9999999999'),(93,'yqfmf6b-decs-ubuc-q1ek',NULL,'722 C1','722 C1',NULL,NULL,NULL,NULL,NULL,NULL,NULL,NULL,NULL,NULL,NULL,NULL,NULL,NULL,NULL,NULL,NULL,NULL,NULL,'9999999999','9999999999','9999999999'),(94,'gykjdj3-xtta-rirp-805q',NULL,'723 B1','723 B1',NULL,NULL,NULL,NULL,NULL,NULL,NULL,NULL,NULL,NULL,NULL,NULL,NULL,NULL,NULL,NULL,NULL,NULL,NULL,'9999999999','9999999999','9999999999'),(95,'iz18ftt-t8dm-jt1n-5r6y',NULL,'724 B1','724 B1',NULL,NULL,NULL,NULL,NULL,NULL,NULL,NULL,NULL,NULL,NULL,NULL,NULL,NULL,NULL,NULL,NULL,NULL,NULL,'9999999999','9999999999','9999999999'),(96,'170ndq7-3zc9-0xoa-pnk3',NULL,'724 C1','724 C1',NULL,NULL,NULL,NULL,NULL,NULL,NULL,NULL,NULL,NULL,NULL,NULL,NULL,NULL,NULL,NULL,NULL,NULL,NULL,'9999999999','9999999999','9999999999'),(97,'12ciehf-3yh0-hgh4-7t21',NULL,'708 B1','708 B1',NULL,NULL,NULL,NULL,NULL,NULL,NULL,NULL,NULL,NULL,NULL,NULL,NULL,NULL,NULL,NULL,NULL,NULL,NULL,'9999999999','9999999999','9999999999'),(98,'7m5sg3x-966z-x762-9ymu',NULL,'708 C1','708 C1',NULL,NULL,NULL,NULL,NULL,NULL,NULL,NULL,NULL,NULL,NULL,NULL,NULL,NULL,NULL,NULL,NULL,NULL,NULL,'9999999999','9999999999','9999999999'),(99,'1gfz5hr-g1gu-7rnt-44kv',NULL,'737 B1','737 B1',NULL,NULL,NULL,NULL,NULL,NULL,NULL,NULL,NULL,NULL,NULL,NULL,NULL,NULL,NULL,NULL,NULL,NULL,NULL,'9999999999','9999999999','9999999999'),(100,'ooi9w12-xbc9-snek-pro9',NULL,'737 C1','737 C1',NULL,NULL,NULL,NULL,NULL,NULL,NULL,NULL,NULL,NULL,NULL,NULL,NULL,NULL,NULL,NULL,NULL,NULL,NULL,'9999999999','9999999999','9999999999'),(101,'3rvsafr-lebm-kd5v-g23v',NULL,'725 B1','725 B1',NULL,NULL,NULL,NULL,NULL,NULL,NULL,NULL,NULL,NULL,NULL,NULL,NULL,NULL,NULL,NULL,NULL,NULL,NULL,'9999999999','9999999999','9999999999'),(102,'uh4e4gd-f4at-av7h-brp2',NULL,'725 C1','725 C1',NULL,NULL,NULL,NULL,NULL,NULL,NULL,NULL,NULL,NULL,NULL,NULL,NULL,NULL,NULL,NULL,NULL,NULL,NULL,'9999999999','9999999999','9999999999'),(103,'esrmh46-88sc-rqbd-o3pd',NULL,'725 C2','725 C2',NULL,NULL,NULL,NULL,NULL,NULL,NULL,NULL,NULL,NULL,NULL,NULL,NULL,NULL,NULL,NULL,NULL,NULL,NULL,'9999999999','9999999999','9999999999'),(104,'69hknkh-wyqc-fovc-unxh',NULL,'729 B1','729 B1',NULL,NULL,NULL,NULL,NULL,NULL,NULL,NULL,NULL,NULL,NULL,NULL,NULL,NULL,NULL,NULL,NULL,NULL,NULL,'9999999999','9999999999','9999999999'),(105,'5ndtine-2ymd-nkb8-p8f6',NULL,'729 C1','729 C1',NULL,NULL,NULL,NULL,NULL,NULL,NULL,NULL,NULL,NULL,NULL,NULL,NULL,NULL,NULL,NULL,NULL,NULL,NULL,'9999999999','9999999999','9999999999'),(106,'dyp1jsn-qqwu-w3ag-k5la',NULL,'729 C2','729 C2',NULL,NULL,NULL,NULL,NULL,NULL,NULL,NULL,NULL,NULL,NULL,NULL,NULL,NULL,NULL,NULL,NULL,NULL,NULL,'9999999999','9999999999','9999999999'),(107,'7slp2nf-zfvv-lqt9-mjt8',NULL,'694 B1','694 B1',NULL,NULL,NULL,NULL,NULL,NULL,NULL,NULL,NULL,NULL,NULL,NULL,NULL,NULL,NULL,NULL,NULL,NULL,NULL,'9999999999','9999999999','9999999999'),(108,'i94dqzn-2zie-e0w5-f6yv',NULL,'694 C1','694 C1',NULL,NULL,NULL,NULL,NULL,NULL,NULL,NULL,NULL,NULL,NULL,NULL,NULL,NULL,NULL,NULL,NULL,NULL,NULL,'9999999999','9999999999','9999999999'),(109,'yvylcug-rkoe-vep8-gy8j',NULL,'694 C2','694 C2',NULL,NULL,NULL,NULL,NULL,NULL,NULL,NULL,NULL,NULL,NULL,NULL,NULL,NULL,NULL,NULL,NULL,NULL,NULL,'9999999999','9999999999','9999999999'),(110,'s1isf8z-3jei-z4kv-yufc',NULL,'694 C3','694 C3',NULL,NULL,NULL,NULL,NULL,NULL,NULL,NULL,NULL,NULL,NULL,NULL,NULL,NULL,NULL,NULL,NULL,NULL,NULL,'9999999999','9999999999','9999999999'),(111,'x39vvgt-m7sj-wxlq-irda',NULL,'694 C4','694 C4',NULL,NULL,NULL,NULL,NULL,NULL,NULL,NULL,NULL,NULL,NULL,NULL,NULL,NULL,NULL,NULL,NULL,NULL,NULL,'9999999999','9999999999','9999999999'),(112,'shaff0i-pzxv-o64b-255j',NULL,'694 C5','694 C5',NULL,NULL,NULL,NULL,NULL,NULL,NULL,NULL,NULL,NULL,NULL,NULL,NULL,NULL,NULL,NULL,NULL,NULL,NULL,'9999999999','9999999999','9999999999'),(113,'y8n1pqq-9x7y-igzj-xknn',NULL,'709 B1','709 B1',NULL,NULL,NULL,NULL,NULL,NULL,NULL,NULL,NULL,NULL,NULL,NULL,NULL,NULL,NULL,NULL,NULL,NULL,NULL,'9999999999','9999999999','9999999999'),(114,'fp66bcr-i795-dnpv-3s49',NULL,'709 C1','709 C1',NULL,NULL,NULL,NULL,NULL,NULL,NULL,NULL,NULL,NULL,NULL,NULL,NULL,NULL,NULL,NULL,NULL,NULL,NULL,'9999999999','9999999999','9999999999'),(115,'i3l7758-9ngs-2shj-mc8y',NULL,'709 C2','709 C2',NULL,NULL,NULL,NULL,NULL,NULL,NULL,NULL,NULL,NULL,NULL,NULL,NULL,NULL,NULL,NULL,NULL,NULL,NULL,'9999999999','9999999999','9999999999'),(116,'ehtrdgc-pc89-2i3o-rug4',NULL,'709 C3','709 C3',NULL,NULL,NULL,NULL,NULL,NULL,NULL,NULL,NULL,NULL,NULL,NULL,NULL,NULL,NULL,NULL,NULL,NULL,NULL,'9999999999','9999999999','9999999999'),(117,'5tqwd8u-v12a-ai38-9usj',NULL,'695 B1','695 B1',NULL,NULL,NULL,NULL,NULL,NULL,NULL,NULL,NULL,NULL,NULL,NULL,NULL,NULL,NULL,NULL,NULL,NULL,NULL,'9999999999','9999999999','9999999999'),(118,'ks323ik-gt4u-qnnc-fzcu',NULL,'695 C1','695 C1',NULL,NULL,NULL,NULL,NULL,NULL,NULL,NULL,NULL,NULL,NULL,NULL,NULL,NULL,NULL,NULL,NULL,NULL,NULL,'9999999999','9999999999','9999999999'),(119,'hgv9h2l-kkk4-zvau-6n6p',NULL,'696 B1','696 B1',NULL,NULL,NULL,NULL,NULL,NULL,NULL,NULL,NULL,NULL,NULL,NULL,NULL,NULL,NULL,NULL,NULL,NULL,NULL,'9999999999','9999999999','9999999999'),(120,'pln3m0m-6d9x-6jnb-91ba',NULL,'696 C1','696 C1',NULL,NULL,NULL,NULL,NULL,NULL,NULL,NULL,NULL,NULL,NULL,NULL,NULL,NULL,NULL,NULL,NULL,NULL,NULL,'9999999999','9999999999','9999999999'),(121,'mt5qjfn-qszn-v0v6-51ql',NULL,'697 B1','697 B1',NULL,NULL,NULL,NULL,NULL,NULL,NULL,NULL,NULL,NULL,NULL,NULL,NULL,NULL,NULL,NULL,NULL,NULL,NULL,'9999999999','9999999999','9999999999'),(122,'1af83hb-k4ea-e36z-snoc',NULL,'697 C1','697 C1',NULL,NULL,NULL,NULL,NULL,NULL,NULL,NULL,NULL,NULL,NULL,NULL,NULL,NULL,NULL,NULL,NULL,NULL,NULL,'9999999999','9999999999','9999999999'),(123,'lxi0rem-3gg7-2mgm-c0k7',NULL,'698 B1','698 B1',NULL,NULL,NULL,NULL,NULL,NULL,NULL,NULL,NULL,NULL,NULL,NULL,NULL,NULL,NULL,NULL,NULL,NULL,NULL,'9999999999','9999999999','9999999999'),(124,'wlu75hn-jxzl-ompl-1u3q',NULL,'698 C1','698 C1',NULL,NULL,NULL,NULL,NULL,NULL,NULL,NULL,NULL,NULL,NULL,NULL,NULL,NULL,NULL,NULL,NULL,NULL,NULL,'9999999999','9999999999','9999999999'),(125,'cffvjgn-f77m-kngj-verg',NULL,'700 B1','700 B1',NULL,NULL,NULL,NULL,NULL,NULL,NULL,NULL,NULL,NULL,NULL,NULL,NULL,NULL,NULL,NULL,NULL,NULL,NULL,'9999999999','9999999999','9999999999'),(126,'mdygfpg-zm05-crk3-m2kt',NULL,'700 C1','700 C1',NULL,NULL,NULL,NULL,NULL,NULL,NULL,NULL,NULL,NULL,NULL,NULL,NULL,NULL,NULL,NULL,NULL,NULL,NULL,'9999999999','9999999999','9999999999'),(127,'jlfwlew-rfbh-9j5q-3g1a',NULL,'699 B1','699 B1',NULL,NULL,NULL,NULL,NULL,NULL,NULL,NULL,NULL,NULL,NULL,NULL,NULL,NULL,NULL,NULL,NULL,NULL,NULL,'9999999999','9999999999','9999999999'),(128,'nwp9klz-hcqg-srea-aool',NULL,'701 B1','701 B1',NULL,NULL,NULL,NULL,NULL,NULL,NULL,NULL,NULL,NULL,NULL,NULL,NULL,NULL,NULL,NULL,NULL,NULL,NULL,'9999999999','9999999999','9999999999'),(129,'hfbjwft-dkee-txmg-z0r4',NULL,'701 C1','701 C1',NULL,NULL,NULL,NULL,NULL,NULL,NULL,NULL,NULL,NULL,NULL,NULL,NULL,NULL,NULL,NULL,NULL,NULL,NULL,'9999999999','9999999999','9999999999'),(130,'mcp9tas-62x7-lhvt-wl52',NULL,'702 B1','702 B1',NULL,NULL,NULL,NULL,NULL,NULL,NULL,NULL,NULL,NULL,NULL,NULL,NULL,NULL,NULL,NULL,NULL,NULL,NULL,'9999999999','9999999999','9999999999'),(131,'utzblot-x9rr-olsm-etp2',NULL,'702 C1','702 C1',NULL,NULL,NULL,NULL,NULL,NULL,NULL,NULL,NULL,NULL,NULL,NULL,NULL,NULL,NULL,NULL,NULL,NULL,NULL,'9999999999','9999999999','9999999999'),(132,'bthmq38-hjxp-2zxo-qkjr',NULL,'702 C2','702 C2',NULL,NULL,NULL,NULL,NULL,NULL,NULL,NULL,NULL,NULL,NULL,NULL,NULL,NULL,NULL,NULL,NULL,NULL,NULL,'9999999999','9999999999','9999999999'),(133,'6gh17k2-yhnd-na4t-wjqb',NULL,'702 C3','702 C3',NULL,NULL,NULL,NULL,NULL,NULL,NULL,NULL,NULL,NULL,NULL,NULL,NULL,NULL,NULL,NULL,NULL,NULL,NULL,'9999999999','9999999999','9999999999'),(134,'py6uxdp-zijf-kfpa-wcl5',NULL,'702 C4','702 C4',NULL,NULL,NULL,NULL,NULL,NULL,NULL,NULL,NULL,NULL,NULL,NULL,NULL,NULL,NULL,NULL,NULL,NULL,NULL,'9999999999','9999999999','9999999999'),(135,'rv48ac3-pwl7-dob1-0hvr',NULL,'703 B1','703 B1',NULL,NULL,NULL,NULL,NULL,NULL,NULL,NULL,NULL,NULL,NULL,NULL,NULL,NULL,NULL,NULL,NULL,NULL,NULL,'9999999999','9999999999','9999999999'),(136,'x8l2duf-ozzi-da3c-d6h9',NULL,'703 C1','703 C1',NULL,NULL,NULL,NULL,NULL,NULL,NULL,NULL,NULL,NULL,NULL,NULL,NULL,NULL,NULL,NULL,NULL,NULL,NULL,'9999999999','9999999999','9999999999'),(137,'bjqqp1n-h1to-4zi5-v71q',NULL,'704 B1','704 B1',NULL,NULL,NULL,NULL,NULL,NULL,NULL,NULL,NULL,NULL,NULL,NULL,NULL,NULL,NULL,NULL,NULL,NULL,NULL,'9999999999','9999999999','9999999999'),(138,'n6m3trk-o3h8-o4yz-vzi8',NULL,'704 C1','704 C1',NULL,NULL,NULL,NULL,NULL,NULL,NULL,NULL,NULL,NULL,NULL,NULL,NULL,NULL,NULL,NULL,NULL,NULL,NULL,'9999999999','9999999999','9999999999'),(139,'bl1if6q-ev81-mjzd-nr0x',NULL,'706 B1','706 B1',NULL,NULL,NULL,NULL,NULL,NULL,NULL,NULL,NULL,NULL,NULL,NULL,NULL,NULL,NULL,NULL,NULL,NULL,NULL,'9999999999','9999999999','9999999999'),(140,'1ucsxy1-3wq9-dd69-r9iv',NULL,'705 B1','705 B1',NULL,NULL,NULL,NULL,NULL,NULL,NULL,NULL,NULL,NULL,NULL,NULL,NULL,NULL,NULL,NULL,NULL,NULL,NULL,'9999999999','9999999999','9999999999'),(141,'oauw0v3-hcvk-mou8-6ycg',NULL,'705 C1','705 C1',NULL,NULL,NULL,NULL,NULL,NULL,NULL,NULL,NULL,NULL,NULL,NULL,NULL,NULL,NULL,NULL,NULL,NULL,NULL,'9999999999','9999999999','9999999999'),(142,'qw3oh26-wwab-ey8i-pvvx',NULL,'707 B1','707 B1',NULL,NULL,NULL,NULL,NULL,NULL,NULL,NULL,NULL,NULL,NULL,NULL,NULL,NULL,NULL,NULL,NULL,NULL,NULL,'9999999999','9999999999','9999999999'),(143,'x3ucepr-v2gu-7big-py1j',NULL,'707 C1','707 C1',NULL,NULL,NULL,NULL,NULL,NULL,NULL,NULL,NULL,NULL,NULL,NULL,NULL,NULL,NULL,NULL,NULL,NULL,NULL,'9999999999','9999999999','9999999999'),(144,'bbf0vd5-1dvu-tsro-4t57',NULL,'730 B1','730 B1',NULL,NULL,NULL,NULL,NULL,NULL,NULL,NULL,NULL,NULL,NULL,NULL,NULL,NULL,NULL,NULL,NULL,NULL,NULL,'9999999999','9999999999','9999999999'),(145,'6vupjmf-djkr-h4fo-153v',NULL,'731 B1','731 B1',NULL,NULL,NULL,NULL,NULL,NULL,NULL,NULL,NULL,NULL,NULL,NULL,NULL,NULL,NULL,NULL,NULL,NULL,NULL,'9999999999','9999999999','9999999999'),(146,'zf6uzd3-91p1-djn7-m6gy',NULL,'731 C1','731 C1',NULL,NULL,NULL,NULL,NULL,NULL,NULL,NULL,NULL,NULL,NULL,NULL,NULL,NULL,NULL,NULL,NULL,NULL,NULL,'9999999999','9999999999','9999999999'),(147,'r1b6s2g-ikz9-ooqv-owzq',NULL,'732 B1','732 B1',NULL,NULL,NULL,NULL,NULL,NULL,NULL,NULL,NULL,NULL,NULL,NULL,NULL,NULL,NULL,NULL,NULL,NULL,NULL,'9999999999','9999999999','9999999999'),(148,'w0fbsbv-jblp-7fnp-x3a2',NULL,'732 C1','732 C1',NULL,NULL,NULL,NULL,NULL,NULL,NULL,NULL,NULL,NULL,NULL,NULL,NULL,NULL,NULL,NULL,NULL,NULL,NULL,'9999999999','9999999999','9999999999'),(149,'az9zs5i-6y9n-j1ey-ieqz',NULL,'674 C2','674 C2',NULL,NULL,NULL,NULL,NULL,NULL,NULL,NULL,NULL,NULL,NULL,NULL,NULL,NULL,NULL,NULL,NULL,NULL,NULL,'9999999999','9999999999','9999999999'),(150,'weq0n6y-vr6m-092a-ptvg',NULL,'674 B1','674 B1',NULL,NULL,NULL,NULL,NULL,NULL,NULL,NULL,NULL,NULL,NULL,NULL,NULL,NULL,NULL,NULL,NULL,NULL,NULL,'9999999999','9999999999','9999999999'),(151,'ph2pvmj-0vyy-qszv-6qdn',NULL,'674 C1','674 C1',NULL,NULL,NULL,NULL,NULL,NULL,NULL,NULL,NULL,NULL,NULL,NULL,NULL,NULL,NULL,NULL,NULL,NULL,NULL,'9999999999','9999999999','9999999999');
/*!40000 ALTER TABLE `xmf_casillas` ENABLE KEYS */;
UNLOCK TABLES;

--
-- Table structure for table `xmf_casillas_incidencias`
--

DROP TABLE IF EXISTS `xmf_casillas_incidencias`;
/*!40101 SET @saved_cs_client     = @@character_set_client */;
/*!40101 SET character_set_client = utf8 */;
CREATE TABLE `xmf_casillas_incidencias` (
  `id` int(10) NOT NULL AUTO_INCREMENT,
  `xmf_casillas_id` int(10) unsigned DEFAULT NULL,
  `xmf_total_incidencias` int(10) unsigned DEFAULT NULL,
  `created` datetime DEFAULT NULL,
  `modified` datetime DEFAULT NULL,
  PRIMARY KEY (`id`)
) ENGINE=InnoDB DEFAULT CHARSET=latin1;
/*!40101 SET character_set_client = @saved_cs_client */;

--
-- Dumping data for table `xmf_casillas_incidencias`
--

LOCK TABLES `xmf_casillas_incidencias` WRITE;
/*!40000 ALTER TABLE `xmf_casillas_incidencias` DISABLE KEYS */;
/*!40000 ALTER TABLE `xmf_casillas_incidencias` ENABLE KEYS */;
UNLOCK TABLES;

--
-- Table structure for table `xmf_incidencias`
--

DROP TABLE IF EXISTS `xmf_incidencias`;
/*!40101 SET @saved_cs_client     = @@character_set_client */;
/*!40101 SET character_set_client = utf8 */;
CREATE TABLE `xmf_incidencias` (
  `id` int(10) unsigned NOT NULL AUTO_INCREMENT,
  `titulo` text DEFAULT NULL,
  `descripcion` text DEFAULT NULL,
  `created` datetime DEFAULT NULL,
  `modified` datetime DEFAULT NULL,
  PRIMARY KEY (`id`)
) ENGINE=InnoDB AUTO_INCREMENT=17 DEFAULT CHARSET=utf8mb4 COMMENT='TIPO INCIDENCIAS';
/*!40101 SET character_set_client = @saved_cs_client */;

--
-- Dumping data for table `xmf_incidencias`
--

LOCK TABLES `xmf_incidencias` WRITE;
/*!40000 ALTER TABLE `xmf_incidencias` DISABLE KEYS */;
INSERT INTO `xmf_incidencias` VALUES (1,'La casilla se instalo antes de las 7 am.','','2018-04-02 14:02:07','2018-04-02 14:02:07'),(2,'Falto material electoral (Boletas, tinta indeleble, listados nominales).','','2018-04-02 14:02:07','2018-04-02 14:02:07'),(3,'Se impidio el acceso a la casilla a los Representantes de Partido sin causa 8 justificada.','','2018-04-02 14:02:07','2018-04-02 14:02:07'),(4,'Se expulso de la casilla a los Representantes de Partido sin causa 11 justificada.','','2018-04-02 14:02:07','2018-04-02 14:02:07'),(5,'Se instalo la casilla, sin causa justificada, en lugar distinto al seﬁalado por el 14 Consejo Distrital.','','2018-04-02 14:02:07','2018-04-02 14:02:07'),(6,'Se recibio la votacion por personas distintas a las facultadas por la ley.','','2018-04-02 14:02:07','2018-04-02 14:02:07'),(7,'Se permitio sufragar a ciudadanos que no contaban con su credencial para votar con fotografia.','','2018-04-02 14:02:07','2018-04-02 14:02:07'),(8,'Se permitio sufragar a ciudadanos cuyo nombre no aparecio en la Lista Nominal de Electores con fotografia.','','2018-04-02 14:02:07','2018-04-02 14:02:07'),(9,'No se permitio sufragar a ciudadanos que contaban con sentencia favorable del Tribunal Electoral (JDC)','','2018-04-02 14:02:07','2018-04-02 14:02:07'),(10,'Se impidio el ejercicio del derecho al voto a los ciudadanos sin causa justificada.','','2018-04-02 14:02:07','2018-04-02 14:02:07'),(11,'Se ejercio violencia fisica o presién sobre los miembros de la Mesa Directiva de Casilla, Representantes de los Partidos o Electores.','','2018-04-02 14:02:07','2018-04-02 14:02:07'),(12,'Se cerro la votacion antes de las 17:00 horas sin que se hubiera agotado el listado nominal.','','2018-04-02 14:02:07','2018-04-02 14:02:07'),(13,'Medio dolo o error en el computo de los votos, lo cual fue determinante para el resultado de la votacion.','','2018-04-02 14:02:07','2018-04-02 14:02:07'),(14,'Se permitio la presencia de personas no acreditadas en la casilla.','','2018-04-02 14:02:07','2018-04-02 14:02:07'),(15,'Se realizo el escrutinio y computo local diferente al determinado por el Consejo Distrital','','2018-04-02 14:02:07','2018-04-02 14:02:07'),(16,'Exististieron Irregularidades graves, plenamente acreditadas y no reparables durante la jornada electoral','','2018-04-02 14:02:07','2018-04-02 14:02:07');
/*!40000 ALTER TABLE `xmf_incidencias` ENABLE KEYS */;
UNLOCK TABLES;

--
-- Table structure for table `xmf_partidos`
--

DROP TABLE IF EXISTS `xmf_partidos`;
/*!40101 SET @saved_cs_client     = @@character_set_client */;
/*!40101 SET character_set_client = utf8 */;
CREATE TABLE `xmf_partidos` (
  `id` int(10) unsigned NOT NULL AUTO_INCREMENT,
  `nombre` text DEFAULT NULL,
  `formula` text DEFAULT NULL,
  `is_coalicion` tinyint(1) NOT NULL DEFAULT 0,
  `has_parent` tinyint(1) NOT NULL DEFAULT 0,
  `parent_id` int(10) unsigned DEFAULT NULL,
  `is_funcionario` tinyint(1) NOT NULL DEFAULT 0,
  `funcionario_name` char(55) DEFAULT NULL,
  `funcionario_lastname` char(55) DEFAULT NULL,
  `description` text DEFAULT NULL,
  `created` datetime DEFAULT NULL,
  `modified` datetime DEFAULT NULL,
  `bloque` int(11) DEFAULT NULL,
  `orden` int(11) DEFAULT NULL,
  PRIMARY KEY (`id`)
) ENGINE=InnoDB AUTO_INCREMENT=40 DEFAULT CHARSET=utf8mb4 COMMENT='INFORMACION PARTIDOS';
/*!40101 SET character_set_client = @saved_cs_client */;

--
-- Dumping data for table `xmf_partidos`
--

LOCK TABLES `xmf_partidos` WRITE;
/*!40000 ALTER TABLE `xmf_partidos` DISABLE KEYS */;
INSERT INTO `xmf_partidos` VALUES (1,'PAN-PRD-PES','PAN',0,0,NULL,1,'RICARDO','ANAYA CORTES','','2018-04-02 14:02:07','2018-04-02 14:02:07',1,50),(2,'PRI','PRI',0,0,NULL,1,'JOSÉ ANTONIO','MEADE KURIBREÑA','','2018-04-02 14:02:07','2018-04-02 14:02:07',1,51),(3,'PAN-PRD-PES','PRD',0,0,NULL,1,'RICARDO','ANAYA CORTES','','2018-04-02 14:02:07','2018-04-02 14:02:07',1,52),(4,'MORENA-PT-VDE','PVE',0,0,NULL,1,'JOSÉ ANTONIO','MEADE KURIBREÑA','','2018-04-02 14:02:07','2018-04-02 14:02:07',2,53),(5,'MORENA-PT-VDE','PT',0,0,NULL,1,'ANDRÉS MANUEL','LÓPEZ OBRADOR','','2018-04-02 14:02:07','2018-04-02 14:02:07',2,55),(6,'MC','MC',0,0,NULL,1,'RICARDO','ANAYA CORTES','','2018-04-02 14:02:07','2018-04-02 14:02:07',2,54),(7,'MAS','MAS',0,0,NULL,1,'JOSÉ ANTONIO','MEADE KURIBREÑA','','2018-04-02 14:02:07','2018-04-02 14:02:07',3,55),(8,'MORENA-PT-VDE','MORENA',0,0,NULL,1,'ANDRÉS MANUEL','LÓPEZ OBRADOR','','2018-04-02 14:02:07','2018-04-02 14:02:07',3,56),(9,'PAN-PRD-PES','PES',0,0,NULL,1,'ANDRÉS MANUEL','LÓPEZ OBRADOR','','2018-04-02 14:02:07','2018-04-02 14:02:07',3,57),(10,'PAN-PRD-PES','PAN PRD PES',1,0,NULL,0,'','','','2018-04-02 14:02:07','2018-04-02 14:02:07',NULL,10),(11,'PAN-PRD-PES','PAN PRD',1,1,10,0,'','','','2018-04-02 14:02:07','2018-04-02 14:02:07',NULL,11),(12,'PAN-PRD-PES','PAN PES',1,1,10,0,'','','','2018-04-02 14:02:07','2018-04-02 14:02:07',NULL,12),(13,'PAN-PRD-PES','PRD PES',1,1,10,0,'','','','2018-04-02 14:02:07','2018-04-02 14:02:07',NULL,13),(14,'PRI PVE PANAL','PRI PVE PANAL',0,1,NULL,0,'','','','2018-04-02 14:02:07','2018-04-02 14:02:07',NULL,20),(15,'PRI PVE','PRI PVE',0,1,14,0,'','','','2018-04-02 14:02:07','2018-04-02 14:02:07',NULL,21),(16,'PRI PANAL','PRI PANAL',0,1,14,0,'','','','2018-04-02 14:02:07','2018-04-02 14:02:07',NULL,22),(17,'PVE PANAL','PVE PANAL',0,1,14,0,'','','','2018-04-02 14:02:07','2018-04-02 14:02:07',NULL,23),(18,'Presidente','Presidente',0,0,NULL,1,'name','lastname','','2018-04-02 14:02:07','2018-04-02 14:02:07',4,1),(19,'Secretario','Secretario',0,0,NULL,1,'name','lastname','','2018-04-02 14:02:07','2018-04-02 14:02:07',4,2),(20,'Escrutador I','Escrutador I',0,0,NULL,1,'name','lastname','','2018-04-02 14:02:07','2018-04-02 14:02:07',5,1),(21,'Escrutador II','Escrutador II',0,0,NULL,1,'name','lastname','','2018-04-02 14:02:07','2018-04-02 14:02:07',5,2),(22,'Suplente I','Suplente I',0,0,NULL,1,'name','lastname','','2018-04-02 14:02:07','2018-04-02 14:02:07',6,1),(23,'Suplente II','Suplente II',0,0,NULL,1,'name','lastname','','2018-04-02 14:02:07','2018-04-02 14:02:07',6,2),(24,'Suplente III','Suplente III',0,0,NULL,1,'name','lastname','','2018-04-02 14:02:07','2018-04-02 14:02:07',6,3),(25,'Secretario II','Secretario II',0,0,0,1,NULL,NULL,NULL,NULL,NULL,4,3),(26,'Escrutador III','Escrutador III',0,0,0,1,NULL,NULL,NULL,NULL,NULL,5,3),(27,'MORENA-PT-VDE','MORENA PT VDE',1,0,NULL,0,'','','','2018-04-17 20:10:46','2018-04-17 20:10:46',NULL,30),(28,'MORENA-PT-VDE','MORENA VDE',1,1,27,0,'','','','2018-04-17 20:16:57','2018-04-17 20:16:57',NULL,31),(29,'MORENA-PT-VDE','MORENA PT',1,1,27,0,'','','','2018-04-17 20:20:15','2018-04-17 20:20:15',NULL,32),(30,'MORENA-PT-VDE','PT VDE',1,1,27,0,'','','','2018-04-17 20:23:06','2018-04-17 20:23:06',NULL,33),(31,'Margarita Zavala','Margarita Zavala',0,0,0,0,'MARGARITA ESTER','ZAVALA GÓMEZ DEL CAMPO','','2018-04-17 21:14:21','2018-04-17 21:14:21',NULL,61),(32,'Bronco','Bronco',0,0,0,0,'JAIME HELIODORO','RODRÍGUEZ CALDERÓN','','2018-04-17 21:14:29','2018-04-17 21:14:29',NULL,60),(33,'Votos Nulos','Votos Nulos',0,0,0,1,'','','','2018-04-17 21:14:35','2018-04-17 21:14:35',1,90),(34,'No Registrados','No Registrados',0,0,0,1,'','','','2018-04-17 21:14:39','2018-04-17 21:14:39',1,80),(36,'MORENA-PT','MORENA-PT',0,0,0,0,'LÓPEZ OBRADOR','LÓPEZ OBRADOR',NULL,NULL,NULL,NULL,59),(37,'MORENA-PT-VDE','MORENA',0,0,NULL,1,'ANDRÉS MANUEL','LÓPEZ OBRADOR','','2018-04-02 14:02:07','2018-04-02 14:02:07',3,56),(38,'MORENA-PT-VDE','PT',0,0,NULL,1,'ANDRÉS MANUEL','LÓPEZ OBRADOR','','2018-04-02 14:02:07','2018-04-02 14:02:07',2,55),(39,'CQ','CQ',0,0,NULL,1,'JOSÉ ANTONIO','MEADE KURIBREÑA','','2018-04-02 14:02:07','2018-04-02 14:02:07',3,58);
/*!40000 ALTER TABLE `xmf_partidos` ENABLE KEYS */;
UNLOCK TABLES;

--
-- Table structure for table `xmf_presences_references`
--

DROP TABLE IF EXISTS `xmf_presences_references`;
/*!40101 SET @saved_cs_client     = @@character_set_client */;
/*!40101 SET character_set_client = utf8 */;
CREATE TABLE `xmf_presences_references` (
  `id` int(10) unsigned NOT NULL AUTO_INCREMENT,
  `xmf_casillas_id` int(10) unsigned NOT NULL,
  `xmf_partidos_id` int(10) unsigned NOT NULL,
  `is_present` tinyint(1) DEFAULT NULL,
  `created` datetime DEFAULT NULL,
  `modified` datetime DEFAULT NULL,
  PRIMARY KEY (`id`)
) ENGINE=InnoDB DEFAULT CHARSET=utf8mb4;
/*!40101 SET character_set_client = @saved_cs_client */;

--
-- Dumping data for table `xmf_presences_references`
--

LOCK TABLES `xmf_presences_references` WRITE;
/*!40000 ALTER TABLE `xmf_presences_references` DISABLE KEYS */;
/*!40000 ALTER TABLE `xmf_presences_references` ENABLE KEYS */;
UNLOCK TABLES;

--
-- Temporary table structure for view `xmf_primer_reporte`
--

DROP TABLE IF EXISTS `xmf_primer_reporte`;
/*!50001 DROP VIEW IF EXISTS `xmf_primer_reporte`*/;
SET @saved_cs_client     = @@character_set_client;
SET character_set_client = utf8;
/*!50001 CREATE TABLE `xmf_primer_reporte` (
  `representante` tinyint NOT NULL,
  `xmf_casillas_id` tinyint NOT NULL,
  `xmf_partidos_id` tinyint NOT NULL,
  `nombre` tinyint NOT NULL,
  `bloque` tinyint NOT NULL,
  `orden` tinyint NOT NULL,
  `is_present` tinyint NOT NULL,
  `casilla` tinyint NOT NULL,
  `lugar_indicado` tinyint NOT NULL,
  `gente_fila` tinyint NOT NULL,
  `nombres_fila` tinyint NOT NULL
) ENGINE=MyISAM */;
SET character_set_client = @saved_cs_client;

--
-- Temporary table structure for view `xmf_primer_reporte_tab`
--

DROP TABLE IF EXISTS `xmf_primer_reporte_tab`;
/*!50001 DROP VIEW IF EXISTS `xmf_primer_reporte_tab`*/;
SET @saved_cs_client     = @@character_set_client;
SET character_set_client = utf8;
/*!50001 CREATE TABLE `xmf_primer_reporte_tab` (
  `xmf_casillas_id` tinyint NOT NULL,
  `name` tinyint NOT NULL,
  `rg_telefono` tinyint NOT NULL,
  `rc_telefono` tinyint NOT NULL
) ENGINE=MyISAM */;
SET character_set_client = @saved_cs_client;

--
-- Temporary table structure for view `xmf_reapers`
--

DROP TABLE IF EXISTS `xmf_reapers`;
/*!50001 DROP VIEW IF EXISTS `xmf_reapers`*/;
SET @saved_cs_client     = @@character_set_client;
SET character_set_client = utf8;
/*!50001 CREATE TABLE `xmf_reapers` (
  `casillas_index` tinyint NOT NULL,
  `name` tinyint NOT NULL,
  `municipio` tinyint NOT NULL,
  `seccion` tinyint NOT NULL,
  `clave_agrupamiento` tinyint NOT NULL,
  `tipo_casilla` tinyint NOT NULL,
  `urbana` tinyint NOT NULL,
  `distrito` tinyint NOT NULL,
  `locacion` tinyint NOT NULL,
  `hora_instalacion` tinyint NOT NULL,
  `hora_inicio` tinyint NOT NULL,
  `hora_cierre` tinyint NOT NULL,
  `nombre` tinyint NOT NULL,
  `formula` tinyint NOT NULL,
  `is_coalicion` tinyint NOT NULL,
  `is_funcionario` tinyint NOT NULL,
  `has_parent` tinyint NOT NULL,
  `parent_id` tinyint NOT NULL,
  `tipo` tinyint NOT NULL,
  `bloque` tinyint NOT NULL,
  `orden` tinyint NOT NULL,
  `id` tinyint NOT NULL,
  `xmf_casillas_id` tinyint NOT NULL,
  `xmf_tipo_votaciones_id` tinyint NOT NULL,
  `xmf_partidos_id` tinyint NOT NULL,
  `votes` tinyint NOT NULL
) ENGINE=MyISAM */;
SET character_set_client = @saved_cs_client;

--
-- Table structure for table `xmf_reports`
--

DROP TABLE IF EXISTS `xmf_reports`;
/*!40101 SET @saved_cs_client     = @@character_set_client */;
/*!40101 SET character_set_client = utf8 */;
CREATE TABLE `xmf_reports` (
  `id` int(10) unsigned NOT NULL AUTO_INCREMENT,
  `xmf_reports_controls_id` int(10) unsigned NOT NULL,
  `xmf_reports_definitions_id` int(10) unsigned NOT NULL,
  `xmf_casillas_id` int(10) unsigned NOT NULL,
  `xmf_partidos_id` int(10) unsigned NOT NULL,
  `xmf_tipo_votaciones_id` int(10) unsigned NOT NULL,
  `created` datetime DEFAULT NULL,
  `modified` datetime DEFAULT NULL,
  PRIMARY KEY (`id`)
) ENGINE=InnoDB DEFAULT CHARSET=utf8mb4;
/*!40101 SET character_set_client = @saved_cs_client */;

--
-- Dumping data for table `xmf_reports`
--

LOCK TABLES `xmf_reports` WRITE;
/*!40000 ALTER TABLE `xmf_reports` DISABLE KEYS */;
/*!40000 ALTER TABLE `xmf_reports` ENABLE KEYS */;
UNLOCK TABLES;

--
-- Table structure for table `xmf_reports_cierre`
--

DROP TABLE IF EXISTS `xmf_reports_cierre`;
/*!40101 SET @saved_cs_client     = @@character_set_client */;
/*!40101 SET character_set_client = utf8 */;
CREATE TABLE `xmf_reports_cierre` (
  `id` int(11) NOT NULL AUTO_INCREMENT,
  `xmf_casillas_id` int(11) NOT NULL,
  `hr_cierre` time DEFAULT NULL,
  `habia_gente_fila` tinyint(2) DEFAULT NULL,
  `votantes` int(11) DEFAULT NULL,
  `promovidos` int(11) DEFAULT NULL,
  `info_validada` tinyint(2) DEFAULT NULL,
  `created` datetime DEFAULT NULL,
  `modified` datetime DEFAULT NULL,
  PRIMARY KEY (`id`)
) ENGINE=InnoDB DEFAULT CHARSET=utf8mb4;
/*!40101 SET character_set_client = @saved_cs_client */;

--
-- Dumping data for table `xmf_reports_cierre`
--

LOCK TABLES `xmf_reports_cierre` WRITE;
/*!40000 ALTER TABLE `xmf_reports_cierre` DISABLE KEYS */;
/*!40000 ALTER TABLE `xmf_reports_cierre` ENABLE KEYS */;
UNLOCK TABLES;

--
-- Table structure for table `xmf_reports_config_definitions`
--

DROP TABLE IF EXISTS `xmf_reports_config_definitions`;
/*!40101 SET @saved_cs_client     = @@character_set_client */;
/*!40101 SET character_set_client = utf8 */;
CREATE TABLE `xmf_reports_config_definitions` (
  `id` int(10) unsigned NOT NULL AUTO_INCREMENT,
  `xmf_reports_definitions_id` int(10) unsigned NOT NULL,
  `field_name` char(1) DEFAULT NULL,
  `description` text DEFAULT NULL,
  `created` datetime DEFAULT NULL,
  `modified` datetime DEFAULT NULL,
  PRIMARY KEY (`id`)
) ENGINE=InnoDB DEFAULT CHARSET=utf8mb4;
/*!40101 SET character_set_client = @saved_cs_client */;

--
-- Dumping data for table `xmf_reports_config_definitions`
--

LOCK TABLES `xmf_reports_config_definitions` WRITE;
/*!40000 ALTER TABLE `xmf_reports_config_definitions` DISABLE KEYS */;
/*!40000 ALTER TABLE `xmf_reports_config_definitions` ENABLE KEYS */;
UNLOCK TABLES;

--
-- Table structure for table `xmf_reports_controls`
--

DROP TABLE IF EXISTS `xmf_reports_controls`;
/*!40101 SET @saved_cs_client     = @@character_set_client */;
/*!40101 SET character_set_client = utf8 */;
CREATE TABLE `xmf_reports_controls` (
  `id` int(10) unsigned NOT NULL AUTO_INCREMENT,
  `xmf_reports_id` int(10) unsigned NOT NULL,
  `xmf_users_id` int(10) unsigned NOT NULL,
  `xmf_roles_id` int(10) unsigned NOT NULL,
  `is_user_config` tinyint(1) DEFAULT 0,
  `is_role_config` tinyint(1) DEFAULT 1,
  `xmf_validations_id` int(10) unsigned NOT NULL,
  `created` datetime DEFAULT NULL,
  `modified` datetime DEFAULT NULL,
  PRIMARY KEY (`id`)
) ENGINE=InnoDB DEFAULT CHARSET=utf8mb4;
/*!40101 SET character_set_client = @saved_cs_client */;

--
-- Dumping data for table `xmf_reports_controls`
--

LOCK TABLES `xmf_reports_controls` WRITE;
/*!40000 ALTER TABLE `xmf_reports_controls` DISABLE KEYS */;
/*!40000 ALTER TABLE `xmf_reports_controls` ENABLE KEYS */;
UNLOCK TABLES;

--
-- Table structure for table `xmf_reports_definitions`
--

DROP TABLE IF EXISTS `xmf_reports_definitions`;
/*!40101 SET @saved_cs_client     = @@character_set_client */;
/*!40101 SET character_set_client = utf8 */;
CREATE TABLE `xmf_reports_definitions` (
  `id` int(10) unsigned NOT NULL AUTO_INCREMENT,
  `name` char(50) DEFAULT NULL,
  `description` text DEFAULT NULL,
  `created` datetime DEFAULT NULL,
  `modified` datetime DEFAULT NULL,
  PRIMARY KEY (`id`)
) ENGINE=InnoDB AUTO_INCREMENT=5 DEFAULT CHARSET=utf8mb4;
/*!40101 SET character_set_client = @saved_cs_client */;

--
-- Dumping data for table `xmf_reports_definitions`
--

LOCK TABLES `xmf_reports_definitions` WRITE;
/*!40000 ALTER TABLE `xmf_reports_definitions` DISABLE KEYS */;
INSERT INTO `xmf_reports_definitions` VALUES (1,'first','reporte_primero','2018-04-02 14:02:07','2018-04-02 14:02:07'),(2,'second','reporte_segundo','2018-04-02 14:02:07','2018-04-02 14:02:07'),(3,'third','reporte_tercero','2018-04-02 14:02:07','2018-04-02 14:02:07'),(4,'fourth','reporte_final','2018-04-02 14:02:07','2018-04-02 14:02:07');
/*!40000 ALTER TABLE `xmf_reports_definitions` ENABLE KEYS */;
UNLOCK TABLES;

--
-- Table structure for table `xmf_reports_segundo_tercero`
--

DROP TABLE IF EXISTS `xmf_reports_segundo_tercero`;
/*!40101 SET @saved_cs_client     = @@character_set_client */;
/*!40101 SET character_set_client = utf8 */;
CREATE TABLE `xmf_reports_segundo_tercero` (
  `id` int(11) NOT NULL AUTO_INCREMENT,
  `votantes_segundo` int(11) DEFAULT NULL,
  `promovidos_segundo` int(11) DEFAULT NULL,
  `hr_voto_segundo` time DEFAULT NULL,
  `votantes_tercero` int(11) DEFAULT NULL,
  `promovidos_tercero` int(11) DEFAULT NULL,
  `hr_voto_tercero` time DEFAULT NULL,
  `info_validada` tinyint(2) DEFAULT NULL,
  `created` datetime DEFAULT NULL,
  `modified` datetime DEFAULT NULL,
  `xmf_casillas_id` int(11) DEFAULT NULL,
  PRIMARY KEY (`id`)
) ENGINE=InnoDB DEFAULT CHARSET=utf8mb4;
/*!40101 SET character_set_client = @saved_cs_client */;

--
-- Dumping data for table `xmf_reports_segundo_tercero`
--

LOCK TABLES `xmf_reports_segundo_tercero` WRITE;
/*!40000 ALTER TABLE `xmf_reports_segundo_tercero` DISABLE KEYS */;
/*!40000 ALTER TABLE `xmf_reports_segundo_tercero` ENABLE KEYS */;
UNLOCK TABLES;

--
-- Table structure for table `xmf_tipo_votaciones`
--

DROP TABLE IF EXISTS `xmf_tipo_votaciones`;
/*!40101 SET @saved_cs_client     = @@character_set_client */;
/*!40101 SET character_set_client = utf8 */;
CREATE TABLE `xmf_tipo_votaciones` (
  `id` int(10) unsigned NOT NULL AUTO_INCREMENT,
  `tipo` char(50) DEFAULT NULL,
  `description` text DEFAULT NULL,
  `created` datetime DEFAULT NULL,
  `modified` datetime DEFAULT NULL,
  PRIMARY KEY (`id`)
) ENGINE=InnoDB AUTO_INCREMENT=5 DEFAULT CHARSET=utf8mb4;
/*!40101 SET character_set_client = @saved_cs_client */;

--
-- Dumping data for table `xmf_tipo_votaciones`
--

LOCK TABLES `xmf_tipo_votaciones` WRITE;
/*!40000 ALTER TABLE `xmf_tipo_votaciones` DISABLE KEYS */;
INSERT INTO `xmf_tipo_votaciones` VALUES (1,'Presidente','','2018-04-02 14:02:07','2018-04-02 14:02:07'),(2,'Senador','','2018-04-02 14:02:07','2018-04-02 14:02:07'),(3,'Diputado','','2018-04-02 14:02:07','2018-04-02 14:02:07'),(4,'Ayuntamiento','','2018-04-02 14:02:07','2018-04-02 14:02:07');
/*!40000 ALTER TABLE `xmf_tipo_votaciones` ENABLE KEYS */;
UNLOCK TABLES;

--
-- Table structure for table `xmf_validations`
--

DROP TABLE IF EXISTS `xmf_validations`;
/*!40101 SET @saved_cs_client     = @@character_set_client */;
/*!40101 SET character_set_client = utf8 */;
CREATE TABLE `xmf_validations` (
  `id` int(10) unsigned NOT NULL AUTO_INCREMENT,
  `reports_id` int(10) unsigned NOT NULL,
  `level` tinyint(4) NOT NULL,
  `level_validation` tinyint(1) DEFAULT NULL,
  `created` datetime DEFAULT NULL,
  `modified` datetime DEFAULT NULL,
  PRIMARY KEY (`id`)
) ENGINE=InnoDB DEFAULT CHARSET=utf8mb4;
/*!40101 SET character_set_client = @saved_cs_client */;

--
-- Dumping data for table `xmf_validations`
--

LOCK TABLES `xmf_validations` WRITE;
/*!40000 ALTER TABLE `xmf_validations` DISABLE KEYS */;
/*!40000 ALTER TABLE `xmf_validations` ENABLE KEYS */;
UNLOCK TABLES;

--
-- Table structure for table `xmf_validations_configs`
--

DROP TABLE IF EXISTS `xmf_validations_configs`;
/*!40101 SET @saved_cs_client     = @@character_set_client */;
/*!40101 SET character_set_client = utf8 */;
CREATE TABLE `xmf_validations_configs` (
  `id` int(10) unsigned NOT NULL AUTO_INCREMENT,
  `top_level` tinyint(4) NOT NULL,
  `role_id` char(36) DEFAULT NULL,
  `created` datetime DEFAULT NULL,
  `modified` datetime DEFAULT NULL,
  PRIMARY KEY (`id`)
) ENGINE=InnoDB DEFAULT CHARSET=utf8mb4;
/*!40101 SET character_set_client = @saved_cs_client */;

--
-- Dumping data for table `xmf_validations_configs`
--

LOCK TABLES `xmf_validations_configs` WRITE;
/*!40000 ALTER TABLE `xmf_validations_configs` DISABLE KEYS */;
/*!40000 ALTER TABLE `xmf_validations_configs` ENABLE KEYS */;
UNLOCK TABLES;

--
-- Table structure for table `xmf_validations_logs`
--

DROP TABLE IF EXISTS `xmf_validations_logs`;
/*!40101 SET @saved_cs_client     = @@character_set_client */;
/*!40101 SET character_set_client = utf8 */;
CREATE TABLE `xmf_validations_logs` (
  `id` int(10) unsigned NOT NULL AUTO_INCREMENT,
  `xmf_reports_id` int(10) unsigned NOT NULL,
  `xmf_validations_id` int(10) unsigned NOT NULL,
  `xmf_validations_configs_id` int(10) unsigned NOT NULL,
  `level` tinyint(4) NOT NULL,
  `level_validation` tinyint(1) DEFAULT NULL,
  `created` datetime DEFAULT NULL,
  `modified` datetime DEFAULT NULL,
  PRIMARY KEY (`id`)
) ENGINE=InnoDB DEFAULT CHARSET=utf8mb4;
/*!40101 SET character_set_client = @saved_cs_client */;

--
-- Dumping data for table `xmf_validations_logs`
--

LOCK TABLES `xmf_validations_logs` WRITE;
/*!40000 ALTER TABLE `xmf_validations_logs` DISABLE KEYS */;
/*!40000 ALTER TABLE `xmf_validations_logs` ENABLE KEYS */;
UNLOCK TABLES;

--
-- Temporary table structure for view `xmf_view_count_header`
--

DROP TABLE IF EXISTS `xmf_view_count_header`;
/*!50001 DROP VIEW IF EXISTS `xmf_view_count_header`*/;
SET @saved_cs_client     = @@character_set_client;
SET character_set_client = utf8;
/*!50001 CREATE TABLE `xmf_view_count_header` (
  `status` tinyint NOT NULL,
  `rg_id` tinyint NOT NULL,
  `presencias` tinyint NOT NULL,
  `ausencias` tinyint NOT NULL,
  `instaladas` tinyint NOT NULL,
  `abiertas` tinyint NOT NULL,
  `cerradas` tinyint NOT NULL
) ENGINE=MyISAM */;
SET character_set_client = @saved_cs_client;

--
-- Temporary table structure for view `xmf_view_reporte_segundos_terceros`
--

DROP TABLE IF EXISTS `xmf_view_reporte_segundos_terceros`;
/*!50001 DROP VIEW IF EXISTS `xmf_view_reporte_segundos_terceros`*/;
SET @saved_cs_client     = @@character_set_client;
SET character_set_client = utf8;
/*!50001 CREATE TABLE `xmf_view_reporte_segundos_terceros` (
  `xmf_casillas_id` tinyint NOT NULL,
  `name` tinyint NOT NULL,
  `votantes_segundo` tinyint NOT NULL,
  `promovidos_segundo` tinyint NOT NULL,
  `votantes_tercero` tinyint NOT NULL,
  `promovidos_tercero` tinyint NOT NULL,
  `is_twelve` tinyint NOT NULL,
  `is_thirdteen` tinyint NOT NULL
) ENGINE=MyISAM */;
SET character_set_client = @saved_cs_client;

--
-- Table structure for table `xmf_votes`
--

DROP TABLE IF EXISTS `xmf_votes`;
/*!40101 SET @saved_cs_client     = @@character_set_client */;
/*!40101 SET character_set_client = utf8 */;
CREATE TABLE `xmf_votes` (
  `id` int(10) unsigned NOT NULL AUTO_INCREMENT,
  `xmf_casillas_id` int(10) unsigned NOT NULL,
  `xmf_tipo_votaciones_id` int(10) unsigned NOT NULL,
  `xmf_partidos_id` int(10) unsigned NOT NULL,
  `votes` int(10) unsigned NOT NULL,
  `created` datetime DEFAULT NULL,
  `modified` datetime DEFAULT NULL,
  PRIMARY KEY (`id`)
) ENGINE=InnoDB DEFAULT CHARSET=utf8mb4;
/*!40101 SET character_set_client = @saved_cs_client */;

--
-- Dumping data for table `xmf_votes`
--

LOCK TABLES `xmf_votes` WRITE;
/*!40000 ALTER TABLE `xmf_votes` DISABLE KEYS */;
/*!40000 ALTER TABLE `xmf_votes` ENABLE KEYS */;
UNLOCK TABLES;

--
-- Final view structure for view `xmf_primer_reporte`
--

/*!50001 DROP TABLE IF EXISTS `xmf_primer_reporte`*/;
/*!50001 DROP VIEW IF EXISTS `xmf_primer_reporte`*/;
/*!50001 SET @saved_cs_client          = @@character_set_client */;
/*!50001 SET @saved_cs_results         = @@character_set_results */;
/*!50001 SET @saved_col_connection     = @@collation_connection */;
/*!50001 SET character_set_client      = utf8 */;
/*!50001 SET character_set_results     = utf8 */;
/*!50001 SET collation_connection      = utf8_general_ci */;
/*!50001 CREATE ALGORITHM=UNDEFINED */
/*!50013 DEFINER=`root`@`localhost` SQL SECURITY DEFINER */
/*!50001 VIEW `xmf_primer_reporte` AS (select concat(`p`.`funcionario_name`,' ',`p`.`funcionario_lastname`) AS `representante`,`r`.`xmf_casillas_id` AS `xmf_casillas_id`,`r`.`xmf_partidos_id` AS `xmf_partidos_id`,`p`.`formula` AS `nombre`,`p`.`bloque` AS `bloque`,`p`.`orden` AS `orden`,`r`.`is_present` AS `is_present`,`c`.`name` AS `casilla`,`c`.`lugar_indicado` AS `lugar_indicado`,`c`.`gente_fila` AS `gente_fila`,`c`.`nombres_fila` AS `nombres_fila` from (`xmf_partidos` `p` join (`xmf_casillas` `c` join `xmf_presences_references` `r` on(`r`.`xmf_casillas_id` = `c`.`id`)) on(`r`.`xmf_partidos_id` = `p`.`id`)) order by `p`.`bloque`,`p`.`orden`) */;
/*!50001 SET character_set_client      = @saved_cs_client */;
/*!50001 SET character_set_results     = @saved_cs_results */;
/*!50001 SET collation_connection      = @saved_col_connection */;

--
-- Final view structure for view `xmf_primer_reporte_tab`
--

/*!50001 DROP TABLE IF EXISTS `xmf_primer_reporte_tab`*/;
/*!50001 DROP VIEW IF EXISTS `xmf_primer_reporte_tab`*/;
/*!50001 SET @saved_cs_client          = @@character_set_client */;
/*!50001 SET @saved_cs_results         = @@character_set_results */;
/*!50001 SET @saved_col_connection     = @@collation_connection */;
/*!50001 SET character_set_client      = utf8 */;
/*!50001 SET character_set_results     = utf8 */;
/*!50001 SET collation_connection      = utf8_general_ci */;
/*!50001 CREATE ALGORITHM=UNDEFINED */
/*!50013 DEFINER=`root`@`localhost` SQL SECURITY DEFINER */
/*!50001 VIEW `xmf_primer_reporte_tab` AS (select distinct `pr`.`xmf_casillas_id` AS `xmf_casillas_id`,`c`.`name` AS `name`,`c`.`rg_telefono` AS `rg_telefono`,`c`.`rc_telefono` AS `rc_telefono` from (`xmf_presences_references` `pr` join `xmf_casillas` `c` on(`pr`.`xmf_casillas_id` = `c`.`id`))) */;
/*!50001 SET character_set_client      = @saved_cs_client */;
/*!50001 SET character_set_results     = @saved_cs_results */;
/*!50001 SET collation_connection      = @saved_col_connection */;

--
-- Final view structure for view `xmf_reapers`
--

/*!50001 DROP TABLE IF EXISTS `xmf_reapers`*/;
/*!50001 DROP VIEW IF EXISTS `xmf_reapers`*/;
/*!50001 SET @saved_cs_client          = @@character_set_client */;
/*!50001 SET @saved_cs_results         = @@character_set_results */;
/*!50001 SET @saved_col_connection     = @@collation_connection */;
/*!50001 SET character_set_client      = utf8 */;
/*!50001 SET character_set_results     = utf8 */;
/*!50001 SET collation_connection      = utf8_general_ci */;
/*!50001 CREATE ALGORITHM=UNDEFINED */
/*!50013 DEFINER=`root`@`localhost` SQL SECURITY DEFINER */
/*!50001 VIEW `xmf_reapers` AS (select `cas`.`id` AS `casillas_index`,`cas`.`name` AS `name`,`cas`.`municipio` AS `municipio`,`cas`.`seccion` AS `seccion`,`cas`.`clave_agrupamiento` AS `clave_agrupamiento`,`cas`.`tipo_casilla` AS `tipo_casilla`,`cas`.`urbana` AS `urbana`,`cas`.`distrito` AS `distrito`,`cas`.`locacion` AS `locacion`,`cas`.`hora_instalacion` AS `hora_instalacion`,`cas`.`hora_inicio` AS `hora_inicio`,`cas`.`hora_cierre` AS `hora_cierre`,`partition`.`nombre` AS `nombre`,`partition`.`formula` AS `formula`,`partition`.`is_coalicion` AS `is_coalicion`,`partition`.`is_funcionario` AS `is_funcionario`,`partition`.`has_parent` AS `has_parent`,`partition`.`parent_id` AS `parent_id`,`tvt`.`tipo` AS `tipo`,`partition`.`bloque` AS `bloque`,`partition`.`orden` AS `orden`,`vts`.`id` AS `id`,`vts`.`xmf_casillas_id` AS `xmf_casillas_id`,`vts`.`xmf_tipo_votaciones_id` AS `xmf_tipo_votaciones_id`,`vts`.`xmf_partidos_id` AS `xmf_partidos_id`,`vts`.`votes` AS `votes` from (((`xmf_casillas` `cas` join `xmf_partidos` `partition`) join `xmf_tipo_votaciones` `tvt`) left join `xmf_votes` `vts` on(`cas`.`id` = `vts`.`xmf_casillas_id` and `vts`.`xmf_tipo_votaciones_id` = `tvt`.`id` and `vts`.`xmf_partidos_id` = `partition`.`id`))) */;
/*!50001 SET character_set_client      = @saved_cs_client */;
/*!50001 SET character_set_results     = @saved_cs_results */;
/*!50001 SET collation_connection      = @saved_col_connection */;

--
-- Final view structure for view `xmf_view_count_header`
--

/*!50001 DROP TABLE IF EXISTS `xmf_view_count_header`*/;
/*!50001 DROP VIEW IF EXISTS `xmf_view_count_header`*/;
/*!50001 SET @saved_cs_client          = @@character_set_client */;
/*!50001 SET @saved_cs_results         = @@character_set_results */;
/*!50001 SET @saved_col_connection     = @@collation_connection */;
/*!50001 SET character_set_client      = utf8 */;
/*!50001 SET character_set_results     = utf8 */;
/*!50001 SET collation_connection      = utf8_general_ci */;
/*!50001 CREATE ALGORITHM=UNDEFINED */
/*!50013 DEFINER=`root`@`localhost` SQL SECURITY DEFINER */
/*!50001 VIEW `xmf_view_count_header` AS (select `xmf_casillas`.`status` AS `status`,`xmf_casillas`.`rg_id` AS `rg_id`,case when `xmf_casillas`.`status` = 'P' and `xmf_casillas`.`hora_presencia` is not null then count(`xmf_casillas`.`id`) end AS `presencias`,case when `xmf_casillas`.`status` is null and `xmf_casillas`.`hora_presencia` is null then count(`xmf_casillas`.`id`) end AS `ausencias`,case when `xmf_casillas`.`status` = 'I' and `xmf_casillas`.`hora_instalacion` is not null then count(`xmf_casillas`.`id`) end AS `instaladas`,case when `xmf_casillas`.`status` = 'V' and `xmf_casillas`.`hora_inicio` is not null then count(`xmf_casillas`.`id`) end AS `abiertas`,case when `xmf_casillas`.`status` = 'X' and `xmf_casillas`.`hora_cierre` is not null then count(`xmf_casillas`.`id`) end AS `cerradas` from `xmf_casillas` group by `xmf_casillas`.`status`,`xmf_casillas`.`rg_id`) */;
/*!50001 SET character_set_client      = @saved_cs_client */;
/*!50001 SET character_set_results     = @saved_cs_results */;
/*!50001 SET collation_connection      = @saved_col_connection */;

--
-- Final view structure for view `xmf_view_reporte_segundos_terceros`
--

/*!50001 DROP TABLE IF EXISTS `xmf_view_reporte_segundos_terceros`*/;
/*!50001 DROP VIEW IF EXISTS `xmf_view_reporte_segundos_terceros`*/;
/*!50001 SET @saved_cs_client          = @@character_set_client */;
/*!50001 SET @saved_cs_results         = @@character_set_results */;
/*!50001 SET @saved_col_connection     = @@collation_connection */;
/*!50001 SET character_set_client      = utf8 */;
/*!50001 SET character_set_results     = utf8 */;
/*!50001 SET collation_connection      = utf8_general_ci */;
/*!50001 CREATE ALGORITHM=UNDEFINED */
/*!50013 DEFINER=`root`@`localhost` SQL SECURITY DEFINER */
/*!50001 VIEW `xmf_view_reporte_segundos_terceros` AS with report as (select `rpt`.`xmf_casillas_id` AS `xmf_casillas_id`,`cas`.`name` AS `name`,`rpt`.`votantes_segundo` AS `votantes_segundo`,`rpt`.`promovidos_segundo` AS `promovidos_segundo`,`rpt`.`votantes_tercero` AS `votantes_tercero`,`rpt`.`promovidos_tercero` AS `promovidos_tercero`,case when cast(`rpt`.`created` as time) between cast('00:00:00' as time) and cast('12:00:00' as time) then 1 else 0 end AS `is_twelve`,case when cast(`rpt`.`created` as time) between cast('00:00:00' as time) and cast('15:00:00' as time) then 1 else 0 end AS `is_thirdteen` from (`xmf_reports_segundo_tercero` `rpt` join `xmf_casillas` `cas` on(`cas`.`id` = `rpt`.`xmf_casillas_id`)) where `rpt`.`xmf_casillas_id` is not null and `rpt`.`votantes_segundo` is not null or `rpt`.`votantes_tercero` is not null)select `report`.`xmf_casillas_id` AS `xmf_casillas_id`,`report`.`name` AS `name`,`report`.`votantes_segundo` AS `votantes_segundo`,`report`.`promovidos_segundo` AS `promovidos_segundo`,`report`.`votantes_tercero` AS `votantes_tercero`,`report`.`promovidos_tercero` AS `promovidos_tercero`,`report`.`is_twelve` AS `is_twelve`,`report`.`is_thirdteen` AS `is_thirdteen` from `report` */;
/*!50001 SET character_set_client      = @saved_cs_client */;
/*!50001 SET character_set_results     = @saved_cs_results */;
/*!50001 SET collation_connection      = @saved_col_connection */;
/*!40103 SET TIME_ZONE=@OLD_TIME_ZONE */;

/*!40101 SET SQL_MODE=@OLD_SQL_MODE */;
/*!40014 SET FOREIGN_KEY_CHECKS=@OLD_FOREIGN_KEY_CHECKS */;
/*!40014 SET UNIQUE_CHECKS=@OLD_UNIQUE_CHECKS */;
/*!40101 SET CHARACTER_SET_CLIENT=@OLD_CHARACTER_SET_CLIENT */;
/*!40101 SET CHARACTER_SET_RESULTS=@OLD_CHARACTER_SET_RESULTS */;
/*!40101 SET COLLATION_CONNECTION=@OLD_COLLATION_CONNECTION */;
/*!40111 SET SQL_NOTES=@OLD_SQL_NOTES */;

-- Dump completed on 2019-06-02  1:41:54
