-- MySQL dump 10.16  Distrib 10.2.14-MariaDB, for Linux (x86_64)
--
-- Host: localhost    Database: xmf_casillas_playa
-- ------------------------------------------------------
-- Server version	10.2.14-MariaDB

/*!40101 SET @OLD_CHARACTER_SET_CLIENT=@@CHARACTER_SET_CLIENT */;
/*!40101 SET @OLD_CHARACTER_SET_RESULTS=@@CHARACTER_SET_RESULTS */;
/*!40101 SET @OLD_COLLATION_CONNECTION=@@COLLATION_CONNECTION */;
/*!40101 SET NAMES utf8 */;
/*!40103 SET @OLD_TIME_ZONE=@@TIME_ZONE */;
/*!40103 SET TIME_ZONE='+00:00' */;
/*!40014 SET @OLD_UNIQUE_CHECKS=@@UNIQUE_CHECKS, UNIQUE_CHECKS=0 */;
/*!40014 SET @OLD_FOREIGN_KEY_CHECKS=@@FOREIGN_KEY_CHECKS, FOREIGN_KEY_CHECKS=0 */;
/*!40101 SET @OLD_SQL_MODE=@@SQL_MODE, SQL_MODE='NO_AUTO_VALUE_ON_ZERO' */;
/*!40111 SET @OLD_SQL_NOTES=@@SQL_NOTES, SQL_NOTES=0 */;

--
-- Table structure for table `acl_phinxlog`
--

DROP TABLE IF EXISTS `acl_phinxlog`;
/*!40101 SET @saved_cs_client     = @@character_set_client */;
/*!40101 SET character_set_client = utf8 */;
CREATE TABLE `acl_phinxlog` (
  `version` bigint(20) NOT NULL,
  `migration_name` varchar(100) DEFAULT NULL,
  `start_time` timestamp NULL DEFAULT NULL,
  `end_time` timestamp NULL DEFAULT NULL,
  `breakpoint` tinyint(1) NOT NULL DEFAULT 0,
  PRIMARY KEY (`version`)
) ENGINE=InnoDB DEFAULT CHARSET=utf8;
/*!40101 SET character_set_client = @saved_cs_client */;

--
-- Dumping data for table `acl_phinxlog`
--

LOCK TABLES `acl_phinxlog` WRITE;
/*!40000 ALTER TABLE `acl_phinxlog` DISABLE KEYS */;
INSERT INTO `acl_phinxlog` VALUES (20141229162641,'CakePhpDbAcl','2018-03-07 06:25:43','2018-03-07 06:25:43',0);
/*!40000 ALTER TABLE `acl_phinxlog` ENABLE KEYS */;
UNLOCK TABLES;

--
-- Table structure for table `acos`
--

DROP TABLE IF EXISTS `acos`;
/*!40101 SET @saved_cs_client     = @@character_set_client */;
/*!40101 SET character_set_client = utf8 */;
CREATE TABLE `acos` (
  `id` int(11) NOT NULL AUTO_INCREMENT,
  `parent_id` int(11) DEFAULT NULL,
  `model` varchar(255) DEFAULT NULL,
  `foreign_key` int(11) DEFAULT NULL,
  `alias` varchar(255) DEFAULT NULL,
  `lft` int(11) DEFAULT NULL,
  `rght` int(11) DEFAULT NULL,
  PRIMARY KEY (`id`),
  KEY `lft` (`lft`,`rght`),
  KEY `alias` (`alias`)
) ENGINE=InnoDB AUTO_INCREMENT=9 DEFAULT CHARSET=utf8;
/*!40101 SET character_set_client = @saved_cs_client */;

--
-- Dumping data for table `acos`
--

LOCK TABLES `acos` WRITE;
/*!40000 ALTER TABLE `acos` DISABLE KEYS */;
INSERT INTO `acos` VALUES (1,NULL,NULL,NULL,'controllers',1,14),(2,1,NULL,NULL,'Articles',2,13),(3,2,NULL,NULL,'index',3,4),(4,2,NULL,NULL,'view',5,6),(5,2,NULL,NULL,'add',7,8),(6,2,NULL,NULL,'edit',9,10),(7,2,NULL,NULL,'delete',11,12),(8,NULL,'Articles',1,NULL,15,16);
/*!40000 ALTER TABLE `acos` ENABLE KEYS */;
UNLOCK TABLES;

--
-- Table structure for table `aros`
--

DROP TABLE IF EXISTS `aros`;
/*!40101 SET @saved_cs_client     = @@character_set_client */;
/*!40101 SET character_set_client = utf8 */;
CREATE TABLE `aros` (
  `id` int(11) NOT NULL AUTO_INCREMENT,
  `parent_id` int(11) DEFAULT NULL,
  `model` varchar(255) DEFAULT NULL,
  `foreign_key` char(36) DEFAULT NULL,
  `alias` varchar(255) DEFAULT NULL,
  `lft` int(11) DEFAULT NULL,
  `rght` int(11) DEFAULT NULL,
  PRIMARY KEY (`id`),
  KEY `lft` (`lft`,`rght`),
  KEY `alias` (`alias`)
) ENGINE=InnoDB AUTO_INCREMENT=6 DEFAULT CHARSET=utf8;
/*!40101 SET character_set_client = @saved_cs_client */;

--
-- Dumping data for table `aros`
--

LOCK TABLES `aros` WRITE;
/*!40000 ALTER TABLE `aros` DISABLE KEYS */;
INSERT INTO `aros` VALUES (1,NULL,'Roles','80687266-6761-43a2-bd98-f42349a9bb63',NULL,1,4),(2,NULL,'Roles','5197c80d-2d30-4225-a757-b31592c9e0f0',NULL,5,6),(3,NULL,'Roles','e687cb91-4cdf-4ab2-992f-e76584199c2e',NULL,7,10),(4,1,'MyUsers','a51e5518-c666-40ca-92db-f27202c07160',NULL,2,3),(5,3,'MyUsers','394e7d5f-ed21-4201-a53a-7a9d3a70f66b',NULL,8,9);
/*!40000 ALTER TABLE `aros` ENABLE KEYS */;
UNLOCK TABLES;

--
-- Table structure for table `aros_acos`
--

DROP TABLE IF EXISTS `aros_acos`;
/*!40101 SET @saved_cs_client     = @@character_set_client */;
/*!40101 SET character_set_client = utf8 */;
CREATE TABLE `aros_acos` (
  `id` int(11) NOT NULL AUTO_INCREMENT,
  `aro_id` int(11) NOT NULL,
  `aco_id` int(11) NOT NULL,
  `_create` varchar(2) NOT NULL DEFAULT '0',
  `_read` varchar(2) NOT NULL DEFAULT '0',
  `_update` varchar(2) NOT NULL DEFAULT '0',
  `_delete` varchar(2) NOT NULL DEFAULT '0',
  PRIMARY KEY (`id`),
  UNIQUE KEY `aro_id` (`aro_id`,`aco_id`),
  KEY `aco_id` (`aco_id`)
) ENGINE=InnoDB AUTO_INCREMENT=6 DEFAULT CHARSET=utf8;
/*!40101 SET character_set_client = @saved_cs_client */;

--
-- Dumping data for table `aros_acos`
--

LOCK TABLES `aros_acos` WRITE;
/*!40000 ALTER TABLE `aros_acos` DISABLE KEYS */;
INSERT INTO `aros_acos` VALUES (1,1,5,'1','1','1','1'),(2,3,4,'1','1','1','1'),(3,1,3,'1','1','1','1'),(4,2,3,'1','1','1','1'),(5,3,3,'1','1','1','1');
/*!40000 ALTER TABLE `aros_acos` ENABLE KEYS */;
UNLOCK TABLES;

--
-- Table structure for table `cake_d_c_users_phinxlog`
--

DROP TABLE IF EXISTS `cake_d_c_users_phinxlog`;
/*!40101 SET @saved_cs_client     = @@character_set_client */;
/*!40101 SET character_set_client = utf8 */;
CREATE TABLE `cake_d_c_users_phinxlog` (
  `version` bigint(20) NOT NULL,
  `migration_name` varchar(100) DEFAULT NULL,
  `start_time` timestamp NULL DEFAULT NULL,
  `end_time` timestamp NULL DEFAULT NULL,
  `breakpoint` tinyint(1) NOT NULL DEFAULT 0,
  PRIMARY KEY (`version`)
) ENGINE=InnoDB DEFAULT CHARSET=utf8;
/*!40101 SET character_set_client = @saved_cs_client */;

--
-- Dumping data for table `cake_d_c_users_phinxlog`
--

LOCK TABLES `cake_d_c_users_phinxlog` WRITE;
/*!40000 ALTER TABLE `cake_d_c_users_phinxlog` DISABLE KEYS */;
INSERT INTO `cake_d_c_users_phinxlog` VALUES (20150513201111,'Initial','2018-03-07 06:25:36','2018-03-07 06:25:36',0),(20161031101316,'AddSecretToUsers','2018-03-07 06:25:36','2018-03-07 06:25:36',0);
/*!40000 ALTER TABLE `cake_d_c_users_phinxlog` ENABLE KEYS */;
UNLOCK TABLES;

--
-- Table structure for table `roles`
--

DROP TABLE IF EXISTS `roles`;
/*!40101 SET @saved_cs_client     = @@character_set_client */;
/*!40101 SET character_set_client = utf8 */;
CREATE TABLE `roles` (
  `id` char(36) NOT NULL,
  `name` char(120) NOT NULL,
  `created` datetime DEFAULT NULL,
  `modified` datetime DEFAULT NULL,
  PRIMARY KEY (`id`)
) ENGINE=InnoDB DEFAULT CHARSET=utf8mb4;
/*!40101 SET character_set_client = @saved_cs_client */;

--
-- Dumping data for table `roles`
--

LOCK TABLES `roles` WRITE;
/*!40000 ALTER TABLE `roles` DISABLE KEYS */;
INSERT INTO `roles` VALUES ('5197c80d-2d30-4225-a757-b31592c9e0f0','Admin','2018-03-07 00:27:41','2018-03-07 00:27:41'),('80687266-6761-43a2-bd98-f42349a9bb63','Captura','2018-03-07 00:27:30','2018-03-07 00:27:30'),('e687cb91-4cdf-4ab2-992f-e76584199c2e','Monitor','2018-03-07 00:27:46','2018-03-07 00:27:46');
/*!40000 ALTER TABLE `roles` ENABLE KEYS */;
UNLOCK TABLES;

--
-- Table structure for table `social_accounts`
--

DROP TABLE IF EXISTS `social_accounts`;
/*!40101 SET @saved_cs_client     = @@character_set_client */;
/*!40101 SET character_set_client = utf8 */;
CREATE TABLE `social_accounts` (
  `id` char(36) NOT NULL,
  `user_id` char(36) NOT NULL,
  `provider` varchar(255) NOT NULL,
  `username` varchar(255) DEFAULT NULL,
  `reference` varchar(255) NOT NULL,
  `avatar` varchar(255) DEFAULT NULL,
  `description` text DEFAULT NULL,
  `link` varchar(255) NOT NULL,
  `token` varchar(500) NOT NULL,
  `token_secret` varchar(500) DEFAULT NULL,
  `token_expires` datetime DEFAULT NULL,
  `active` tinyint(1) NOT NULL DEFAULT 1,
  `data` text NOT NULL,
  `created` datetime NOT NULL,
  `modified` datetime NOT NULL,
  PRIMARY KEY (`id`),
  KEY `user_id` (`user_id`),
  CONSTRAINT `social_accounts_ibfk_1` FOREIGN KEY (`user_id`) REFERENCES `users` (`id`) ON DELETE CASCADE ON UPDATE CASCADE
) ENGINE=InnoDB DEFAULT CHARSET=utf8mb4;
/*!40101 SET character_set_client = @saved_cs_client */;

--
-- Dumping data for table `social_accounts`
--

LOCK TABLES `social_accounts` WRITE;
/*!40000 ALTER TABLE `social_accounts` DISABLE KEYS */;
/*!40000 ALTER TABLE `social_accounts` ENABLE KEYS */;
UNLOCK TABLES;

--
-- Table structure for table `users`
--

DROP TABLE IF EXISTS `users`;
/*!40101 SET @saved_cs_client     = @@character_set_client */;
/*!40101 SET character_set_client = utf8 */;
CREATE TABLE `users` (
  `id` char(36) NOT NULL,
  `username` varchar(255) NOT NULL,
  `email` varchar(255) DEFAULT NULL,
  `password` varchar(255) NOT NULL,
  `first_name` varchar(50) DEFAULT NULL,
  `last_name` varchar(50) DEFAULT NULL,
  `token` varchar(255) DEFAULT NULL,
  `token_expires` datetime DEFAULT NULL,
  `api_token` varchar(255) DEFAULT NULL,
  `activation_date` datetime DEFAULT NULL,
  `secret` varchar(32) DEFAULT NULL,
  `secret_verified` tinyint(1) DEFAULT NULL,
  `tos_date` datetime DEFAULT NULL,
  `active` tinyint(1) NOT NULL DEFAULT 0,
  `is_superuser` tinyint(1) NOT NULL DEFAULT 0,
  `role_id` char(36) DEFAULT NULL,
  `created` datetime NOT NULL,
  `modified` datetime NOT NULL,
  PRIMARY KEY (`id`),
  KEY `role_id` (`role_id`),
  CONSTRAINT `users_ibfk_1` FOREIGN KEY (`role_id`) REFERENCES `roles` (`id`)
) ENGINE=InnoDB DEFAULT CHARSET=utf8mb4;
/*!40101 SET character_set_client = @saved_cs_client */;

--
-- Dumping data for table `users`
--

LOCK TABLES `users` WRITE;
/*!40000 ALTER TABLE `users` DISABLE KEYS */;
INSERT INTO `users` VALUES ('07ov3q7-rm24-y896-99ds','898B1',NULL,'$2y$10$7Nr7lHpeouo.3Swq.mM.3uNu0zjJmyyEGxgTOA1F9UYq7dXSFfyHK','LUIS FERNANDO','DIAZ MARTINEZ',NULL,NULL,NULL,NULL,NULL,NULL,NULL,1,0,'80687266-6761-43a2-bd98-f42349a9bb63','2018-06-14 02:07:34','2018-06-14 02:07:34'),('0et5cyj-c8ur-strm-citf','762C1',NULL,'$2y$10$7Nr7lHpeouo.3Swq.mM.3uNu0zjJmyyEGxgTOA1F9UYq7dXSFfyHK','MARCOS ADRIAN','BONASTRE PECH',NULL,NULL,NULL,NULL,NULL,NULL,NULL,1,0,'80687266-6761-43a2-bd98-f42349a9bb63','2018-06-14 02:07:38','2018-06-14 02:07:38'),('0hlvdqk-7s9x-ukf6-gze9','206C10',NULL,'$2y$10$7Nr7lHpeouo.3Swq.mM.3uNu0zjJmyyEGxgTOA1F9UYq7dXSFfyHK','MAYRA JANNET','JIMENEZ GUILLEN',NULL,NULL,NULL,NULL,NULL,NULL,NULL,1,0,'80687266-6761-43a2-bd98-f42349a9bb63','2018-06-14 02:07:37','2018-06-14 02:07:37'),('0k2xcd8-qxhc-0u2f-fao8','904B1',NULL,'$2y$10$7Nr7lHpeouo.3Swq.mM.3uNu0zjJmyyEGxgTOA1F9UYq7dXSFfyHK','SANTIAGO ALEJANDRO','SILVEIRA CETZ',NULL,NULL,NULL,NULL,NULL,NULL,NULL,1,0,'80687266-6761-43a2-bd98-f42349a9bb63','2018-06-14 02:07:35','2018-06-14 02:07:35'),('0kjmqqz-v7el-8re7-7706','768C1',NULL,'$2y$10$7Nr7lHpeouo.3Swq.mM.3uNu0zjJmyyEGxgTOA1F9UYq7dXSFfyHK','MARICRUZ','GOMEZ SOBERANO',NULL,NULL,NULL,NULL,NULL,NULL,NULL,1,0,'80687266-6761-43a2-bd98-f42349a9bb63','2018-06-14 02:07:36','2018-06-14 02:07:36'),('0kxjdpk-vedj-7edy-zu86','912B1',NULL,'$2y$10$7Nr7lHpeouo.3Swq.mM.3uNu0zjJmyyEGxgTOA1F9UYq7dXSFfyHK','MONICA IBET','CAUICH XEQUE',NULL,NULL,NULL,NULL,NULL,NULL,NULL,1,0,'80687266-6761-43a2-bd98-f42349a9bb63','2018-06-14 02:07:34','2018-06-14 02:07:34'),('0lq33ce-19gx-tyt1-4mj1','681C1',NULL,'$2y$10$7Nr7lHpeouo.3Swq.mM.3uNu0zjJmyyEGxgTOA1F9UYq7dXSFfyHK','LUIS','MIRANDA SALMERON',NULL,NULL,NULL,NULL,NULL,NULL,NULL,1,0,'80687266-6761-43a2-bd98-f42349a9bb63','2018-06-14 02:07:36','2018-06-14 02:07:36'),('0rkjaxt-7fnl-7te3-oohx','720C1',NULL,'$2y$10$7Nr7lHpeouo.3Swq.mM.3uNu0zjJmyyEGxgTOA1F9UYq7dXSFfyHK','JARED MICHEL','GERONIMO OLIVARES',NULL,NULL,NULL,NULL,NULL,NULL,NULL,1,0,'80687266-6761-43a2-bd98-f42349a9bb63','2018-06-14 02:07:34','2018-06-14 02:07:34'),('0t8f96w-ckre-vws1-g31n','896B1',NULL,'$2y$10$7Nr7lHpeouo.3Swq.mM.3uNu0zjJmyyEGxgTOA1F9UYq7dXSFfyHK','MIGUEL ANGEL','KAUIL KAUIL',NULL,NULL,NULL,NULL,NULL,NULL,NULL,1,0,'80687266-6761-43a2-bd98-f42349a9bb63','2018-06-14 02:07:36','2018-06-14 02:07:36'),('0y227fh-m1e7-a2v4-96ud','680C3',NULL,'$2y$10$7Nr7lHpeouo.3Swq.mM.3uNu0zjJmyyEGxgTOA1F9UYq7dXSFfyHK','LORENZO','CANCHE CEL',NULL,NULL,NULL,NULL,NULL,NULL,NULL,1,0,'80687266-6761-43a2-bd98-f42349a9bb63','2018-06-14 02:07:37','2018-06-14 02:07:37'),('0zvft39-k6fs-gcjm-7hzi','696C1',NULL,'$2y$10$7Nr7lHpeouo.3Swq.mM.3uNu0zjJmyyEGxgTOA1F9UYq7dXSFfyHK','ERNESTINA','MOLINA ALVEAR',NULL,NULL,NULL,NULL,NULL,NULL,NULL,1,0,'80687266-6761-43a2-bd98-f42349a9bb63','2018-06-14 02:07:35','2018-06-14 02:07:35'),('102k666-056j-rdyh-c4l7','875C3',NULL,'$2y$10$7Nr7lHpeouo.3Swq.mM.3uNu0zjJmyyEGxgTOA1F9UYq7dXSFfyHK','NOEMI','GOMEZ SALDAÑA',NULL,NULL,NULL,NULL,NULL,NULL,NULL,1,0,'80687266-6761-43a2-bd98-f42349a9bb63','2018-06-14 02:07:37','2018-06-14 02:07:37'),('10g6uaq-wzaq-uk66-h7yy','702C2',NULL,'$2y$10$7Nr7lHpeouo.3Swq.mM.3uNu0zjJmyyEGxgTOA1F9UYq7dXSFfyHK','PABLO EMMANUEL','GONZALEZ MONDRAGON',NULL,NULL,NULL,NULL,NULL,NULL,NULL,1,0,'80687266-6761-43a2-bd98-f42349a9bb63','2018-06-14 02:07:37','2018-06-14 02:07:37'),('10u7xp6-idlp-nrtn-4ovc','759B1',NULL,'$2y$10$7Nr7lHpeouo.3Swq.mM.3uNu0zjJmyyEGxgTOA1F9UYq7dXSFfyHK','NEIFRI DE LOS ANGELES','LEON CHARINES',NULL,NULL,NULL,NULL,NULL,NULL,NULL,1,0,'80687266-6761-43a2-bd98-f42349a9bb63','2018-06-14 02:07:38','2018-06-14 02:07:38'),('10zpu3r-523v-d51n-6mfg','673B1',NULL,'$2y$10$7Nr7lHpeouo.3Swq.mM.3uNu0zjJmyyEGxgTOA1F9UYq7dXSFfyHK','MIGUEL','ORGANISTA IXBA',NULL,NULL,NULL,NULL,NULL,NULL,NULL,1,0,'80687266-6761-43a2-bd98-f42349a9bb63','2018-06-14 02:07:35','2018-06-14 02:07:35'),('11ygj18-f70g-x7vs-dx1k','728B1',NULL,'$2y$10$7Nr7lHpeouo.3Swq.mM.3uNu0zjJmyyEGxgTOA1F9UYq7dXSFfyHK','RUDY JACOB','YAH SOSA',NULL,NULL,NULL,NULL,NULL,NULL,NULL,1,0,'80687266-6761-43a2-bd98-f42349a9bb63','2018-06-14 02:07:34','2018-06-14 02:07:34'),('11zdn7q-1dbf-y1l9-qib5','901B1',NULL,'$2y$10$7Nr7lHpeouo.3Swq.mM.3uNu0zjJmyyEGxgTOA1F9UYq7dXSFfyHK','ALMA HIPOLITA','SANCHEZ RENDON',NULL,NULL,NULL,NULL,NULL,NULL,NULL,1,0,'80687266-6761-43a2-bd98-f42349a9bb63','2018-06-14 02:07:34','2018-06-14 02:07:34'),('139jgf9-g6oo-h00d-nyxk','673C1',NULL,'$2y$10$7Nr7lHpeouo.3Swq.mM.3uNu0zjJmyyEGxgTOA1F9UYq7dXSFfyHK','ROMAIRO','CAMPOSECO JIMENEZ',NULL,NULL,NULL,NULL,NULL,NULL,NULL,1,0,'80687266-6761-43a2-bd98-f42349a9bb63','2018-06-14 02:07:35','2018-06-14 02:07:35'),('15356u2-z4wu-s99j-wezz','732C1',NULL,'$2y$10$7Nr7lHpeouo.3Swq.mM.3uNu0zjJmyyEGxgTOA1F9UYq7dXSFfyHK','YALY DEL JESUS','SOSA PECH',NULL,NULL,NULL,NULL,NULL,NULL,NULL,1,0,'80687266-6761-43a2-bd98-f42349a9bb63','2018-06-14 02:07:33','2018-06-14 02:07:33'),('1a8rxvn-nbzn-kq9o-lqha','747B1',NULL,'$2y$10$7Nr7lHpeouo.3Swq.mM.3uNu0zjJmyyEGxgTOA1F9UYq7dXSFfyHK','LURDES DEL ROSARIO','TUYIN AMAYA',NULL,NULL,NULL,NULL,NULL,NULL,NULL,1,0,'80687266-6761-43a2-bd98-f42349a9bb63','2018-06-14 02:07:34','2018-06-14 02:07:34'),('1ir54qt-1nfu-yuos-2aar','686B1',NULL,'$2y$10$7Nr7lHpeouo.3Swq.mM.3uNu0zjJmyyEGxgTOA1F9UYq7dXSFfyHK','CRISTEL','HERNANDEZ LOPEZ',NULL,NULL,NULL,NULL,NULL,NULL,NULL,1,0,'80687266-6761-43a2-bd98-f42349a9bb63','2018-06-14 02:07:36','2018-06-14 02:07:36'),('1pg0gwh-0jer-xxat-5bx7','756B1',NULL,'$2y$10$7Nr7lHpeouo.3Swq.mM.3uNu0zjJmyyEGxgTOA1F9UYq7dXSFfyHK','CHRISTIAN','FLORES ORTIZ',NULL,NULL,NULL,NULL,NULL,NULL,NULL,1,0,'80687266-6761-43a2-bd98-f42349a9bb63','2018-06-14 02:07:37','2018-06-14 02:07:37'),('1rj79sx-zk2r-rsed-x9ro','879B1',NULL,'$2y$10$7Nr7lHpeouo.3Swq.mM.3uNu0zjJmyyEGxgTOA1F9UYq7dXSFfyHK','NORMA LETICIA','CORONA ROSAS',NULL,NULL,NULL,NULL,NULL,NULL,NULL,1,0,'80687266-6761-43a2-bd98-f42349a9bb63','2018-06-14 02:07:35','2018-06-14 02:07:35'),('1th6lrj-c5wg-4b9p-5v27','902B1',NULL,'$2y$10$7Nr7lHpeouo.3Swq.mM.3uNu0zjJmyyEGxgTOA1F9UYq7dXSFfyHK','FROYLAN','CAMPOS AZAMAR',NULL,NULL,NULL,NULL,NULL,NULL,NULL,1,0,'80687266-6761-43a2-bd98-f42349a9bb63','2018-06-14 02:07:36','2018-06-14 02:07:36'),('1yfgjmz-0tzx-ndn5-nvof','700B1',NULL,'$2y$10$7Nr7lHpeouo.3Swq.mM.3uNu0zjJmyyEGxgTOA1F9UYq7dXSFfyHK','FRANCISCA','HERNANDEZ DAMIAN',NULL,NULL,NULL,NULL,NULL,NULL,NULL,1,0,'80687266-6761-43a2-bd98-f42349a9bb63','2018-06-14 02:07:35','2018-06-14 02:07:35'),('1z043jk-r206-ntm1-wvh9','765B1',NULL,'$2y$10$7Nr7lHpeouo.3Swq.mM.3uNu0zjJmyyEGxgTOA1F9UYq7dXSFfyHK','RODRIGO MAURICIO','SALOMON VILLAMIL',NULL,NULL,NULL,NULL,NULL,NULL,NULL,1,0,'80687266-6761-43a2-bd98-f42349a9bb63','2018-06-14 02:07:38','2018-06-14 02:07:38'),('1zygzl2-22cr-w1yn-517i','876B1',NULL,'$2y$10$7Nr7lHpeouo.3Swq.mM.3uNu0zjJmyyEGxgTOA1F9UYq7dXSFfyHK','SARAIN','RAMIREZ CRUZ',NULL,NULL,NULL,NULL,NULL,NULL,NULL,1,0,'80687266-6761-43a2-bd98-f42349a9bb63','2018-06-14 02:07:37','2018-06-14 02:07:37'),('23ryg8x-psqr-d2hp-zve9','708B1',NULL,'$2y$10$7Nr7lHpeouo.3Swq.mM.3uNu0zjJmyyEGxgTOA1F9UYq7dXSFfyHK','NINIVE ANAHI','RIVERO VILLAMIL',NULL,NULL,NULL,NULL,NULL,NULL,NULL,1,0,'80687266-6761-43a2-bd98-f42349a9bb63','2018-06-14 02:07:35','2018-06-14 02:07:35'),('27hlqb7-uwxf-b7ya-59wz','915B1',NULL,'$2y$10$7Nr7lHpeouo.3Swq.mM.3uNu0zjJmyyEGxgTOA1F9UYq7dXSFfyHK','CARMEN MARIAN','GUERRA TAME',NULL,NULL,NULL,NULL,NULL,NULL,NULL,1,0,'80687266-6761-43a2-bd98-f42349a9bb63','2018-06-14 02:07:35','2018-06-14 02:07:35'),('2fnz4a3-xo7x-hfgx-f4gz','682C1',NULL,'$2y$10$7Nr7lHpeouo.3Swq.mM.3uNu0zjJmyyEGxgTOA1F9UYq7dXSFfyHK','ANGEL ABRAHAM','DZIB HAU',NULL,NULL,NULL,NULL,NULL,NULL,NULL,1,0,'80687266-6761-43a2-bd98-f42349a9bb63','2018-06-14 02:07:36','2018-06-14 02:07:36'),('2hdjog5-sish-ct30-c1du','671C1',NULL,'$2y$10$7Nr7lHpeouo.3Swq.mM.3uNu0zjJmyyEGxgTOA1F9UYq7dXSFfyHK','VIRGINIA','SALOME BARRIOS',NULL,NULL,NULL,NULL,NULL,NULL,NULL,1,0,'80687266-6761-43a2-bd98-f42349a9bb63','2018-06-14 02:07:34','2018-06-14 02:07:34'),('2hoppb2-g8m2-b4cv-est8','757B1',NULL,'$2y$10$7Nr7lHpeouo.3Swq.mM.3uNu0zjJmyyEGxgTOA1F9UYq7dXSFfyHK','ROBERTO CARLOS','TRUJANO SALCIDO',NULL,NULL,NULL,NULL,NULL,NULL,NULL,1,0,'80687266-6761-43a2-bd98-f42349a9bb63','2018-06-14 02:07:38','2018-06-14 02:07:38'),('2mbbw65-xwq7-muny-h927','694C2',NULL,'$2y$10$7Nr7lHpeouo.3Swq.mM.3uNu0zjJmyyEGxgTOA1F9UYq7dXSFfyHK','OCTAVIO AMADO','ENCALADA CARRERA',NULL,NULL,NULL,NULL,NULL,NULL,NULL,1,0,'80687266-6761-43a2-bd98-f42349a9bb63','2018-06-14 02:07:33','2018-06-14 02:07:33'),('2o62plv-l4gu-b6o0-so7c','726B1',NULL,'$2y$10$7Nr7lHpeouo.3Swq.mM.3uNu0zjJmyyEGxgTOA1F9UYq7dXSFfyHK','BENJAMIN','PORTILLO JIMENEZ',NULL,NULL,NULL,NULL,NULL,NULL,NULL,1,0,'80687266-6761-43a2-bd98-f42349a9bb63','2018-06-14 02:07:32','2018-06-14 02:07:32'),('2ovbf1l-ehrk-srbn-t9xt','704C1',NULL,'$2y$10$7Nr7lHpeouo.3Swq.mM.3uNu0zjJmyyEGxgTOA1F9UYq7dXSFfyHK','ELSY DEL CARMEN ','LOPEZ MORALES',NULL,NULL,NULL,NULL,NULL,NULL,NULL,1,0,'80687266-6761-43a2-bd98-f42349a9bb63','2018-06-14 02:07:33','2018-06-14 02:07:33'),('2rsraaw-v4ta-fhdf-qehj','773C1',NULL,'$2y$10$7Nr7lHpeouo.3Swq.mM.3uNu0zjJmyyEGxgTOA1F9UYq7dXSFfyHK','MARIA TERESA','GONZALEZ REYES',NULL,NULL,NULL,NULL,NULL,NULL,NULL,1,0,'80687266-6761-43a2-bd98-f42349a9bb63','2018-06-14 02:07:33','2018-06-14 02:07:33'),('2sx657m-2pgz-ydi5-gj4u','672B1',NULL,'$2y$10$7Nr7lHpeouo.3Swq.mM.3uNu0zjJmyyEGxgTOA1F9UYq7dXSFfyHK','DIANA LUCRECIA','RIVERA ORTIZ',NULL,NULL,NULL,NULL,NULL,NULL,NULL,1,0,'80687266-6761-43a2-bd98-f42349a9bb63','2018-06-14 02:07:35','2018-06-14 02:07:35'),('33k6nvw-t4qz-i1t7-2259','770B1',NULL,'$2y$10$7Nr7lHpeouo.3Swq.mM.3uNu0zjJmyyEGxgTOA1F9UYq7dXSFfyHK','FERNANDO','ALVAREZ MACOSAY',NULL,NULL,NULL,NULL,NULL,NULL,NULL,1,0,'80687266-6761-43a2-bd98-f42349a9bb63','2018-06-14 02:07:35','2018-06-14 02:07:35'),('34ew67n-187a-k48m-gkeh','705C1',NULL,'$2y$10$7Nr7lHpeouo.3Swq.mM.3uNu0zjJmyyEGxgTOA1F9UYq7dXSFfyHK','ZULMA','SANTOS HERRERA',NULL,NULL,NULL,NULL,NULL,NULL,NULL,1,0,'80687266-6761-43a2-bd98-f42349a9bb63','2018-06-14 02:07:33','2018-06-14 02:07:33'),('374c26w-8kft-2b8a-tqsr','695B1',NULL,'$2y$10$7Nr7lHpeouo.3Swq.mM.3uNu0zjJmyyEGxgTOA1F9UYq7dXSFfyHK','CINTHIA DOMINGA','ALBORES RODRIGUEZ',NULL,NULL,NULL,NULL,NULL,NULL,NULL,1,0,'80687266-6761-43a2-bd98-f42349a9bb63','2018-06-14 02:07:35','2018-06-14 02:07:35'),('37kj4bm-m3er-whml-yu34','697B1',NULL,'$2y$10$7Nr7lHpeouo.3Swq.mM.3uNu0zjJmyyEGxgTOA1F9UYq7dXSFfyHK','CRUZ NARANJO GLENDA LILA','DE LA',NULL,NULL,NULL,NULL,NULL,NULL,NULL,1,0,'80687266-6761-43a2-bd98-f42349a9bb63','2018-06-14 02:07:35','2018-06-14 02:07:35'),('392uj1q-96q1-22xs-e24b','711C1',NULL,'$2y$10$7Nr7lHpeouo.3Swq.mM.3uNu0zjJmyyEGxgTOA1F9UYq7dXSFfyHK','RUBI ILIANA','BURGOS SEGURA',NULL,NULL,NULL,NULL,NULL,NULL,NULL,1,0,'80687266-6761-43a2-bd98-f42349a9bb63','2018-06-14 02:07:34','2018-06-14 02:07:34'),('3ayimwt-4734-6hjj-gue6','720B1',NULL,'$2y$10$7Nr7lHpeouo.3Swq.mM.3uNu0zjJmyyEGxgTOA1F9UYq7dXSFfyHK','HECTOR','SOSA JAVALOIS',NULL,NULL,NULL,NULL,NULL,NULL,NULL,1,0,'80687266-6761-43a2-bd98-f42349a9bb63','2018-06-14 02:07:34','2018-06-14 02:07:34'),('3ddaqad-ds69-tdu7-3b7h','887B1',NULL,'$2y$10$7Nr7lHpeouo.3Swq.mM.3uNu0zjJmyyEGxgTOA1F9UYq7dXSFfyHK','DAFNE CRISTAL','ABAD ROMERO',NULL,NULL,NULL,NULL,NULL,NULL,NULL,1,0,'80687266-6761-43a2-bd98-f42349a9bb63','2018-06-14 02:07:38','2018-06-14 02:07:38'),('3hyv9ky-m1o1-6x04-51ia','770C1',NULL,'$2y$10$7Nr7lHpeouo.3Swq.mM.3uNu0zjJmyyEGxgTOA1F9UYq7dXSFfyHK','JUANA ROSNERY','NAVARRO LEON',NULL,NULL,NULL,NULL,NULL,NULL,NULL,1,0,'80687266-6761-43a2-bd98-f42349a9bb63','2018-06-14 02:07:35','2018-06-14 02:07:35'),('3lvb2k6-lg4l-b9dl-7na7','725B1',NULL,'$2y$10$7Nr7lHpeouo.3Swq.mM.3uNu0zjJmyyEGxgTOA1F9UYq7dXSFfyHK','FRANCISCO','RUIZ SANCHEZ',NULL,NULL,NULL,NULL,NULL,NULL,NULL,1,0,'80687266-6761-43a2-bd98-f42349a9bb63','2018-06-14 02:07:35','2018-06-14 02:07:35'),('3ok9xhw-vl9h-xov4-icfj','677B1',NULL,'$2y$10$7Nr7lHpeouo.3Swq.mM.3uNu0zjJmyyEGxgTOA1F9UYq7dXSFfyHK','MARIA DEL CARMEN','HURTADO ALVAREZ',NULL,NULL,NULL,NULL,NULL,NULL,NULL,1,0,'80687266-6761-43a2-bd98-f42349a9bb63','2018-06-14 02:07:37','2018-06-14 02:07:37'),('3p8mnta-hcvg-vk2f-ki95','MONITOR05',NULL,'$2y$10$7Nr7lHpeouo.3Swq.mM.3uNu0zjJmyyEGxgTOA1F9UYq7dXSFfyHK','MONITOR','05',NULL,NULL,NULL,NULL,NULL,NULL,NULL,1,0,'e687cb91-4cdf-4ab2-992f-e76584199c2e','2018-06-14 22:26:57','2018-06-14 22:26:57'),('3rbuqoi-qi9h-jzcy-n0tn','753B1',NULL,'$2y$10$7Nr7lHpeouo.3Swq.mM.3uNu0zjJmyyEGxgTOA1F9UYq7dXSFfyHK','SERGIO','HERNANDEZ AGUILLON',NULL,NULL,NULL,NULL,NULL,NULL,NULL,1,0,'80687266-6761-43a2-bd98-f42349a9bb63','2018-06-14 02:07:38','2018-06-14 02:07:38'),('3sovx0r-qzeg-zlud-6be4','206ESPECIAL',NULL,'$2y$10$7Nr7lHpeouo.3Swq.mM.3uNu0zjJmyyEGxgTOA1F9UYq7dXSFfyHK','OMAR','MONTIEL MONTERO',NULL,NULL,NULL,NULL,NULL,NULL,NULL,1,0,'80687266-6761-43a2-bd98-f42349a9bb63','2018-06-14 02:07:38','2018-06-14 02:07:38'),('44t94l8-4wwc-qnxd-xofv','764B1',NULL,'$2y$10$7Nr7lHpeouo.3Swq.mM.3uNu0zjJmyyEGxgTOA1F9UYq7dXSFfyHK','ANA KAREN','SANTIS MORALES',NULL,NULL,NULL,NULL,NULL,NULL,NULL,1,0,'80687266-6761-43a2-bd98-f42349a9bb63','2018-06-14 02:07:38','2018-06-14 02:07:38'),('4ccc2eb-spts-7ij6-imlw','729C1',NULL,'$2y$10$7Nr7lHpeouo.3Swq.mM.3uNu0zjJmyyEGxgTOA1F9UYq7dXSFfyHK','MARIA GUADALUPE','DIAZ SANCHEZ',NULL,NULL,NULL,NULL,NULL,NULL,NULL,1,0,'80687266-6761-43a2-bd98-f42349a9bb63','2018-06-14 02:07:35','2018-06-14 02:07:35'),('4dyd7nm-76sl-iawr-bfkj','718B1',NULL,'$2y$10$7Nr7lHpeouo.3Swq.mM.3uNu0zjJmyyEGxgTOA1F9UYq7dXSFfyHK','ANGELA BEATRIZ','CALDELAS HERNANDEZ',NULL,NULL,NULL,NULL,NULL,NULL,NULL,1,0,'80687266-6761-43a2-bd98-f42349a9bb63','2018-06-14 02:07:32','2018-06-14 02:07:32'),('4n60ocq-8c4f-slo2-lly0','725C1',NULL,'$2y$10$7Nr7lHpeouo.3Swq.mM.3uNu0zjJmyyEGxgTOA1F9UYq7dXSFfyHK','YESENIA','MARTHEN ZACARIAS',NULL,NULL,NULL,NULL,NULL,NULL,NULL,1,0,'80687266-6761-43a2-bd98-f42349a9bb63','2018-06-14 02:07:35','2018-06-14 02:07:35'),('4qjyh7w-g2zv-r6dg-yiuf','875C23',NULL,'$2y$10$7Nr7lHpeouo.3Swq.mM.3uNu0zjJmyyEGxgTOA1F9UYq7dXSFfyHK','MARTIN DEL JESUS','CRUZ GUZMAN',NULL,NULL,NULL,NULL,NULL,NULL,NULL,1,0,'80687266-6761-43a2-bd98-f42349a9bb63','2018-06-14 02:07:36','2018-06-14 02:07:36'),('4u5cdwl-7kia-hlvy-j51s','746B1',NULL,'$2y$10$7Nr7lHpeouo.3Swq.mM.3uNu0zjJmyyEGxgTOA1F9UYq7dXSFfyHK','KARLA CRISTINA','PINEDA VERDE',NULL,NULL,NULL,NULL,NULL,NULL,NULL,1,0,'80687266-6761-43a2-bd98-f42349a9bb63','2018-06-14 02:07:34','2018-06-14 02:07:34'),('4uzjo75-ga3y-jtt8-5fib','703B1',NULL,'$2y$10$7Nr7lHpeouo.3Swq.mM.3uNu0zjJmyyEGxgTOA1F9UYq7dXSFfyHK','VALERIA DELFINA','SEGURA POOT',NULL,NULL,NULL,NULL,NULL,NULL,NULL,1,0,'80687266-6761-43a2-bd98-f42349a9bb63','2018-06-14 02:07:38','2018-06-14 02:07:38'),('55tsa8r-7b7a-epu6-2db8','771C1',NULL,'$2y$10$7Nr7lHpeouo.3Swq.mM.3uNu0zjJmyyEGxgTOA1F9UYq7dXSFfyHK','FLOR ALEJANDRA','OSEGUERA ANGUIANO',NULL,NULL,NULL,NULL,NULL,NULL,NULL,1,0,'80687266-6761-43a2-bd98-f42349a9bb63','2018-06-14 02:07:35','2018-06-14 02:07:35'),('56y1hp7-6ppn-nezw-6s3g','877B1',NULL,'$2y$10$7Nr7lHpeouo.3Swq.mM.3uNu0zjJmyyEGxgTOA1F9UYq7dXSFfyHK','SERGIO','JIMENEZ LOPEZ',NULL,NULL,NULL,NULL,NULL,NULL,NULL,1,0,'80687266-6761-43a2-bd98-f42349a9bb63','2018-06-14 02:07:37','2018-06-14 02:07:37'),('5dghs6q-jrf1-qdi0-z8ci','715C1',NULL,'$2y$10$7Nr7lHpeouo.3Swq.mM.3uNu0zjJmyyEGxgTOA1F9UYq7dXSFfyHK','ILEANA','SANSORES GOMEZ',NULL,NULL,NULL,NULL,NULL,NULL,NULL,1,0,'80687266-6761-43a2-bd98-f42349a9bb63','2018-06-14 02:07:37','2018-06-14 02:07:37'),('5lvcfda-r22g-im3m-zpny','715B1',NULL,'$2y$10$7Nr7lHpeouo.3Swq.mM.3uNu0zjJmyyEGxgTOA1F9UYq7dXSFfyHK','MARIA DEL PILAR','BANDALA LEON',NULL,NULL,NULL,NULL,NULL,NULL,NULL,1,0,'80687266-6761-43a2-bd98-f42349a9bb63','2018-06-14 02:07:37','2018-06-14 02:07:37'),('5on6r62-piru-9g8u-jppx','MONITOR06',NULL,'$2y$10$7Nr7lHpeouo.3Swq.mM.3uNu0zjJmyyEGxgTOA1F9UYq7dXSFfyHK','MONITOR','06',NULL,NULL,NULL,NULL,NULL,NULL,NULL,1,0,'e687cb91-4cdf-4ab2-992f-e76584199c2e','2018-06-14 22:26:58','2018-06-14 22:26:58'),('5q16l0k-foc1-sape-6qla','726C1',NULL,'$2y$10$7Nr7lHpeouo.3Swq.mM.3uNu0zjJmyyEGxgTOA1F9UYq7dXSFfyHK','DANIEL ADOLFO','CHICLIN HAU',NULL,NULL,NULL,NULL,NULL,NULL,NULL,1,0,'80687266-6761-43a2-bd98-f42349a9bb63','2018-06-14 02:07:32','2018-06-14 02:07:32'),('5q3njxh-0h0x-jnhr-ay6p','723B1',NULL,'$2y$10$7Nr7lHpeouo.3Swq.mM.3uNu0zjJmyyEGxgTOA1F9UYq7dXSFfyHK','LUCIA YARISBETH','TORRES HERNANDEZ',NULL,NULL,NULL,NULL,NULL,NULL,NULL,1,0,'80687266-6761-43a2-bd98-f42349a9bb63','2018-06-14 02:07:37','2018-06-14 02:07:37'),('5xy79bb-3rj6-fd7u-m8te','875C1',NULL,'$2y$10$7Nr7lHpeouo.3Swq.mM.3uNu0zjJmyyEGxgTOA1F9UYq7dXSFfyHK','COBOS PALOMA','RIVAS ',NULL,NULL,NULL,NULL,NULL,NULL,NULL,1,0,'80687266-6761-43a2-bd98-f42349a9bb63','2018-06-14 02:07:37','2018-06-14 02:07:37'),('5ya2b1h-z7gg-ny8x-mck9','771B1',NULL,'$2y$10$7Nr7lHpeouo.3Swq.mM.3uNu0zjJmyyEGxgTOA1F9UYq7dXSFfyHK','ANA MARIA','CHIMAL TEH',NULL,NULL,NULL,NULL,NULL,NULL,NULL,1,0,'80687266-6761-43a2-bd98-f42349a9bb63','2018-06-14 02:07:35','2018-06-14 02:07:35'),('61jvkim-tjvm-vjcl-070n','689C1',NULL,'$2y$10$7Nr7lHpeouo.3Swq.mM.3uNu0zjJmyyEGxgTOA1F9UYq7dXSFfyHK','RODRIGO','PINEDA TORRES',NULL,NULL,NULL,NULL,NULL,NULL,NULL,1,0,'80687266-6761-43a2-bd98-f42349a9bb63','2018-06-14 02:07:36','2018-06-14 02:07:36'),('630ie82-leog-db3h-p4gl','899B1',NULL,'$2y$10$7Nr7lHpeouo.3Swq.mM.3uNu0zjJmyyEGxgTOA1F9UYq7dXSFfyHK','DANIEL ARMANDO','COELLO CALDELAS',NULL,NULL,NULL,NULL,NULL,NULL,NULL,1,0,'80687266-6761-43a2-bd98-f42349a9bb63','2018-06-14 02:07:36','2018-06-14 02:07:36'),('63eigix-ns2h-b1ea-fqxh','681C3',NULL,'$2y$10$7Nr7lHpeouo.3Swq.mM.3uNu0zjJmyyEGxgTOA1F9UYq7dXSFfyHK','MONTSERRAT','MENDOZA RAMIREZ',NULL,NULL,NULL,NULL,NULL,NULL,NULL,1,0,'80687266-6761-43a2-bd98-f42349a9bb63','2018-06-14 02:07:36','2018-06-14 02:07:36'),('64bl0sy-2q50-v7iv-2wi3','672C1',NULL,'$2y$10$7Nr7lHpeouo.3Swq.mM.3uNu0zjJmyyEGxgTOA1F9UYq7dXSFfyHK','RICARDO','VILLA CORONA',NULL,NULL,NULL,NULL,NULL,NULL,NULL,1,0,'80687266-6761-43a2-bd98-f42349a9bb63','2018-06-14 02:07:35','2018-06-14 02:07:35'),('6evskhe-2k67-ce7s-6qt8','206C6',NULL,'$2y$10$7Nr7lHpeouo.3Swq.mM.3uNu0zjJmyyEGxgTOA1F9UYq7dXSFfyHK','IRAN DANIEL','ARROYO RAMOS',NULL,NULL,NULL,NULL,NULL,NULL,NULL,1,0,'80687266-6761-43a2-bd98-f42349a9bb63','2018-06-14 02:07:33','2018-06-14 02:07:33'),('6fzcs9k-bumn-ieze-t7rm','876C5',NULL,'$2y$10$7Nr7lHpeouo.3Swq.mM.3uNu0zjJmyyEGxgTOA1F9UYq7dXSFfyHK','LUIS MANUEL','AGUIRRE MEZA',NULL,NULL,NULL,NULL,NULL,NULL,NULL,1,0,'80687266-6761-43a2-bd98-f42349a9bb63','2018-06-14 02:07:37','2018-06-14 02:07:37'),('6hr8m5r-ezbo-dvrh-4apw','748B1',NULL,'$2y$10$7Nr7lHpeouo.3Swq.mM.3uNu0zjJmyyEGxgTOA1F9UYq7dXSFfyHK','PATRICIA','HERNANDEZ HERNANDEZ',NULL,NULL,NULL,NULL,NULL,NULL,NULL,1,0,'80687266-6761-43a2-bd98-f42349a9bb63','2018-06-14 02:07:34','2018-06-14 02:07:34'),('6nfaaza-lwv5-03mv-quvn','909B1',NULL,'$2y$10$7Nr7lHpeouo.3Swq.mM.3uNu0zjJmyyEGxgTOA1F9UYq7dXSFfyHK','LA CRUZ OBET','HERNANDEZ DE',NULL,NULL,NULL,NULL,NULL,NULL,NULL,1,0,'80687266-6761-43a2-bd98-f42349a9bb63','2018-06-14 02:07:36','2018-06-14 02:07:36'),('6pus7ob-ck23-p68s-rc4i','893B1',NULL,'$2y$10$7Nr7lHpeouo.3Swq.mM.3uNu0zjJmyyEGxgTOA1F9UYq7dXSFfyHK','WENDY CRISTINA','BARRERA CHAN',NULL,NULL,NULL,NULL,NULL,NULL,NULL,1,0,'80687266-6761-43a2-bd98-f42349a9bb63','2018-06-14 02:07:36','2018-06-14 02:07:36'),('6s9d7ja-q6cm-k80o-splc','768C4',NULL,'$2y$10$7Nr7lHpeouo.3Swq.mM.3uNu0zjJmyyEGxgTOA1F9UYq7dXSFfyHK','TIVISAY','DOMINGUEZ AGUILAR',NULL,NULL,NULL,NULL,NULL,NULL,NULL,1,0,'80687266-6761-43a2-bd98-f42349a9bb63','2018-06-14 02:07:36','2018-06-14 02:07:36'),('6suoyl7-eccr-d8sf-1b5z','683C1',NULL,'$2y$10$7Nr7lHpeouo.3Swq.mM.3uNu0zjJmyyEGxgTOA1F9UYq7dXSFfyHK','NATALI','VALDEZ PEREZ',NULL,NULL,NULL,NULL,NULL,NULL,NULL,1,0,'80687266-6761-43a2-bd98-f42349a9bb63','2018-06-14 02:07:36','2018-06-14 02:07:36'),('6t7vcbr-ajpu-tbve-x4yx','888C1',NULL,'$2y$10$7Nr7lHpeouo.3Swq.mM.3uNu0zjJmyyEGxgTOA1F9UYq7dXSFfyHK','ROBERTO','TORRES LUCHO',NULL,NULL,NULL,NULL,NULL,NULL,NULL,1,0,'80687266-6761-43a2-bd98-f42349a9bb63','2018-06-14 02:07:33','2018-06-14 02:07:33'),('6w7d6br-a8dh-1bpn-mlyt','691C1',NULL,'$2y$10$7Nr7lHpeouo.3Swq.mM.3uNu0zjJmyyEGxgTOA1F9UYq7dXSFfyHK','LARISA GABRIELA','CANTO NIEVES',NULL,NULL,NULL,NULL,NULL,NULL,NULL,1,0,'80687266-6761-43a2-bd98-f42349a9bb63','2018-06-14 02:07:36','2018-06-14 02:07:36'),('6ytdqes-q0cl-emv3-cnwv','886B1',NULL,'$2y$10$7Nr7lHpeouo.3Swq.mM.3uNu0zjJmyyEGxgTOA1F9UYq7dXSFfyHK','CARIME DEL ROCIO','RICO CHAN',NULL,NULL,NULL,NULL,NULL,NULL,NULL,1,0,'80687266-6761-43a2-bd98-f42349a9bb63','2018-06-14 02:07:35','2018-06-14 02:07:35'),('72bddfd3-7d2b-4638-92ca-d101259a1399','ADMIN3','cyaber@vosr.com','$2y$10$7Nr7lHpeouo.3Swq.mM.3uNu0zjJmyyEGxgTOA1F9UYq7dXSFfyHK','Carlos','Lopez','',NULL,'',NULL,'',1,NULL,1,1,'5197c80d-2d30-4225-a757-b31592c9e0f0','2018-05-16 02:07:05','2018-05-16 02:07:05'),('77ddekr-6ijo-pc3q-r57f','697C1',NULL,'$2y$10$7Nr7lHpeouo.3Swq.mM.3uNu0zjJmyyEGxgTOA1F9UYq7dXSFfyHK','VICENTE','COLLADO SANCHEZ',NULL,NULL,NULL,NULL,NULL,NULL,NULL,1,0,'80687266-6761-43a2-bd98-f42349a9bb63','2018-06-14 02:07:35','2018-06-14 02:07:35'),('7br8al7-1tdf-h899-wtad','206C5',NULL,'$2y$10$7Nr7lHpeouo.3Swq.mM.3uNu0zjJmyyEGxgTOA1F9UYq7dXSFfyHK','LEON EUSEBIO VIDAL','MARTINEZ DE',NULL,NULL,NULL,NULL,NULL,NULL,NULL,1,0,'80687266-6761-43a2-bd98-f42349a9bb63','2018-06-14 02:07:33','2018-06-14 02:07:33'),('7byoj59-ejnn-i41o-gmx6','724B1',NULL,'$2y$10$7Nr7lHpeouo.3Swq.mM.3uNu0zjJmyyEGxgTOA1F9UYq7dXSFfyHK','BARBARA JANET','MAR VAZQUEZ',NULL,NULL,NULL,NULL,NULL,NULL,NULL,1,0,'80687266-6761-43a2-bd98-f42349a9bb63','2018-06-14 02:07:37','2018-06-14 02:07:37'),('7csdt3x-czhn-49fr-185x','669C1',NULL,'$2y$10$7Nr7lHpeouo.3Swq.mM.3uNu0zjJmyyEGxgTOA1F9UYq7dXSFfyHK','LETICIA','CALDERON LUNA',NULL,NULL,NULL,NULL,NULL,NULL,NULL,1,0,'80687266-6761-43a2-bd98-f42349a9bb63','2018-06-14 02:07:34','2018-06-14 02:07:34'),('7onq1m6-gbn2-xz59-0vy2','921B1',NULL,'$2y$10$7Nr7lHpeouo.3Swq.mM.3uNu0zjJmyyEGxgTOA1F9UYq7dXSFfyHK','IMELDA FRANCISCA','HERRERA MISS',NULL,NULL,NULL,NULL,NULL,NULL,NULL,1,0,'80687266-6761-43a2-bd98-f42349a9bb63','2018-06-14 02:07:34','2018-06-14 02:07:34'),('7os0a0r-i70v-gxek-kt4h','889B1',NULL,'$2y$10$7Nr7lHpeouo.3Swq.mM.3uNu0zjJmyyEGxgTOA1F9UYq7dXSFfyHK','DAISY MARGARITA','MENDEZ TRIGUEROS',NULL,NULL,NULL,NULL,NULL,NULL,NULL,1,0,'80687266-6761-43a2-bd98-f42349a9bb63','2018-06-14 02:07:38','2018-06-14 02:07:38'),('7ph0mlh-9os2-an4h-rw4p','206B1',NULL,'$2y$10$7Nr7lHpeouo.3Swq.mM.3uNu0zjJmyyEGxgTOA1F9UYq7dXSFfyHK','GUADALUPE','GALARZA GALARZA',NULL,NULL,NULL,NULL,NULL,NULL,NULL,1,0,'80687266-6761-43a2-bd98-f42349a9bb63','2018-06-14 02:07:33','2018-06-14 02:07:33'),('7r8mytp-tr8e-5iy9-b60j','738C1',NULL,'$2y$10$7Nr7lHpeouo.3Swq.mM.3uNu0zjJmyyEGxgTOA1F9UYq7dXSFfyHK','DAVID','HERNANDEZ GUTIERREZ',NULL,NULL,NULL,NULL,NULL,NULL,NULL,1,0,'80687266-6761-43a2-bd98-f42349a9bb63','2018-06-14 02:07:35','2018-06-14 02:07:35'),('7tjokmc-2stt-0nn3-6cy0','709C1',NULL,'$2y$10$7Nr7lHpeouo.3Swq.mM.3uNu0zjJmyyEGxgTOA1F9UYq7dXSFfyHK','FRIDA GALILEA','CALVO SANTIN',NULL,NULL,NULL,NULL,NULL,NULL,NULL,1,0,'80687266-6761-43a2-bd98-f42349a9bb63','2018-06-14 02:07:33','2018-06-14 02:07:33'),('7xw760z-v8q5-qvyo-v01g','880B1',NULL,'$2y$10$7Nr7lHpeouo.3Swq.mM.3uNu0zjJmyyEGxgTOA1F9UYq7dXSFfyHK','JUAN EUDES','CANCHE CANCHE',NULL,NULL,NULL,NULL,NULL,NULL,NULL,1,0,'80687266-6761-43a2-bd98-f42349a9bb63','2018-06-14 02:07:35','2018-06-14 02:07:35'),('7ybx26j-yasf-j743-t51o','680C1',NULL,'$2y$10$7Nr7lHpeouo.3Swq.mM.3uNu0zjJmyyEGxgTOA1F9UYq7dXSFfyHK',' CLAUDIA YUNUEN','MENDOZA AGUIRRE',NULL,NULL,NULL,NULL,NULL,NULL,NULL,1,0,'80687266-6761-43a2-bd98-f42349a9bb63','2018-06-14 02:07:37','2018-06-14 02:07:37'),('7z1yssw-y3xl-la6p-04jz','730B1',NULL,'$2y$10$7Nr7lHpeouo.3Swq.mM.3uNu0zjJmyyEGxgTOA1F9UYq7dXSFfyHK','LUIS ARMANDO','MARCIAL MAGDALENO',NULL,NULL,NULL,NULL,NULL,NULL,NULL,1,0,'80687266-6761-43a2-bd98-f42349a9bb63','2018-06-14 02:07:33','2018-06-14 02:07:33'),('86e06920-6035-419d-906f-cc672f90adm2','ADMIN2',NULL,'$2y$10$7Nr7lHpeouo.3Swq.mM.3uNu0zjJmyyEGxgTOA1F9UYq7dXSFfyHK','Ulises','Mejia',NULL,NULL,NULL,NULL,NULL,NULL,NULL,1,1,'5197c80d-2d30-4225-a757-b31592c9e0f0','2018-05-06 17:20:39','2018-05-06 17:20:39'),('86e06920-6035-419d-906f-cc672f90eadm','ADMIN1',NULL,'$2y$10$7Nr7lHpeouo.3Swq.mM.3uNu0zjJmyyEGxgTOA1F9UYq7dXSFfyHK','Cristina','Torres',NULL,NULL,NULL,NULL,NULL,NULL,NULL,1,1,'5197c80d-2d30-4225-a757-b31592c9e0f0','2018-05-06 17:14:41','2018-05-06 17:14:41'),('8b5x5ro-if6e-2gju-v7x9','706B1',NULL,'$2y$10$7Nr7lHpeouo.3Swq.mM.3uNu0zjJmyyEGxgTOA1F9UYq7dXSFfyHK','FANNY GABRIELA','RAMIREZ FLORES',NULL,NULL,NULL,NULL,NULL,NULL,NULL,1,0,'80687266-6761-43a2-bd98-f42349a9bb63','2018-06-14 02:07:33','2018-06-14 02:07:33'),('8bynu94-w4zm-pzae-tl04','727C1',NULL,'$2y$10$7Nr7lHpeouo.3Swq.mM.3uNu0zjJmyyEGxgTOA1F9UYq7dXSFfyHK','PERLA ISABEL','VALDESPINO SOLIS',NULL,NULL,NULL,NULL,NULL,NULL,NULL,1,0,'80687266-6761-43a2-bd98-f42349a9bb63','2018-06-14 02:07:34','2018-06-14 02:07:34'),('8bzkesg-2tuh-df1f-wkfl','874C8',NULL,'$2y$10$7Nr7lHpeouo.3Swq.mM.3uNu0zjJmyyEGxgTOA1F9UYq7dXSFfyHK','ANGEL EDUARDO','MARTINEZ TINAJERO',NULL,NULL,NULL,NULL,NULL,NULL,NULL,1,0,'80687266-6761-43a2-bd98-f42349a9bb63','2018-06-14 02:07:33','2018-06-14 02:07:33'),('8co9q8o-aaqz-stz6-k6pz','882B1',NULL,'$2y$10$7Nr7lHpeouo.3Swq.mM.3uNu0zjJmyyEGxgTOA1F9UYq7dXSFfyHK','URIEL ISAI','SANGUINO ESCALANTE',NULL,NULL,NULL,NULL,NULL,NULL,NULL,1,0,'80687266-6761-43a2-bd98-f42349a9bb63','2018-06-14 02:07:35','2018-06-14 02:07:35'),('8gc9mww-7j9t-cfi6-549i','710C1',NULL,'$2y$10$7Nr7lHpeouo.3Swq.mM.3uNu0zjJmyyEGxgTOA1F9UYq7dXSFfyHK','JOSE FRANCISCO','PECH SANSORES',NULL,NULL,NULL,NULL,NULL,NULL,NULL,1,0,'80687266-6761-43a2-bd98-f42349a9bb63','2018-06-14 02:07:36','2018-06-14 02:07:36'),('8q8n5td-h14s-bv6a-x96r','875C7',NULL,'$2y$10$7Nr7lHpeouo.3Swq.mM.3uNu0zjJmyyEGxgTOA1F9UYq7dXSFfyHK','JENNY LINDU','DOMINGUEZ HERNANDEZ',NULL,NULL,NULL,NULL,NULL,NULL,NULL,1,0,'80687266-6761-43a2-bd98-f42349a9bb63','2018-06-14 02:07:38','2018-06-14 02:07:38'),('8un4khf-g13n-wi6t-3ku9','920B1',NULL,'$2y$10$7Nr7lHpeouo.3Swq.mM.3uNu0zjJmyyEGxgTOA1F9UYq7dXSFfyHK','MAURO ENRIQUE','MOGUEL MARTIN',NULL,NULL,NULL,NULL,NULL,NULL,NULL,1,0,'80687266-6761-43a2-bd98-f42349a9bb63','2018-06-14 02:07:34','2018-06-14 02:07:34'),('8z4345i-x5rb-ji2j-n4ct','751B1',NULL,'$2y$10$7Nr7lHpeouo.3Swq.mM.3uNu0zjJmyyEGxgTOA1F9UYq7dXSFfyHK','VICTOR MANUEL','GALLEGOS JIMENEZ',NULL,NULL,NULL,NULL,NULL,NULL,NULL,1,0,'80687266-6761-43a2-bd98-f42349a9bb63','2018-06-14 02:07:37','2018-06-14 02:07:37'),('90k3na6-mdtg-x9uv-cpye','768C5',NULL,'$2y$10$7Nr7lHpeouo.3Swq.mM.3uNu0zjJmyyEGxgTOA1F9UYq7dXSFfyHK','RANGEL','AGUILAR MENDOZA',NULL,NULL,NULL,NULL,NULL,NULL,NULL,1,0,'80687266-6761-43a2-bd98-f42349a9bb63','2018-06-14 02:07:36','2018-06-14 02:07:36'),('91uwcsk-ze2g-aru7-zc1b','679C1',NULL,'$2y$10$7Nr7lHpeouo.3Swq.mM.3uNu0zjJmyyEGxgTOA1F9UYq7dXSFfyHK','MARIO ROBERTO','SANCHEZ LOPEZ',NULL,NULL,NULL,NULL,NULL,NULL,NULL,1,0,'80687266-6761-43a2-bd98-f42349a9bb63','2018-06-14 02:07:34','2018-06-14 02:07:34'),('96hiwxd-lpan-9iqp-v959','736C1',NULL,'$2y$10$7Nr7lHpeouo.3Swq.mM.3uNu0zjJmyyEGxgTOA1F9UYq7dXSFfyHK','ALEJANDRO DE JESUS','RIOS HERNANDEZ',NULL,NULL,NULL,NULL,NULL,NULL,NULL,1,0,'80687266-6761-43a2-bd98-f42349a9bb63','2018-06-14 02:07:34','2018-06-14 02:07:34'),('99b81sd-vwc0-lquk-932k','692B1',NULL,'$2y$10$7Nr7lHpeouo.3Swq.mM.3uNu0zjJmyyEGxgTOA1F9UYq7dXSFfyHK','VERONICA','RIOS GARCIA',NULL,NULL,NULL,NULL,NULL,NULL,NULL,1,0,'80687266-6761-43a2-bd98-f42349a9bb63','2018-06-14 02:07:36','2018-06-14 02:07:36'),('9gdir86-a9sr-f44k-dsl0','MONITOR07',NULL,'$2y$10$7Nr7lHpeouo.3Swq.mM.3uNu0zjJmyyEGxgTOA1F9UYq7dXSFfyHK','MONITOR','07',NULL,NULL,NULL,NULL,NULL,NULL,NULL,1,0,'e687cb91-4cdf-4ab2-992f-e76584199c2e','2018-06-14 22:26:58','2018-06-14 22:26:58'),('9kfn1rl-fgtn-ubzl-rvzb','878C1',NULL,'$2y$10$7Nr7lHpeouo.3Swq.mM.3uNu0zjJmyyEGxgTOA1F9UYq7dXSFfyHK','VICTORIA CANDELARIA','FLORES HERRERA',NULL,NULL,NULL,NULL,NULL,NULL,NULL,1,0,'80687266-6761-43a2-bd98-f42349a9bb63','2018-06-14 02:07:37','2018-06-14 02:07:37'),('9szba2c-l8rr-6wsm-3xpg','885C1',NULL,'$2y$10$7Nr7lHpeouo.3Swq.mM.3uNu0zjJmyyEGxgTOA1F9UYq7dXSFfyHK','TRINIDAD DEL ROSARIO','JIMENEZ CASTELLANOS',NULL,NULL,NULL,NULL,NULL,NULL,NULL,1,0,'80687266-6761-43a2-bd98-f42349a9bb63','2018-06-14 02:07:38','2018-06-14 02:07:38'),('a1admtd-2yem-666f-erfr','737C1',NULL,'$2y$10$7Nr7lHpeouo.3Swq.mM.3uNu0zjJmyyEGxgTOA1F9UYq7dXSFfyHK','MARIA','LUNA SARAOS',NULL,NULL,NULL,NULL,NULL,NULL,NULL,1,0,'80687266-6761-43a2-bd98-f42349a9bb63','2018-06-14 02:07:35','2018-06-14 02:07:35'),('a2yw15v-uvi9-33e0-oqkg','763B1',NULL,'$2y$10$7Nr7lHpeouo.3Swq.mM.3uNu0zjJmyyEGxgTOA1F9UYq7dXSFfyHK','YURBEN JERUSALEN','MARTIN PADILLA',NULL,NULL,NULL,NULL,NULL,NULL,NULL,1,0,'80687266-6761-43a2-bd98-f42349a9bb63','2018-06-14 02:07:38','2018-06-14 02:07:38'),('algvkcq-wseu-f2oe-qrbl','766B1',NULL,'$2y$10$7Nr7lHpeouo.3Swq.mM.3uNu0zjJmyyEGxgTOA1F9UYq7dXSFfyHK','REMEDIOS','REYES SOLIS',NULL,NULL,NULL,NULL,NULL,NULL,NULL,1,0,'80687266-6761-43a2-bd98-f42349a9bb63','2018-06-14 02:07:36','2018-06-14 02:07:36'),('awhzf4j-l5mj-wojt-whx4','882C1',NULL,'$2y$10$7Nr7lHpeouo.3Swq.mM.3uNu0zjJmyyEGxgTOA1F9UYq7dXSFfyHK','NUBIA MEISY','SANCHEZ BERNARDO',NULL,NULL,NULL,NULL,NULL,NULL,NULL,1,0,'80687266-6761-43a2-bd98-f42349a9bb63','2018-06-14 02:07:35','2018-06-14 02:07:35'),('ayvmgsc-c6sf-bty6-bwb4','884B1',NULL,'$2y$10$7Nr7lHpeouo.3Swq.mM.3uNu0zjJmyyEGxgTOA1F9UYq7dXSFfyHK','CESAR IGNACIO','TORRES HERNANDEZ',NULL,NULL,NULL,NULL,NULL,NULL,NULL,1,0,'80687266-6761-43a2-bd98-f42349a9bb63','2018-06-14 02:07:35','2018-06-14 02:07:35'),('b2d42g4-ec9a-clq4-s8nh','764C1',NULL,'$2y$10$7Nr7lHpeouo.3Swq.mM.3uNu0zjJmyyEGxgTOA1F9UYq7dXSFfyHK','ANA QUELY','SANTIS MORALES',NULL,NULL,NULL,NULL,NULL,NULL,NULL,1,0,'80687266-6761-43a2-bd98-f42349a9bb63','2018-06-14 02:07:38','2018-06-14 02:07:38'),('b2vaij8-15zp-xvtp-p5tg','875C2',NULL,'$2y$10$7Nr7lHpeouo.3Swq.mM.3uNu0zjJmyyEGxgTOA1F9UYq7dXSFfyHK','JUANA','HERNANDEZ TELLEZ',NULL,NULL,NULL,NULL,NULL,NULL,NULL,1,0,'80687266-6761-43a2-bd98-f42349a9bb63','2018-06-14 02:07:37','2018-06-14 02:07:37'),('b5laf8q-1xtf-fvtj-vr5p','206C4',NULL,'$2y$10$7Nr7lHpeouo.3Swq.mM.3uNu0zjJmyyEGxgTOA1F9UYq7dXSFfyHK','BANY YURAI','ZACARIAS LAGUNAS',NULL,NULL,NULL,NULL,NULL,NULL,NULL,1,0,'80687266-6761-43a2-bd98-f42349a9bb63','2018-06-14 02:07:33','2018-06-14 02:07:33'),('bcq7b8n-kdt2-vuxv-t1pz','727B1',NULL,'$2y$10$7Nr7lHpeouo.3Swq.mM.3uNu0zjJmyyEGxgTOA1F9UYq7dXSFfyHK','BRENDA VERONICA','BALAM PAT',NULL,NULL,NULL,NULL,NULL,NULL,NULL,1,0,'80687266-6761-43a2-bd98-f42349a9bb63','2018-06-14 02:07:34','2018-06-14 02:07:34'),('bi8r9q2-tfkk-7a6p-ai2q','675B1',NULL,'$2y$10$7Nr7lHpeouo.3Swq.mM.3uNu0zjJmyyEGxgTOA1F9UYq7dXSFfyHK','CARLOS ENRIQUE','GOMEZ BETANCOURT',NULL,NULL,NULL,NULL,NULL,NULL,NULL,1,0,'80687266-6761-43a2-bd98-f42349a9bb63','2018-06-14 02:07:35','2018-06-14 02:07:35'),('bi9tj44-wzo1-fzu0-xs5q','711B1',NULL,'$2y$10$7Nr7lHpeouo.3Swq.mM.3uNu0zjJmyyEGxgTOA1F9UYq7dXSFfyHK','EGNI JAZMIN','ACOSTA LOPEZ',NULL,NULL,NULL,NULL,NULL,NULL,NULL,1,0,'80687266-6761-43a2-bd98-f42349a9bb63','2018-06-14 02:07:34','2018-06-14 02:07:34'),('bimdfld-4ybj-ahc4-jd3f','875C10',NULL,'$2y$10$7Nr7lHpeouo.3Swq.mM.3uNu0zjJmyyEGxgTOA1F9UYq7dXSFfyHK','GLORICELI','XOOL SIERRA',NULL,NULL,NULL,NULL,NULL,NULL,NULL,1,0,'80687266-6761-43a2-bd98-f42349a9bb63','2018-06-14 02:07:37','2018-06-14 02:07:37'),('bpfdicf-bjj6-tqzu-ot54','914B1',NULL,'$2y$10$7Nr7lHpeouo.3Swq.mM.3uNu0zjJmyyEGxgTOA1F9UYq7dXSFfyHK','CECILIA','DOMINGUEZ RODRIGUEZ',NULL,NULL,NULL,NULL,NULL,NULL,NULL,1,0,'80687266-6761-43a2-bd98-f42349a9bb63','2018-06-14 02:07:35','2018-06-14 02:07:35'),('bppiuhu-k7pf-b7n1-6l93','676B1',NULL,'$2y$10$7Nr7lHpeouo.3Swq.mM.3uNu0zjJmyyEGxgTOA1F9UYq7dXSFfyHK','GABRIEL','GOMEZ CRUZ',NULL,NULL,NULL,NULL,NULL,NULL,NULL,1,0,'80687266-6761-43a2-bd98-f42349a9bb63','2018-06-14 02:07:37','2018-06-14 02:07:37'),('bqqglub-bs9e-dlur-jnak','875C22',NULL,'$2y$10$7Nr7lHpeouo.3Swq.mM.3uNu0zjJmyyEGxgTOA1F9UYq7dXSFfyHK','ESTELA','FALCON AGUILAR',NULL,NULL,NULL,NULL,NULL,NULL,NULL,1,0,'80687266-6761-43a2-bd98-f42349a9bb63','2018-06-14 02:07:36','2018-06-14 02:07:36'),('bs7lwme-ynxl-pmq0-lebz','907B1',NULL,'$2y$10$7Nr7lHpeouo.3Swq.mM.3uNu0zjJmyyEGxgTOA1F9UYq7dXSFfyHK','FRANCISCA DEL CARMEN ','MUÑOZ DOMINGUEZ',NULL,NULL,NULL,NULL,NULL,NULL,NULL,1,0,'80687266-6761-43a2-bd98-f42349a9bb63','2018-06-14 02:07:34','2018-06-14 02:07:34'),('bvvy316-stzr-mw0b-v75h','713B1',NULL,'$2y$10$7Nr7lHpeouo.3Swq.mM.3uNu0zjJmyyEGxgTOA1F9UYq7dXSFfyHK','RUBEN ALEJANDRO','CORTES JIMENEZ',NULL,NULL,NULL,NULL,NULL,NULL,NULL,1,0,'80687266-6761-43a2-bd98-f42349a9bb63','2018-06-14 02:07:34','2018-06-14 02:07:34'),('c9c5kpx-2yvk-1aq9-kq1i','900B1',NULL,'$2y$10$7Nr7lHpeouo.3Swq.mM.3uNu0zjJmyyEGxgTOA1F9UYq7dXSFfyHK','ENRIQUE ISMAEL','CHAN JIMENEZ',NULL,NULL,NULL,NULL,NULL,NULL,NULL,1,0,'80687266-6761-43a2-bd98-f42349a9bb63','2018-06-14 02:07:32','2018-06-14 02:07:32'),('cc7ab27e-db85-4442-ad27-4fe8aee6571c','ADMIN4','cyberio@gmail.com','$2y$10$7Nr7lHpeouo.3Swq.mM.3uNu0zjJmyyEGxgTOA1F9UYq7dXSFfyHK','J. Alberto','Baizabal','',NULL,'',NULL,'',0,NULL,1,1,'5197c80d-2d30-4225-a757-b31592c9e0f0','2018-05-16 01:50:46','2018-05-16 01:50:46'),('cgat242-y7ta-mpll-3ovj','881C1',NULL,'$2y$10$7Nr7lHpeouo.3Swq.mM.3uNu0zjJmyyEGxgTOA1F9UYq7dXSFfyHK','DULCE DANIELA','COLIN GUTIERREZ',NULL,NULL,NULL,NULL,NULL,NULL,NULL,1,0,'80687266-6761-43a2-bd98-f42349a9bb63','2018-06-14 02:07:38','2018-06-14 02:07:38'),('cogw2lx-4wgc-ui30-z6n4','736B1',NULL,'$2y$10$7Nr7lHpeouo.3Swq.mM.3uNu0zjJmyyEGxgTOA1F9UYq7dXSFfyHK','JOSE BENJAMIN','MEDINA MIRELES',NULL,NULL,NULL,NULL,NULL,NULL,NULL,1,0,'80687266-6761-43a2-bd98-f42349a9bb63','2018-06-14 02:07:34','2018-06-14 02:07:34'),('cxmkgj7-z1ug-20qg-vfxw','874C12',NULL,'$2y$10$7Nr7lHpeouo.3Swq.mM.3uNu0zjJmyyEGxgTOA1F9UYq7dXSFfyHK','EFRAIN','CARRILLO AGUILAR',NULL,NULL,NULL,NULL,NULL,NULL,NULL,1,0,'80687266-6761-43a2-bd98-f42349a9bb63','2018-06-14 02:07:37','2018-06-14 02:07:37'),('cy0l80v-rzzx-rxk5-db22','709B1',NULL,'$2y$10$7Nr7lHpeouo.3Swq.mM.3uNu0zjJmyyEGxgTOA1F9UYq7dXSFfyHK','MIRENA DEL CARMEN','OLAN MADRIGAL',NULL,NULL,NULL,NULL,NULL,NULL,NULL,1,0,'80687266-6761-43a2-bd98-f42349a9bb63','2018-06-14 02:07:33','2018-06-14 02:07:33'),('d1il9x4-qr2h-01t3-zb92','888C2',NULL,'$2y$10$7Nr7lHpeouo.3Swq.mM.3uNu0zjJmyyEGxgTOA1F9UYq7dXSFfyHK','LUIS ALEJANDRO','LOPEZ ACUÑA',NULL,NULL,NULL,NULL,NULL,NULL,NULL,1,0,'80687266-6761-43a2-bd98-f42349a9bb63','2018-06-14 02:07:33','2018-06-14 02:07:33'),('d66oaba-e5kj-ge7c-zpu0','772B1',NULL,'$2y$10$7Nr7lHpeouo.3Swq.mM.3uNu0zjJmyyEGxgTOA1F9UYq7dXSFfyHK','DELTA IVONNE','ROSADO CANO',NULL,NULL,NULL,NULL,NULL,NULL,NULL,1,0,'80687266-6761-43a2-bd98-f42349a9bb63','2018-06-14 02:07:34','2018-06-14 02:07:34'),('d6gor4v-nqmq-odpr-ihw8','694C5',NULL,'$2y$10$7Nr7lHpeouo.3Swq.mM.3uNu0zjJmyyEGxgTOA1F9UYq7dXSFfyHK','PATRICIA','HERNANDEZ LAZARO',NULL,NULL,NULL,NULL,NULL,NULL,NULL,1,0,'80687266-6761-43a2-bd98-f42349a9bb63','2018-06-14 02:07:33','2018-06-14 02:07:33'),('dbolg27-8rjp-fors-6jp7','729C2',NULL,'$2y$10$7Nr7lHpeouo.3Swq.mM.3uNu0zjJmyyEGxgTOA1F9UYq7dXSFfyHK','JAZMIN','TORRES HERNANDEZ',NULL,NULL,NULL,NULL,NULL,NULL,NULL,1,0,'80687266-6761-43a2-bd98-f42349a9bb63','2018-06-14 02:07:35','2018-06-14 02:07:35'),('dbr1prr-2uok-eyh1-5ekz','688C1',NULL,'$2y$10$7Nr7lHpeouo.3Swq.mM.3uNu0zjJmyyEGxgTOA1F9UYq7dXSFfyHK','ANDRES','PEREZ CRUZ',NULL,NULL,NULL,NULL,NULL,NULL,NULL,1,0,'80687266-6761-43a2-bd98-f42349a9bb63','2018-06-14 02:07:36','2018-06-14 02:07:36'),('derl30n-rvb1-2hlg-kqfu','675C3',NULL,'$2y$10$7Nr7lHpeouo.3Swq.mM.3uNu0zjJmyyEGxgTOA1F9UYq7dXSFfyHK','JUAN CARLOS','MENDOZA ZAVALA',NULL,NULL,NULL,NULL,NULL,NULL,NULL,1,0,'80687266-6761-43a2-bd98-f42349a9bb63','2018-06-14 02:07:35','2018-06-14 02:07:35'),('dirjylf-ybzx-01vn-92oi','685B1',NULL,'$2y$10$7Nr7lHpeouo.3Swq.mM.3uNu0zjJmyyEGxgTOA1F9UYq7dXSFfyHK','ERIKA YURIDIA','GUTIERREZ REYES',NULL,NULL,NULL,NULL,NULL,NULL,NULL,1,0,'80687266-6761-43a2-bd98-f42349a9bb63','2018-06-14 02:07:36','2018-06-14 02:07:36'),('dl7k5i2-jlxo-8i5u-a9yz','919B1',NULL,'$2y$10$7Nr7lHpeouo.3Swq.mM.3uNu0zjJmyyEGxgTOA1F9UYq7dXSFfyHK','NAYELI DEL ROSIO','GARCIA ALVAREZ',NULL,NULL,NULL,NULL,NULL,NULL,NULL,1,0,'80687266-6761-43a2-bd98-f42349a9bb63','2018-06-14 02:07:34','2018-06-14 02:07:34'),('dmg0fub-jve0-0vk4-8bx2','874C14',NULL,'$2y$10$7Nr7lHpeouo.3Swq.mM.3uNu0zjJmyyEGxgTOA1F9UYq7dXSFfyHK','ANGEL JAVIER','MARTINEZ VALADEZ',NULL,NULL,NULL,NULL,NULL,NULL,NULL,1,0,'80687266-6761-43a2-bd98-f42349a9bb63','2018-06-14 02:07:37','2018-06-14 02:07:37'),('dmud1ay-er9n-8ptr-yiij','877C1',NULL,'$2y$10$7Nr7lHpeouo.3Swq.mM.3uNu0zjJmyyEGxgTOA1F9UYq7dXSFfyHK','MELINA DEL CARMEN','PADILLA CRUZ',NULL,NULL,NULL,NULL,NULL,NULL,NULL,1,0,'80687266-6761-43a2-bd98-f42349a9bb63','2018-06-14 02:07:37','2018-06-14 02:07:37'),('dy3f2g8-kkby-fdsh-8nzp','903B1',NULL,'$2y$10$7Nr7lHpeouo.3Swq.mM.3uNu0zjJmyyEGxgTOA1F9UYq7dXSFfyHK','DAVID FRANCISCO','FELIX PEREZ',NULL,NULL,NULL,NULL,NULL,NULL,NULL,1,0,'80687266-6761-43a2-bd98-f42349a9bb63','2018-06-14 02:07:32','2018-06-14 02:07:32'),('e1l5x3j-ulz1-onj7-0c7s','739B1',NULL,'$2y$10$7Nr7lHpeouo.3Swq.mM.3uNu0zjJmyyEGxgTOA1F9UYq7dXSFfyHK','OMAR','BECERRA DAVILA',NULL,NULL,NULL,NULL,NULL,NULL,NULL,1,0,'80687266-6761-43a2-bd98-f42349a9bb63','2018-06-14 02:07:35','2018-06-14 02:07:35'),('e3bmwyk-ijkw-872g-r0uu','732B1',NULL,'$2y$10$7Nr7lHpeouo.3Swq.mM.3uNu0zjJmyyEGxgTOA1F9UYq7dXSFfyHK','MARIA FERNANDA','COLIN RAMIREZ',NULL,NULL,NULL,NULL,NULL,NULL,NULL,1,0,'80687266-6761-43a2-bd98-f42349a9bb63','2018-06-14 02:07:33','2018-06-14 02:07:33'),('e4mf7db-56in-339d-xsne','874C9',NULL,'$2y$10$7Nr7lHpeouo.3Swq.mM.3uNu0zjJmyyEGxgTOA1F9UYq7dXSFfyHK','IVAN IVANOV','RAMIREZ SOTO',NULL,NULL,NULL,NULL,NULL,NULL,NULL,1,0,'80687266-6761-43a2-bd98-f42349a9bb63','2018-06-14 02:07:33','2018-06-14 02:07:33'),('e9mthrv-ezs3-n161-ktdn','206C7',NULL,'$2y$10$7Nr7lHpeouo.3Swq.mM.3uNu0zjJmyyEGxgTOA1F9UYq7dXSFfyHK','ALEJANDRA','VARGAS ZAMBRANO',NULL,NULL,NULL,NULL,NULL,NULL,NULL,1,0,'80687266-6761-43a2-bd98-f42349a9bb63','2018-06-14 02:07:33','2018-06-14 02:07:33'),('ebq1o35-d3gn-dyn8-48p0','750B1',NULL,'$2y$10$7Nr7lHpeouo.3Swq.mM.3uNu0zjJmyyEGxgTOA1F9UYq7dXSFfyHK','LANDY ROCILI','BOLIO CAAMAL',NULL,NULL,NULL,NULL,NULL,NULL,NULL,1,0,'80687266-6761-43a2-bd98-f42349a9bb63','2018-06-14 02:07:37','2018-06-14 02:07:37'),('ec3l92h-f8xk-bna1-oaia','206C9',NULL,'$2y$10$7Nr7lHpeouo.3Swq.mM.3uNu0zjJmyyEGxgTOA1F9UYq7dXSFfyHK','YORISMA DENI','COBOS ESPINDOLA',NULL,NULL,NULL,NULL,NULL,NULL,NULL,1,0,'80687266-6761-43a2-bd98-f42349a9bb63','2018-06-14 02:07:33','2018-06-14 02:07:33'),('ecs1c53-fvuc-waq9-80kd','707C1',NULL,'$2y$10$7Nr7lHpeouo.3Swq.mM.3uNu0zjJmyyEGxgTOA1F9UYq7dXSFfyHK','EDGAR JOSUE','TEJERO RAMIREZ',NULL,NULL,NULL,NULL,NULL,NULL,NULL,1,0,'80687266-6761-43a2-bd98-f42349a9bb63','2018-06-14 02:07:33','2018-06-14 02:07:33'),('emf1y06-93yx-8unh-n7b7','729B1',NULL,'$2y$10$7Nr7lHpeouo.3Swq.mM.3uNu0zjJmyyEGxgTOA1F9UYq7dXSFfyHK','LUIS ANTONIO','FLORES SANCHEZ',NULL,NULL,NULL,NULL,NULL,NULL,NULL,1,0,'80687266-6761-43a2-bd98-f42349a9bb63','2018-06-14 02:07:35','2018-06-14 02:07:35'),('emkml57-6uqm-hpdg-79wv','875C25',NULL,'$2y$10$7Nr7lHpeouo.3Swq.mM.3uNu0zjJmyyEGxgTOA1F9UYq7dXSFfyHK','JESUS KARELY','CRUZ CEBREROS',NULL,NULL,NULL,NULL,NULL,NULL,NULL,1,0,'80687266-6761-43a2-bd98-f42349a9bb63','2018-06-14 02:07:36','2018-06-14 02:07:36'),('eznrsd2-1tp9-9157-i13t','874C5',NULL,'$2y$10$7Nr7lHpeouo.3Swq.mM.3uNu0zjJmyyEGxgTOA1F9UYq7dXSFfyHK','NALLELY','CANSECO REYES',NULL,NULL,NULL,NULL,NULL,NULL,NULL,1,0,'80687266-6761-43a2-bd98-f42349a9bb63','2018-06-14 02:07:33','2018-06-14 02:07:33'),('f3l3mu8-0t8v-2fa4-5kct','890B1',NULL,'$2y$10$7Nr7lHpeouo.3Swq.mM.3uNu0zjJmyyEGxgTOA1F9UYq7dXSFfyHK','MIGUEL ANGEL','CERNA ARGUELLES',NULL,NULL,NULL,NULL,NULL,NULL,NULL,1,0,'80687266-6761-43a2-bd98-f42349a9bb63','2018-06-14 02:07:33','2018-06-14 02:07:33'),('f5g9n4w-4uev-5a4g-7arz','685C1',NULL,'$2y$10$7Nr7lHpeouo.3Swq.mM.3uNu0zjJmyyEGxgTOA1F9UYq7dXSFfyHK','GICELA DEL CARMEN','SALAS LOPEZ',NULL,NULL,NULL,NULL,NULL,NULL,NULL,1,0,'80687266-6761-43a2-bd98-f42349a9bb63','2018-06-14 02:07:36','2018-06-14 02:07:36'),('f6l75me-2jo5-krgo-61zr','876C3',NULL,'$2y$10$7Nr7lHpeouo.3Swq.mM.3uNu0zjJmyyEGxgTOA1F9UYq7dXSFfyHK','ARACELY','MARTINEZ SANCHEZ',NULL,NULL,NULL,NULL,NULL,NULL,NULL,1,0,'80687266-6761-43a2-bd98-f42349a9bb63','2018-06-14 02:07:37','2018-06-14 02:07:37'),('f7kv7tn-404h-rve4-bwu1','910B1',NULL,'$2y$10$7Nr7lHpeouo.3Swq.mM.3uNu0zjJmyyEGxgTOA1F9UYq7dXSFfyHK','FATIMA','CRUZ ORTIZ',NULL,NULL,NULL,NULL,NULL,NULL,NULL,1,0,'80687266-6761-43a2-bd98-f42349a9bb63','2018-06-14 02:07:35','2018-06-14 02:07:35'),('f9kwrqn-ja91-78in-mxjr','890C1',NULL,'$2y$10$7Nr7lHpeouo.3Swq.mM.3uNu0zjJmyyEGxgTOA1F9UYq7dXSFfyHK','MARIA CONSUELO','TEP UC',NULL,NULL,NULL,NULL,NULL,NULL,NULL,1,0,'80687266-6761-43a2-bd98-f42349a9bb63','2018-06-14 02:07:33','2018-06-14 02:07:33'),('favfcet-x48q-6gyt-hu3k','735B1',NULL,'$2y$10$7Nr7lHpeouo.3Swq.mM.3uNu0zjJmyyEGxgTOA1F9UYq7dXSFfyHK','JOSE LUIS','GALAZ VALDEZ',NULL,NULL,NULL,NULL,NULL,NULL,NULL,1,0,'80687266-6761-43a2-bd98-f42349a9bb63','2018-06-14 02:07:34','2018-06-14 02:07:34'),('faxpd3l-ljvd-lweu-oyv0','765C1',NULL,'$2y$10$7Nr7lHpeouo.3Swq.mM.3uNu0zjJmyyEGxgTOA1F9UYq7dXSFfyHK','ROSSELY ABELINE','RODRIGUEZ BOLIO',NULL,NULL,NULL,NULL,NULL,NULL,NULL,1,0,'80687266-6761-43a2-bd98-f42349a9bb63','2018-06-14 02:07:38','2018-06-14 02:07:38'),('fd0vyfs-n7jg-fvhr-ufr2','669B1',NULL,'$2y$10$7Nr7lHpeouo.3Swq.mM.3uNu0zjJmyyEGxgTOA1F9UYq7dXSFfyHK','MONTSERRAT','LOPEZ GOMEZ',NULL,NULL,NULL,NULL,NULL,NULL,NULL,1,0,'80687266-6761-43a2-bd98-f42349a9bb63','2018-06-14 02:07:34','2018-06-14 02:07:34'),('fdbwa4f-6rjg-sara-bbqk','206C12',NULL,'$2y$10$7Nr7lHpeouo.3Swq.mM.3uNu0zjJmyyEGxgTOA1F9UYq7dXSFfyHK','VICTOR MANUEL','CALDELAS HERMENEGILDO',NULL,NULL,NULL,NULL,NULL,NULL,NULL,1,0,'80687266-6761-43a2-bd98-f42349a9bb63','2018-06-14 02:07:37','2018-06-14 02:07:37'),('fdsadf4-5ybc-tka5-n1bb','680C5',NULL,'$2y$10$7Nr7lHpeouo.3Swq.mM.3uNu0zjJmyyEGxgTOA1F9UYq7dXSFfyHK','RAUL ERMILO','YERVES LOPEZ',NULL,NULL,NULL,NULL,NULL,NULL,NULL,1,0,'80687266-6761-43a2-bd98-f42349a9bb63','2018-06-14 02:07:37','2018-06-14 02:07:37'),('feumepm-zzfe-im7g-a2ps','MONITOR08',NULL,'$2y$10$7Nr7lHpeouo.3Swq.mM.3uNu0zjJmyyEGxgTOA1F9UYq7dXSFfyHK','MONITOR','08',NULL,NULL,NULL,NULL,NULL,NULL,NULL,1,0,'e687cb91-4cdf-4ab2-992f-e76584199c2e','2018-06-14 22:26:58','2018-06-14 22:26:58'),('ff95ovs-5jg4-ssbs-hrcf','710B1',NULL,'$2y$10$7Nr7lHpeouo.3Swq.mM.3uNu0zjJmyyEGxgTOA1F9UYq7dXSFfyHK','MARIA JULIA','RUIZ DZUL',NULL,NULL,NULL,NULL,NULL,NULL,NULL,1,0,'80687266-6761-43a2-bd98-f42349a9bb63','2018-06-14 02:07:36','2018-06-14 02:07:36'),('fjpk0xi-o25l-2qdc-7a69','721B1',NULL,'$2y$10$7Nr7lHpeouo.3Swq.mM.3uNu0zjJmyyEGxgTOA1F9UYq7dXSFfyHK','FELIPA FRINE','CHARINES LORIA',NULL,NULL,NULL,NULL,NULL,NULL,NULL,1,0,'80687266-6761-43a2-bd98-f42349a9bb63','2018-06-14 02:07:32','2018-06-14 02:07:32'),('fjti7tr-k5pm-q964-quw6','MONITOR10',NULL,'$2y$10$7Nr7lHpeouo.3Swq.mM.3uNu0zjJmyyEGxgTOA1F9UYq7dXSFfyHK','MONITOR','10',NULL,NULL,NULL,NULL,NULL,NULL,NULL,1,0,'e687cb91-4cdf-4ab2-992f-e76584199c2e','2018-06-14 22:26:59','2018-06-14 22:26:59'),('fmka1ez-6139-m7jm-w885','876C1',NULL,'$2y$10$7Nr7lHpeouo.3Swq.mM.3uNu0zjJmyyEGxgTOA1F9UYq7dXSFfyHK','DIEGO ANTONIO','SOSA CANCINO',NULL,NULL,NULL,NULL,NULL,NULL,NULL,1,0,'80687266-6761-43a2-bd98-f42349a9bb63','2018-06-14 02:07:37','2018-06-14 02:07:37'),('fml36pg-c24k-z2zw-006i','708C1',NULL,'$2y$10$7Nr7lHpeouo.3Swq.mM.3uNu0zjJmyyEGxgTOA1F9UYq7dXSFfyHK','JORGE CARLOS','AGUILAR ENCALADA',NULL,NULL,NULL,NULL,NULL,NULL,NULL,1,0,'80687266-6761-43a2-bd98-f42349a9bb63','2018-06-14 02:07:35','2018-06-14 02:07:35'),('fwo8x34-nbn2-fcdy-w6zz','206C3',NULL,'$2y$10$7Nr7lHpeouo.3Swq.mM.3uNu0zjJmyyEGxgTOA1F9UYq7dXSFfyHK','TANYA BEATRIZ','RODRIGUEZ BUSTILLOS',NULL,NULL,NULL,NULL,NULL,NULL,NULL,1,0,'80687266-6761-43a2-bd98-f42349a9bb63','2018-06-14 02:07:33','2018-06-14 02:07:33'),('g0kbebh-m7a2-djun-k9yo','675C1',NULL,'$2y$10$7Nr7lHpeouo.3Swq.mM.3uNu0zjJmyyEGxgTOA1F9UYq7dXSFfyHK','ERICK RAFAEL','MOLINA VALDEZ',NULL,NULL,NULL,NULL,NULL,NULL,NULL,1,0,'80687266-6761-43a2-bd98-f42349a9bb63','2018-06-14 02:07:35','2018-06-14 02:07:35'),('gahu6e8-mn6w-a1vz-il3v','740C1',NULL,'$2y$10$7Nr7lHpeouo.3Swq.mM.3uNu0zjJmyyEGxgTOA1F9UYq7dXSFfyHK','JUAN CARLOS','MERINO LEYVA',NULL,NULL,NULL,NULL,NULL,NULL,NULL,1,0,'80687266-6761-43a2-bd98-f42349a9bb63','2018-06-14 02:07:35','2018-06-14 02:07:35'),('gba2oc1-tdya-taoc-1vek','738B1',NULL,'$2y$10$7Nr7lHpeouo.3Swq.mM.3uNu0zjJmyyEGxgTOA1F9UYq7dXSFfyHK','AURORA','GONZALEZ RODRIGUEZ',NULL,NULL,NULL,NULL,NULL,NULL,NULL,1,0,'80687266-6761-43a2-bd98-f42349a9bb63','2018-06-14 02:07:35','2018-06-14 02:07:35'),('gjziwku-qe6f-lv0u-uftw','704B1',NULL,'$2y$10$7Nr7lHpeouo.3Swq.mM.3uNu0zjJmyyEGxgTOA1F9UYq7dXSFfyHK','DOMINGUEZ MARICELA CARLOTA','CORONA ',NULL,NULL,NULL,NULL,NULL,NULL,NULL,1,0,'80687266-6761-43a2-bd98-f42349a9bb63','2018-06-14 02:07:33','2018-06-14 02:07:33'),('gnuhub1-l18k-f26j-qka4','875C15',NULL,'$2y$10$7Nr7lHpeouo.3Swq.mM.3uNu0zjJmyyEGxgTOA1F9UYq7dXSFfyHK','FABIOLA','SOLIS GUTIERREZ',NULL,NULL,NULL,NULL,NULL,NULL,NULL,1,0,'80687266-6761-43a2-bd98-f42349a9bb63','2018-06-14 02:07:33','2018-06-14 02:07:33'),('gphopzo-iq8f-j2os-4nwk','671B1',NULL,'$2y$10$7Nr7lHpeouo.3Swq.mM.3uNu0zjJmyyEGxgTOA1F9UYq7dXSFfyHK','TANIA PATRICIA','OCHOA MEDINA',NULL,NULL,NULL,NULL,NULL,NULL,NULL,1,0,'80687266-6761-43a2-bd98-f42349a9bb63','2018-06-14 02:07:34','2018-06-14 02:07:34'),('gtbxwwr-7sp2-klmg-8rbd','875C4',NULL,'$2y$10$7Nr7lHpeouo.3Swq.mM.3uNu0zjJmyyEGxgTOA1F9UYq7dXSFfyHK','PEDRO ANTONIO','DELABRA BALBUENA',NULL,NULL,NULL,NULL,NULL,NULL,NULL,1,0,'80687266-6761-43a2-bd98-f42349a9bb63','2018-06-14 02:07:37','2018-06-14 02:07:37'),('gw781f4-cdoo-axq3-0ksj','681C2',NULL,'$2y$10$7Nr7lHpeouo.3Swq.mM.3uNu0zjJmyyEGxgTOA1F9UYq7dXSFfyHK','MARTIN ALBERTO','RIVERO NOVELO',NULL,NULL,NULL,NULL,NULL,NULL,NULL,1,0,'80687266-6761-43a2-bd98-f42349a9bb63','2018-06-14 02:07:36','2018-06-14 02:07:36'),('h9qxb0k-stfv-tv38-6r1m','888B1',NULL,'$2y$10$7Nr7lHpeouo.3Swq.mM.3uNu0zjJmyyEGxgTOA1F9UYq7dXSFfyHK','GRECIA MARIANA','MARTIN PADILLA',NULL,NULL,NULL,NULL,NULL,NULL,NULL,1,0,'80687266-6761-43a2-bd98-f42349a9bb63','2018-06-14 02:07:33','2018-06-14 02:07:33'),('hb5jqc4-q7qu-bk44-lk4p','724C1',NULL,'$2y$10$7Nr7lHpeouo.3Swq.mM.3uNu0zjJmyyEGxgTOA1F9UYq7dXSFfyHK','JESSICA GUADALUPE','MAR VAZQUEZ',NULL,NULL,NULL,NULL,NULL,NULL,NULL,1,0,'80687266-6761-43a2-bd98-f42349a9bb63','2018-06-14 02:07:37','2018-06-14 02:07:37'),('hbhr66l-hoss-ocia-icgb','759C1',NULL,'$2y$10$7Nr7lHpeouo.3Swq.mM.3uNu0zjJmyyEGxgTOA1F9UYq7dXSFfyHK','MARIA ROSALBA','COLLI RODRIGUEZ',NULL,NULL,NULL,NULL,NULL,NULL,NULL,1,0,'80687266-6761-43a2-bd98-f42349a9bb63','2018-06-14 02:07:38','2018-06-14 02:07:38'),('hg5axep-r2ib-fote-5czu','699B1',NULL,'$2y$10$7Nr7lHpeouo.3Swq.mM.3uNu0zjJmyyEGxgTOA1F9UYq7dXSFfyHK','EDITH ITZEL GERALDINE','SANTOYO QUIAM',NULL,NULL,NULL,NULL,NULL,NULL,NULL,1,0,'80687266-6761-43a2-bd98-f42349a9bb63','2018-06-14 02:07:37','2018-06-14 02:07:37'),('hhdevum-iy8r-lw7u-uy89','698C1',NULL,'$2y$10$7Nr7lHpeouo.3Swq.mM.3uNu0zjJmyyEGxgTOA1F9UYq7dXSFfyHK','XOCHILT','QUIROGA RIVERA',NULL,NULL,NULL,NULL,NULL,NULL,NULL,1,0,'80687266-6761-43a2-bd98-f42349a9bb63','2018-06-14 02:07:35','2018-06-14 02:07:35'),('hpc3udq-dl0n-gf2h-0sde','891C1',NULL,'$2y$10$7Nr7lHpeouo.3Swq.mM.3uNu0zjJmyyEGxgTOA1F9UYq7dXSFfyHK','MARIANA','CASTAÑEDA FUENTES',NULL,NULL,NULL,NULL,NULL,NULL,NULL,1,0,'80687266-6761-43a2-bd98-f42349a9bb63','2018-06-14 02:07:33','2018-06-14 02:07:33'),('hujoqr1-dclw-m5hv-zxdk','MONITOR02',NULL,'$2y$10$7Nr7lHpeouo.3Swq.mM.3uNu0zjJmyyEGxgTOA1F9UYq7dXSFfyHK','MONITOR','02',NULL,NULL,NULL,NULL,NULL,NULL,NULL,1,0,'e687cb91-4cdf-4ab2-992f-e76584199c2e','2018-06-14 22:26:56','2018-06-14 22:26:56'),('hw1hqml-2ooj-4xdz-j8db','703C1',NULL,'$2y$10$7Nr7lHpeouo.3Swq.mM.3uNu0zjJmyyEGxgTOA1F9UYq7dXSFfyHK','BRYAN AARON','RODRIGUEZ RUBI',NULL,NULL,NULL,NULL,NULL,NULL,NULL,1,0,'80687266-6761-43a2-bd98-f42349a9bb63','2018-06-14 02:07:37','2018-06-14 02:07:37'),('i3hc8o5-okbp-leka-b0bh','701C1',NULL,'$2y$10$7Nr7lHpeouo.3Swq.mM.3uNu0zjJmyyEGxgTOA1F9UYq7dXSFfyHK','GUSTAVO','CERVANTES TEP',NULL,NULL,NULL,NULL,NULL,NULL,NULL,1,0,'80687266-6761-43a2-bd98-f42349a9bb63','2018-06-14 02:07:37','2018-06-14 02:07:37'),('i4z2ocu-3adz-ggsu-n59i','722C1',NULL,'$2y$10$7Nr7lHpeouo.3Swq.mM.3uNu0zjJmyyEGxgTOA1F9UYq7dXSFfyHK','NATAN ISAEL','SALDAÑA CUEVAS',NULL,NULL,NULL,NULL,NULL,NULL,NULL,1,0,'80687266-6761-43a2-bd98-f42349a9bb63','2018-06-14 02:07:37','2018-06-14 02:07:37'),('i5cujgo-fsu2-ot0m-lr2g','698B1',NULL,'$2y$10$7Nr7lHpeouo.3Swq.mM.3uNu0zjJmyyEGxgTOA1F9UYq7dXSFfyHK','ROCIO DEL CARMEN','GOMEZ CRUZ',NULL,NULL,NULL,NULL,NULL,NULL,NULL,1,0,'80687266-6761-43a2-bd98-f42349a9bb63','2018-06-14 02:07:35','2018-06-14 02:07:35'),('i68ofn3-brsk-qron-1jy6','769C1',NULL,'$2y$10$7Nr7lHpeouo.3Swq.mM.3uNu0zjJmyyEGxgTOA1F9UYq7dXSFfyHK','ERNESTO','ABONCE ROSALES',NULL,NULL,NULL,NULL,NULL,NULL,NULL,1,0,'80687266-6761-43a2-bd98-f42349a9bb63','2018-06-14 02:07:35','2018-06-14 02:07:35'),('igm7uys-ncxb-u03g-tud0','714C1',NULL,'$2y$10$7Nr7lHpeouo.3Swq.mM.3uNu0zjJmyyEGxgTOA1F9UYq7dXSFfyHK','JAZMIN','VALENCIA PATRACA',NULL,NULL,NULL,NULL,NULL,NULL,NULL,1,0,'80687266-6761-43a2-bd98-f42349a9bb63','2018-06-14 02:07:34','2018-06-14 02:07:34'),('iowpuny-h2ih-e8pr-knvu','908B1',NULL,'$2y$10$7Nr7lHpeouo.3Swq.mM.3uNu0zjJmyyEGxgTOA1F9UYq7dXSFfyHK','JAIME','TORRES PEREZ',NULL,NULL,NULL,NULL,NULL,NULL,NULL,1,0,'80687266-6761-43a2-bd98-f42349a9bb63','2018-06-14 02:07:34','2018-06-14 02:07:34'),('iq8h1uq-stks-1mpt-6ec2','875C6',NULL,'$2y$10$7Nr7lHpeouo.3Swq.mM.3uNu0zjJmyyEGxgTOA1F9UYq7dXSFfyHK','VICTOR','AVILA GUZMAN',NULL,NULL,NULL,NULL,NULL,NULL,NULL,1,0,'80687266-6761-43a2-bd98-f42349a9bb63','2018-06-14 02:07:38','2018-06-14 02:07:38'),('iz7jwwa-jswd-tspd-9vo7','702C4',NULL,'$2y$10$7Nr7lHpeouo.3Swq.mM.3uNu0zjJmyyEGxgTOA1F9UYq7dXSFfyHK','LUIS ENRIQUE','EK HERMENEGILDO',NULL,NULL,NULL,NULL,NULL,NULL,NULL,1,0,'80687266-6761-43a2-bd98-f42349a9bb63','2018-06-14 02:07:37','2018-06-14 02:07:37'),('j5vqaa3-vid3-27om-e6vo','920ESPECIAL',NULL,'$2y$10$7Nr7lHpeouo.3Swq.mM.3uNu0zjJmyyEGxgTOA1F9UYq7dXSFfyHK','MAURICIO','LOPEZ MARTINEZ',NULL,NULL,NULL,NULL,NULL,NULL,NULL,1,0,'80687266-6761-43a2-bd98-f42349a9bb63','2018-06-14 02:07:34','2018-06-14 02:07:34'),('j7d08s1-yn8r-lsad-fvcl','874C7',NULL,'$2y$10$7Nr7lHpeouo.3Swq.mM.3uNu0zjJmyyEGxgTOA1F9UYq7dXSFfyHK','WENDY MARGELI','MAS AZCORRA',NULL,NULL,NULL,NULL,NULL,NULL,NULL,1,0,'80687266-6761-43a2-bd98-f42349a9bb63','2018-06-14 02:07:33','2018-06-14 02:07:33'),('j8kud5y-j5il-f1oh-nw7a','874C1',NULL,'$2y$10$7Nr7lHpeouo.3Swq.mM.3uNu0zjJmyyEGxgTOA1F9UYq7dXSFfyHK','NANCY LIZBETH','TINAJERO FUERTE',NULL,NULL,NULL,NULL,NULL,NULL,NULL,1,0,'80687266-6761-43a2-bd98-f42349a9bb63','2018-06-14 02:07:36','2018-06-14 02:07:36'),('jk7n628-lsof-213u-phqa','692C1',NULL,'$2y$10$7Nr7lHpeouo.3Swq.mM.3uNu0zjJmyyEGxgTOA1F9UYq7dXSFfyHK','LEONOR ISABEL','SILVAN POLL',NULL,NULL,NULL,NULL,NULL,NULL,NULL,1,0,'80687266-6761-43a2-bd98-f42349a9bb63','2018-06-14 02:07:36','2018-06-14 02:07:36'),('jkuin3g-6zcy-slh1-4996','707B1',NULL,'$2y$10$7Nr7lHpeouo.3Swq.mM.3uNu0zjJmyyEGxgTOA1F9UYq7dXSFfyHK','NINEVE','RODRIGUEZ AGUILAR',NULL,NULL,NULL,NULL,NULL,NULL,NULL,1,0,'80687266-6761-43a2-bd98-f42349a9bb63','2018-06-14 02:07:33','2018-06-14 02:07:33'),('jmn2za4-xwqw-d329-l3g5','766C1',NULL,'$2y$10$7Nr7lHpeouo.3Swq.mM.3uNu0zjJmyyEGxgTOA1F9UYq7dXSFfyHK','MARCELA','SIGERO ALVAREZ',NULL,NULL,NULL,NULL,NULL,NULL,NULL,1,0,'80687266-6761-43a2-bd98-f42349a9bb63','2018-06-14 02:07:36','2018-06-14 02:07:36'),('jyvumiy-peab-1yjt-aaxk','897B1',NULL,'$2y$10$7Nr7lHpeouo.3Swq.mM.3uNu0zjJmyyEGxgTOA1F9UYq7dXSFfyHK','JORGE JUAN','DZIB POOL',NULL,NULL,NULL,NULL,NULL,NULL,NULL,1,0,'80687266-6761-43a2-bd98-f42349a9bb63','2018-06-14 02:07:36','2018-06-14 02:07:36'),('k4cs97r-lyms-qhb2-tu6s','875C21',NULL,'$2y$10$7Nr7lHpeouo.3Swq.mM.3uNu0zjJmyyEGxgTOA1F9UYq7dXSFfyHK','ANA BERTHA','GONZALEZ MARDUEÑO',NULL,NULL,NULL,NULL,NULL,NULL,NULL,1,0,'80687266-6761-43a2-bd98-f42349a9bb63','2018-06-14 02:07:36','2018-06-14 02:07:36'),('k5mz9ez-bzab-summ-ybm2','905B1',NULL,'$2y$10$7Nr7lHpeouo.3Swq.mM.3uNu0zjJmyyEGxgTOA1F9UYq7dXSFfyHK','JUAN EMMANUEL','PAT VERGARA',NULL,NULL,NULL,NULL,NULL,NULL,NULL,1,0,'80687266-6761-43a2-bd98-f42349a9bb63','2018-06-14 02:07:34','2018-06-14 02:07:34'),('k6ghl93-5nw2-o05o-b10x','733B1',NULL,'$2y$10$7Nr7lHpeouo.3Swq.mM.3uNu0zjJmyyEGxgTOA1F9UYq7dXSFfyHK','PEDRO ANTONIO','BOLIO LIZAMA',NULL,NULL,NULL,NULL,NULL,NULL,NULL,1,0,'80687266-6761-43a2-bd98-f42349a9bb63','2018-06-14 02:07:36','2018-06-14 02:07:36'),('k7y3xsf-ljxu-9ls3-0lzk','670B1',NULL,'$2y$10$7Nr7lHpeouo.3Swq.mM.3uNu0zjJmyyEGxgTOA1F9UYq7dXSFfyHK','RENEE LUCERO','JUAREZ CASIQUE',NULL,NULL,NULL,NULL,NULL,NULL,NULL,1,0,'80687266-6761-43a2-bd98-f42349a9bb63','2018-06-14 02:07:37','2018-06-14 02:07:37'),('k9mc57w-z8z8-q1fl-07t0','682B1',NULL,'$2y$10$7Nr7lHpeouo.3Swq.mM.3uNu0zjJmyyEGxgTOA1F9UYq7dXSFfyHK','YARAQUENDI','GOMEZ ANDRADE',NULL,NULL,NULL,NULL,NULL,NULL,NULL,1,0,'80687266-6761-43a2-bd98-f42349a9bb63','2018-06-14 02:07:36','2018-06-14 02:07:36'),('ka4y5n2-q46s-1viq-01p5','883C1',NULL,'$2y$10$7Nr7lHpeouo.3Swq.mM.3uNu0zjJmyyEGxgTOA1F9UYq7dXSFfyHK','GLORIA','HERNANDEZ CORDOVA',NULL,NULL,NULL,NULL,NULL,NULL,NULL,1,0,'80687266-6761-43a2-bd98-f42349a9bb63','2018-06-14 02:07:38','2018-06-14 02:07:38'),('kgg667t-pzmc-de73-wb2y','674C2',NULL,'$2y$10$7Nr7lHpeouo.3Swq.mM.3uNu0zjJmyyEGxgTOA1F9UYq7dXSFfyHK','LLENILAY BERSABE','LIEVANO DOMINGUEZ',NULL,NULL,NULL,NULL,NULL,NULL,NULL,1,0,'80687266-6761-43a2-bd98-f42349a9bb63','2018-06-14 02:07:33','2018-06-14 02:07:33'),('kibiyht-fxza-3srs-rtmb','758B1',NULL,'$2y$10$7Nr7lHpeouo.3Swq.mM.3uNu0zjJmyyEGxgTOA1F9UYq7dXSFfyHK','EMILIO ANTONIO','LOPEZ SANCHEZ',NULL,NULL,NULL,NULL,NULL,NULL,NULL,1,0,'80687266-6761-43a2-bd98-f42349a9bb63','2018-06-14 02:07:38','2018-06-14 02:07:38'),('kjqve4y-c22r-m0c6-nkp6','874C13',NULL,'$2y$10$7Nr7lHpeouo.3Swq.mM.3uNu0zjJmyyEGxgTOA1F9UYq7dXSFfyHK','ANGEL RAZIEL','MONROY MERCADO',NULL,NULL,NULL,NULL,NULL,NULL,NULL,1,0,'80687266-6761-43a2-bd98-f42349a9bb63','2018-06-14 02:07:37','2018-06-14 02:07:37'),('krveahx-8k1e-yp3l-y1m6','687B1',NULL,'$2y$10$7Nr7lHpeouo.3Swq.mM.3uNu0zjJmyyEGxgTOA1F9UYq7dXSFfyHK','ELVIA','VELASCO SANCHEZ',NULL,NULL,NULL,NULL,NULL,NULL,NULL,1,0,'80687266-6761-43a2-bd98-f42349a9bb63','2018-06-14 02:07:36','2018-06-14 02:07:36'),('ktse4k3-14yr-zqfh-0129','767C1',NULL,'$2y$10$7Nr7lHpeouo.3Swq.mM.3uNu0zjJmyyEGxgTOA1F9UYq7dXSFfyHK','MAIRA CORINA','MARTINEZ DIAZ',NULL,NULL,NULL,NULL,NULL,NULL,NULL,1,0,'80687266-6761-43a2-bd98-f42349a9bb63','2018-06-14 02:07:35','2018-06-14 02:07:35'),('kwrd5i3-j23r-ugb7-2iur','691B1',NULL,'$2y$10$7Nr7lHpeouo.3Swq.mM.3uNu0zjJmyyEGxgTOA1F9UYq7dXSFfyHK','ADRIANA','SALDAÑA GUERRERO',NULL,NULL,NULL,NULL,NULL,NULL,NULL,1,0,'80687266-6761-43a2-bd98-f42349a9bb63','2018-06-14 02:07:36','2018-06-14 02:07:36'),('l0eice1-y6oy-g4hh-qbhk','681B1',NULL,'$2y$10$7Nr7lHpeouo.3Swq.mM.3uNu0zjJmyyEGxgTOA1F9UYq7dXSFfyHK','GENNY','LARA MORALES',NULL,NULL,NULL,NULL,NULL,NULL,NULL,1,0,'80687266-6761-43a2-bd98-f42349a9bb63','2018-06-14 02:07:36','2018-06-14 02:07:36'),('l21lntr-csj9-5qmq-a2ky','875C24',NULL,'$2y$10$7Nr7lHpeouo.3Swq.mM.3uNu0zjJmyyEGxgTOA1F9UYq7dXSFfyHK','NINFA BEATRIZ','RAMIREZ MONTERROSO',NULL,NULL,NULL,NULL,NULL,NULL,NULL,1,0,'80687266-6761-43a2-bd98-f42349a9bb63','2018-06-14 02:07:36','2018-06-14 02:07:36'),('l4myunf-24y5-x0xs-3n2t','721C1',NULL,'$2y$10$7Nr7lHpeouo.3Swq.mM.3uNu0zjJmyyEGxgTOA1F9UYq7dXSFfyHK','IGNACIO','ESPINOSA GIRON',NULL,NULL,NULL,NULL,NULL,NULL,NULL,1,0,'80687266-6761-43a2-bd98-f42349a9bb63','2018-06-14 02:07:32','2018-06-14 02:07:32'),('l6jut5x-n1vq-984t-io81','702C3',NULL,'$2y$10$7Nr7lHpeouo.3Swq.mM.3uNu0zjJmyyEGxgTOA1F9UYq7dXSFfyHK','GLORIA','ARRIAGA MORFIN',NULL,NULL,NULL,NULL,NULL,NULL,NULL,1,0,'80687266-6761-43a2-bd98-f42349a9bb63','2018-06-14 02:07:37','2018-06-14 02:07:37'),('la1ssr4-8nlm-sg67-yzye','774B1',NULL,'$2y$10$7Nr7lHpeouo.3Swq.mM.3uNu0zjJmyyEGxgTOA1F9UYq7dXSFfyHK','MANUEL','BUSTOS GUTIERREZ',NULL,NULL,NULL,NULL,NULL,NULL,NULL,1,0,'80687266-6761-43a2-bd98-f42349a9bb63','2018-06-14 02:07:33','2018-06-14 02:07:33'),('laywxxd-umn1-nnhj-41nx','769B1',NULL,'$2y$10$7Nr7lHpeouo.3Swq.mM.3uNu0zjJmyyEGxgTOA1F9UYq7dXSFfyHK','JOSE LUIS','LOPEZ REBOYEDO',NULL,NULL,NULL,NULL,NULL,NULL,NULL,1,0,'80687266-6761-43a2-bd98-f42349a9bb63','2018-06-14 02:07:35','2018-06-14 02:07:35'),('ld51tky-vxso-9dkw-td6o','712B1',NULL,'$2y$10$7Nr7lHpeouo.3Swq.mM.3uNu0zjJmyyEGxgTOA1F9UYq7dXSFfyHK','JORGE ATILIO','MERINO QUIAN',NULL,NULL,NULL,NULL,NULL,NULL,NULL,1,0,'80687266-6761-43a2-bd98-f42349a9bb63','2018-06-14 02:07:34','2018-06-14 02:07:34'),('lfzfctb-8knp-gi70-p1dm','768B1',NULL,'$2y$10$7Nr7lHpeouo.3Swq.mM.3uNu0zjJmyyEGxgTOA1F9UYq7dXSFfyHK','GLORIA GUADALUPE','MAY PECH',NULL,NULL,NULL,NULL,NULL,NULL,NULL,1,0,'80687266-6761-43a2-bd98-f42349a9bb63','2018-06-14 02:07:33','2018-06-14 02:07:33'),('lgrc74w-c35b-ukgi-4ict','875C12',NULL,'$2y$10$7Nr7lHpeouo.3Swq.mM.3uNu0zjJmyyEGxgTOA1F9UYq7dXSFfyHK','CLAUDIA IVETTE','GARCIA HERNANDEZ',NULL,NULL,NULL,NULL,NULL,NULL,NULL,1,0,'80687266-6761-43a2-bd98-f42349a9bb63','2018-06-14 02:07:38','2018-06-14 02:07:38'),('ltlpx7j-tmsc-5f23-gfo6','875C11',NULL,'$2y$10$7Nr7lHpeouo.3Swq.mM.3uNu0zjJmyyEGxgTOA1F9UYq7dXSFfyHK','ANDRES','GARCIA MENDEZ',NULL,NULL,NULL,NULL,NULL,NULL,NULL,1,0,'80687266-6761-43a2-bd98-f42349a9bb63','2018-06-14 02:07:37','2018-06-14 02:07:37'),('lvl04f4-c3yl-4k3l-52oh','680C2',NULL,'$2y$10$7Nr7lHpeouo.3Swq.mM.3uNu0zjJmyyEGxgTOA1F9UYq7dXSFfyHK','ANA RUTH','VAZQUEZ ALCOCER',NULL,NULL,NULL,NULL,NULL,NULL,NULL,1,0,'80687266-6761-43a2-bd98-f42349a9bb63','2018-06-14 02:07:37','2018-06-14 02:07:37'),('lx2e8o1-jrmz-yxl8-bag1','702C1',NULL,'$2y$10$7Nr7lHpeouo.3Swq.mM.3uNu0zjJmyyEGxgTOA1F9UYq7dXSFfyHK','BRENDA LIZET','URGELL ARIAS',NULL,NULL,NULL,NULL,NULL,NULL,NULL,1,0,'80687266-6761-43a2-bd98-f42349a9bb63','2018-06-14 02:07:38','2018-06-14 02:07:38'),('m14aboy-bfv6-nccg-lb3a','717B1',NULL,'$2y$10$7Nr7lHpeouo.3Swq.mM.3uNu0zjJmyyEGxgTOA1F9UYq7dXSFfyHK','ANGEL GABRIEL','PECH SOSA',NULL,NULL,NULL,NULL,NULL,NULL,NULL,1,0,'80687266-6761-43a2-bd98-f42349a9bb63','2018-06-14 02:07:37','2018-06-14 02:07:37'),('m5sm9er-99mx-a4do-yo5l','206C11',NULL,'$2y$10$7Nr7lHpeouo.3Swq.mM.3uNu0zjJmyyEGxgTOA1F9UYq7dXSFfyHK','FRANCISCO LIBORIO','BASTO CERON',NULL,NULL,NULL,NULL,NULL,NULL,NULL,1,0,'80687266-6761-43a2-bd98-f42349a9bb63','2018-06-14 02:07:37','2018-06-14 02:07:37'),('m6ly22o-25aw-wixx-l1o2','720C2',NULL,'$2y$10$7Nr7lHpeouo.3Swq.mM.3uNu0zjJmyyEGxgTOA1F9UYq7dXSFfyHK','GUADALUPE','CHAN CHAN',NULL,NULL,NULL,NULL,NULL,NULL,NULL,1,0,'80687266-6761-43a2-bd98-f42349a9bb63','2018-06-14 02:07:34','2018-06-14 02:07:34'),('m9v0il4-zr0x-z68k-5nyj','694C1',NULL,'$2y$10$7Nr7lHpeouo.3Swq.mM.3uNu0zjJmyyEGxgTOA1F9UYq7dXSFfyHK','FABIOLA','CAPORALI ALVARADO',NULL,NULL,NULL,NULL,NULL,NULL,NULL,1,0,'80687266-6761-43a2-bd98-f42349a9bb63','2018-06-14 02:07:33','2018-06-14 02:07:33'),('mch95kw-c5xm-3jsk-1f2i','701B1',NULL,'$2y$10$7Nr7lHpeouo.3Swq.mM.3uNu0zjJmyyEGxgTOA1F9UYq7dXSFfyHK','NIVER JAIR','GERONIMO DOMINGUEZ',NULL,NULL,NULL,NULL,NULL,NULL,NULL,1,0,'80687266-6761-43a2-bd98-f42349a9bb63','2018-06-14 02:07:37','2018-06-14 02:07:37'),('mjdq1af-7cfy-5pho-0uc2','874C2',NULL,'$2y$10$7Nr7lHpeouo.3Swq.mM.3uNu0zjJmyyEGxgTOA1F9UYq7dXSFfyHK','HILARIA DEL SOCORRO','AKE CAAMAL',NULL,NULL,NULL,NULL,NULL,NULL,NULL,1,0,'80687266-6761-43a2-bd98-f42349a9bb63','2018-06-14 02:07:36','2018-06-14 02:07:36'),('ms4zzsa-6saa-0cux-ie9o','668B1',NULL,'$2y$10$7Nr7lHpeouo.3Swq.mM.3uNu0zjJmyyEGxgTOA1F9UYq7dXSFfyHK','ZULIA ZOE','MARTINEZ DENEGRI',NULL,NULL,NULL,NULL,NULL,NULL,NULL,1,0,'80687266-6761-43a2-bd98-f42349a9bb63','2018-06-14 02:07:34','2018-06-14 02:07:34'),('mu9ozc9-4ctr-kwoj-ke5j','767C2',NULL,'$2y$10$7Nr7lHpeouo.3Swq.mM.3uNu0zjJmyyEGxgTOA1F9UYq7dXSFfyHK','ELISEO','GARCIA FELIX',NULL,NULL,NULL,NULL,NULL,NULL,NULL,1,0,'80687266-6761-43a2-bd98-f42349a9bb63','2018-06-14 02:07:35','2018-06-14 02:07:35'),('mvi3yij-9nj7-9njk-og0m','743B1',NULL,'$2y$10$7Nr7lHpeouo.3Swq.mM.3uNu0zjJmyyEGxgTOA1F9UYq7dXSFfyHK','AURELIO JAVIER','GONZALEZ SULU',NULL,NULL,NULL,NULL,NULL,NULL,NULL,1,0,'80687266-6761-43a2-bd98-f42349a9bb63','2018-06-14 02:07:34','2018-06-14 02:07:34'),('mvv1nft-d9sj-5xjl-yav7','674B1',NULL,'$2y$10$7Nr7lHpeouo.3Swq.mM.3uNu0zjJmyyEGxgTOA1F9UYq7dXSFfyHK','ISAY AMBROSIO','CANO BONILLA',NULL,NULL,NULL,NULL,NULL,NULL,NULL,1,0,'80687266-6761-43a2-bd98-f42349a9bb63','2018-06-14 02:07:33','2018-06-14 02:07:33'),('mxkh3kd-4cla-n6mk-7dbb','874C4',NULL,'$2y$10$7Nr7lHpeouo.3Swq.mM.3uNu0zjJmyyEGxgTOA1F9UYq7dXSFfyHK','MARCO ANTONIO','MARTINEZ HERRERA',NULL,NULL,NULL,NULL,NULL,NULL,NULL,1,0,'80687266-6761-43a2-bd98-f42349a9bb63','2018-06-14 02:07:36','2018-06-14 02:07:36'),('mxmv15y-y6ap-hwvz-edhq','754B1',NULL,'$2y$10$7Nr7lHpeouo.3Swq.mM.3uNu0zjJmyyEGxgTOA1F9UYq7dXSFfyHK','HUGO ENRIQUE','ANGEL GALEANA',NULL,NULL,NULL,NULL,NULL,NULL,NULL,1,0,'80687266-6761-43a2-bd98-f42349a9bb63','2018-06-14 02:07:38','2018-06-14 02:07:38'),('n296k2l-kyus-z8lc-8c3u','894B1',NULL,'$2y$10$7Nr7lHpeouo.3Swq.mM.3uNu0zjJmyyEGxgTOA1F9UYq7dXSFfyHK','VICTORIA','RAMOS PEREZ',NULL,NULL,NULL,NULL,NULL,NULL,NULL,1,0,'80687266-6761-43a2-bd98-f42349a9bb63','2018-06-14 02:07:36','2018-06-14 02:07:36'),('n5oum6x-iqy5-rckq-o7fx','674C1',NULL,'$2y$10$7Nr7lHpeouo.3Swq.mM.3uNu0zjJmyyEGxgTOA1F9UYq7dXSFfyHK','SONIA DEL CARMEN','PECH UCAN',NULL,NULL,NULL,NULL,NULL,NULL,NULL,1,0,'80687266-6761-43a2-bd98-f42349a9bb63','2018-06-14 02:07:33','2018-06-14 02:07:33'),('n8wd23o-rtao-go8c-kxth','693B1',NULL,'$2y$10$7Nr7lHpeouo.3Swq.mM.3uNu0zjJmyyEGxgTOA1F9UYq7dXSFfyHK','JAQUELIN','GARCIA NOH',NULL,NULL,NULL,NULL,NULL,NULL,NULL,1,0,'80687266-6761-43a2-bd98-f42349a9bb63','2018-06-14 02:07:36','2018-06-14 02:07:36'),('nks1jk1-gct5-fjzt-3xh1','678B1',NULL,'$2y$10$7Nr7lHpeouo.3Swq.mM.3uNu0zjJmyyEGxgTOA1F9UYq7dXSFfyHK','GABRIEL','CANCHE CEL',NULL,NULL,NULL,NULL,NULL,NULL,NULL,1,0,'80687266-6761-43a2-bd98-f42349a9bb63','2018-06-14 02:07:34','2018-06-14 02:07:34'),('np8psql-6in8-x6kt-97bh','709C2',NULL,'$2y$10$7Nr7lHpeouo.3Swq.mM.3uNu0zjJmyyEGxgTOA1F9UYq7dXSFfyHK','CINTHYA','RODRIGUEZ CASTELLANO',NULL,NULL,NULL,NULL,NULL,NULL,NULL,1,0,'80687266-6761-43a2-bd98-f42349a9bb63','2018-06-14 02:07:33','2018-06-14 02:07:33'),('nxs8ozo-96au-fygo-kljc','694B1',NULL,'$2y$10$7Nr7lHpeouo.3Swq.mM.3uNu0zjJmyyEGxgTOA1F9UYq7dXSFfyHK','CLAUDIA ANGELICA','MORENO VILLEGAS',NULL,NULL,NULL,NULL,NULL,NULL,NULL,1,0,'80687266-6761-43a2-bd98-f42349a9bb63','2018-06-14 02:07:33','2018-06-14 02:07:33'),('nyq0h20-zdyw-8wqb-bdut','679B1',NULL,'$2y$10$7Nr7lHpeouo.3Swq.mM.3uNu0zjJmyyEGxgTOA1F9UYq7dXSFfyHK','MARIA LUISA','SANTOS MARCIAL',NULL,NULL,NULL,NULL,NULL,NULL,NULL,1,0,'80687266-6761-43a2-bd98-f42349a9bb63','2018-06-14 02:07:34','2018-06-14 02:07:34'),('o0ig64w-7j68-jhcp-q2n6','705B1',NULL,'$2y$10$7Nr7lHpeouo.3Swq.mM.3uNu0zjJmyyEGxgTOA1F9UYq7dXSFfyHK','PANFILO EDUARDO','EK UH',NULL,NULL,NULL,NULL,NULL,NULL,NULL,1,0,'80687266-6761-43a2-bd98-f42349a9bb63','2018-06-14 02:07:33','2018-06-14 02:07:33'),('o3606lt-smbp-jaf8-s9du','918B1',NULL,'$2y$10$7Nr7lHpeouo.3Swq.mM.3uNu0zjJmyyEGxgTOA1F9UYq7dXSFfyHK','EDGAR','ROMERO HERRERA',NULL,NULL,NULL,NULL,NULL,NULL,NULL,1,0,'80687266-6761-43a2-bd98-f42349a9bb63','2018-06-14 02:07:34','2018-06-14 02:07:34'),('o4xosys-femb-elxn-bibo','885B1',NULL,'$2y$10$7Nr7lHpeouo.3Swq.mM.3uNu0zjJmyyEGxgTOA1F9UYq7dXSFfyHK','WENDY YAZURY','TZIU PEREZ',NULL,NULL,NULL,NULL,NULL,NULL,NULL,1,0,'80687266-6761-43a2-bd98-f42349a9bb63','2018-06-14 02:07:38','2018-06-14 02:07:38'),('o6x0jfl-50k3-lmhb-u07y','206C14',NULL,'$2y$10$7Nr7lHpeouo.3Swq.mM.3uNu0zjJmyyEGxgTOA1F9UYq7dXSFfyHK','CLAUDIA','RAMIREZ MARTINEZ',NULL,NULL,NULL,NULL,NULL,NULL,NULL,1,0,'80687266-6761-43a2-bd98-f42349a9bb63','2018-06-14 02:07:37','2018-06-14 02:07:37'),('o78zyz4-m2l5-ohvc-ec16','876C2',NULL,'$2y$10$7Nr7lHpeouo.3Swq.mM.3uNu0zjJmyyEGxgTOA1F9UYq7dXSFfyHK','FLOR DE LIZ','OLIVA VILLEGAS',NULL,NULL,NULL,NULL,NULL,NULL,NULL,1,0,'80687266-6761-43a2-bd98-f42349a9bb63','2018-06-14 02:07:37','2018-06-14 02:07:37'),('odpjp4u-gzcx-ooyu-nx54','892B1',NULL,'$2y$10$7Nr7lHpeouo.3Swq.mM.3uNu0zjJmyyEGxgTOA1F9UYq7dXSFfyHK','YESICA DEL CARMEN','REYES GIL',NULL,NULL,NULL,NULL,NULL,NULL,NULL,1,0,'80687266-6761-43a2-bd98-f42349a9bb63','2018-06-14 02:07:33','2018-06-14 02:07:33'),('ofxg184-2xvc-gwi2-cm0j','725C2',NULL,'$2y$10$7Nr7lHpeouo.3Swq.mM.3uNu0zjJmyyEGxgTOA1F9UYq7dXSFfyHK','AURA OSCIEL','SOSA LOPEZ',NULL,NULL,NULL,NULL,NULL,NULL,NULL,1,0,'80687266-6761-43a2-bd98-f42349a9bb63','2018-06-14 02:07:35','2018-06-14 02:07:35'),('og6nysq-5oe0-0sqd-16gc','676C1',NULL,'$2y$10$7Nr7lHpeouo.3Swq.mM.3uNu0zjJmyyEGxgTOA1F9UYq7dXSFfyHK','CARLOS','BRABATA BAUTISTA',NULL,NULL,NULL,NULL,NULL,NULL,NULL,1,0,'80687266-6761-43a2-bd98-f42349a9bb63','2018-06-14 02:07:37','2018-06-14 02:07:37'),('ogmdhy3-284o-p61z-vtuq','680C4',NULL,'$2y$10$7Nr7lHpeouo.3Swq.mM.3uNu0zjJmyyEGxgTOA1F9UYq7dXSFfyHK','JESUS OMAR','ORTIZ LOPEZ',NULL,NULL,NULL,NULL,NULL,NULL,NULL,1,0,'80687266-6761-43a2-bd98-f42349a9bb63','2018-06-14 02:07:37','2018-06-14 02:07:37'),('oou9r41-1cnv-fdj9-pm7v','745B1',NULL,'$2y$10$7Nr7lHpeouo.3Swq.mM.3uNu0zjJmyyEGxgTOA1F9UYq7dXSFfyHK','EVELYN SARAI','GARCIA GUTIERREZ',NULL,NULL,NULL,NULL,NULL,NULL,NULL,1,0,'80687266-6761-43a2-bd98-f42349a9bb63','2018-06-14 02:07:34','2018-06-14 02:07:34'),('oxfhemq-p1qn-bh1r-ph3a','891B1',NULL,'$2y$10$7Nr7lHpeouo.3Swq.mM.3uNu0zjJmyyEGxgTOA1F9UYq7dXSFfyHK','EDGAR BERNAN','YAM MAY',NULL,NULL,NULL,NULL,NULL,NULL,NULL,1,0,'80687266-6761-43a2-bd98-f42349a9bb63','2018-06-14 02:07:33','2018-06-14 02:07:33'),('oy3rxn2-eg5t-eldi-iuj5','675C2',NULL,'$2y$10$7Nr7lHpeouo.3Swq.mM.3uNu0zjJmyyEGxgTOA1F9UYq7dXSFfyHK','MERARI','GOMEZ OCHOA',NULL,NULL,NULL,NULL,NULL,NULL,NULL,1,0,'80687266-6761-43a2-bd98-f42349a9bb63','2018-06-14 02:07:35','2018-06-14 02:07:35'),('oyk346o-76ll-m4rr-tuht','875C14',NULL,'$2y$10$7Nr7lHpeouo.3Swq.mM.3uNu0zjJmyyEGxgTOA1F9UYq7dXSFfyHK','FRANCISCO','ROA PEREYRA',NULL,NULL,NULL,NULL,NULL,NULL,NULL,1,0,'80687266-6761-43a2-bd98-f42349a9bb63','2018-06-14 02:07:37','2018-06-14 02:07:37'),('p2ulcwk-4txy-4oun-zua5','668C1',NULL,'$2y$10$7Nr7lHpeouo.3Swq.mM.3uNu0zjJmyyEGxgTOA1F9UYq7dXSFfyHK','CARLOS ALFONSO','VILLASANA BERNAL',NULL,NULL,NULL,NULL,NULL,NULL,NULL,1,0,'80687266-6761-43a2-bd98-f42349a9bb63','2018-06-14 02:07:34','2018-06-14 02:07:34'),('p5dhmxy-02rr-i30m-ywcr','719C1',NULL,'$2y$10$7Nr7lHpeouo.3Swq.mM.3uNu0zjJmyyEGxgTOA1F9UYq7dXSFfyHK','ROSA ANGELICA','GRANADOS GARCIA',NULL,NULL,NULL,NULL,NULL,NULL,NULL,1,0,'80687266-6761-43a2-bd98-f42349a9bb63','2018-06-14 02:07:34','2018-06-14 02:07:34'),('pam0c8w-ncyg-7ce1-hmdh','892C2',NULL,'$2y$10$7Nr7lHpeouo.3Swq.mM.3uNu0zjJmyyEGxgTOA1F9UYq7dXSFfyHK','MARIO ALBERTO','MARTIN SALAZAR',NULL,NULL,NULL,NULL,NULL,NULL,NULL,1,0,'80687266-6761-43a2-bd98-f42349a9bb63','2018-06-14 02:07:33','2018-06-14 02:07:33'),('pqi1fg4-w02g-y4fx-0sm2','767B1',NULL,'$2y$10$7Nr7lHpeouo.3Swq.mM.3uNu0zjJmyyEGxgTOA1F9UYq7dXSFfyHK','JUAN CARLOS','HOY CHIMAL',NULL,NULL,NULL,NULL,NULL,NULL,NULL,1,0,'80687266-6761-43a2-bd98-f42349a9bb63','2018-06-14 02:07:35','2018-06-14 02:07:35'),('ps75utf-z659-y73z-c5it','742B1',NULL,'$2y$10$7Nr7lHpeouo.3Swq.mM.3uNu0zjJmyyEGxgTOA1F9UYq7dXSFfyHK','REYNA GENOVEVA','GONZALEZ HUCHIN',NULL,NULL,NULL,NULL,NULL,NULL,NULL,1,0,'80687266-6761-43a2-bd98-f42349a9bb63','2018-06-14 02:07:36','2018-06-14 02:07:36'),('pyt3wo9-jmyf-wj2y-ni04','878B1',NULL,'$2y$10$7Nr7lHpeouo.3Swq.mM.3uNu0zjJmyyEGxgTOA1F9UYq7dXSFfyHK','OCTAVIO','LOPEZ ENCISO',NULL,NULL,NULL,NULL,NULL,NULL,NULL,1,0,'80687266-6761-43a2-bd98-f42349a9bb63','2018-06-14 02:07:37','2018-06-14 02:07:37'),('q0nl8c7-qjwu-7ep6-159a','716B1',NULL,'$2y$10$7Nr7lHpeouo.3Swq.mM.3uNu0zjJmyyEGxgTOA1F9UYq7dXSFfyHK','JOSE JEREMIAS','JUAREZ PEREZ',NULL,NULL,NULL,NULL,NULL,NULL,NULL,1,0,'80687266-6761-43a2-bd98-f42349a9bb63','2018-06-14 02:07:37','2018-06-14 02:07:37'),('q195h3w-8247-mgi5-m74t','753C1',NULL,'$2y$10$7Nr7lHpeouo.3Swq.mM.3uNu0zjJmyyEGxgTOA1F9UYq7dXSFfyHK','MARIA DEL ROSARIO','GONZALEZ CAYON',NULL,NULL,NULL,NULL,NULL,NULL,NULL,1,0,'80687266-6761-43a2-bd98-f42349a9bb63','2018-06-14 02:07:38','2018-06-14 02:07:38'),('q38wg1g-fmw1-sdoo-n5vw','681C4',NULL,'$2y$10$7Nr7lHpeouo.3Swq.mM.3uNu0zjJmyyEGxgTOA1F9UYq7dXSFfyHK','JORGE CARLOS','CASTRO TZEC',NULL,NULL,NULL,NULL,NULL,NULL,NULL,1,0,'80687266-6761-43a2-bd98-f42349a9bb63','2018-06-14 02:07:36','2018-06-14 02:07:36'),('q9m9y6a-80ca-jxr0-a5a1','MONITOR03',NULL,'$2y$10$7Nr7lHpeouo.3Swq.mM.3uNu0zjJmyyEGxgTOA1F9UYq7dXSFfyHK','MONITOR','03',NULL,NULL,NULL,NULL,NULL,NULL,NULL,1,0,'e687cb91-4cdf-4ab2-992f-e76584199c2e','2018-06-14 22:26:57','2018-06-14 22:26:57'),('qbnnfvg-q1fa-nu8h-s8hv','740B1',NULL,'$2y$10$7Nr7lHpeouo.3Swq.mM.3uNu0zjJmyyEGxgTOA1F9UYq7dXSFfyHK','YAENA','DIAZ PERALTA',NULL,NULL,NULL,NULL,NULL,NULL,NULL,1,0,'80687266-6761-43a2-bd98-f42349a9bb63','2018-06-14 02:07:35','2018-06-14 02:07:35'),('qjdohd4-c711-7jag-3sxv','874C10',NULL,'$2y$10$7Nr7lHpeouo.3Swq.mM.3uNu0zjJmyyEGxgTOA1F9UYq7dXSFfyHK','BENITO','PADILLA MOTA',NULL,NULL,NULL,NULL,NULL,NULL,NULL,1,0,'80687266-6761-43a2-bd98-f42349a9bb63','2018-06-14 02:07:37','2018-06-14 02:07:37'),('qknbul6-c4wj-beij-vw3c','879C1',NULL,'$2y$10$7Nr7lHpeouo.3Swq.mM.3uNu0zjJmyyEGxgTOA1F9UYq7dXSFfyHK','NATALIA','MONJE GARIBO',NULL,NULL,NULL,NULL,NULL,NULL,NULL,1,0,'80687266-6761-43a2-bd98-f42349a9bb63','2018-06-14 02:07:35','2018-06-14 02:07:35'),('qt0zy3n-t7ou-klwg-pgek','688B1',NULL,'$2y$10$7Nr7lHpeouo.3Swq.mM.3uNu0zjJmyyEGxgTOA1F9UYq7dXSFfyHK','ANAYELI','LOPEZ VIDAL',NULL,NULL,NULL,NULL,NULL,NULL,NULL,1,0,'80687266-6761-43a2-bd98-f42349a9bb63','2018-06-14 02:07:36','2018-06-14 02:07:36'),('qvfr2do-0e4s-pbg6-rqux','875C19',NULL,'$2y$10$7Nr7lHpeouo.3Swq.mM.3uNu0zjJmyyEGxgTOA1F9UYq7dXSFfyHK','MIGUEL ANGEL','OCHOA RODRIGUEZ',NULL,NULL,NULL,NULL,NULL,NULL,NULL,1,0,'80687266-6761-43a2-bd98-f42349a9bb63','2018-06-14 02:07:33','2018-06-14 02:07:33'),('qwxbb0x-q0kn-qz5c-7car','741B1',NULL,'$2y$10$7Nr7lHpeouo.3Swq.mM.3uNu0zjJmyyEGxgTOA1F9UYq7dXSFfyHK','VICTOR FERNANDO','FLORES BAAS',NULL,NULL,NULL,NULL,NULL,NULL,NULL,1,0,'80687266-6761-43a2-bd98-f42349a9bb63','2018-06-14 02:07:35','2018-06-14 02:07:35'),('qza2sur-3y33-3nj0-ho0a','694C4',NULL,'$2y$10$7Nr7lHpeouo.3Swq.mM.3uNu0zjJmyyEGxgTOA1F9UYq7dXSFfyHK','MARIA ESTEFANIA','IBARRA CHAM',NULL,NULL,NULL,NULL,NULL,NULL,NULL,1,0,'80687266-6761-43a2-bd98-f42349a9bb63','2018-06-14 02:07:33','2018-06-14 02:07:33'),('r2jwimz-ygs9-hzxs-fa9x','694C3',NULL,'$2y$10$7Nr7lHpeouo.3Swq.mM.3uNu0zjJmyyEGxgTOA1F9UYq7dXSFfyHK','STEPHANIE CELESTE','AGUILAR HERNANDEZ',NULL,NULL,NULL,NULL,NULL,NULL,NULL,1,0,'80687266-6761-43a2-bd98-f42349a9bb63','2018-06-14 02:07:33','2018-06-14 02:07:33'),('rdql3t8-qndu-2alg-crkb','681C5',NULL,'$2y$10$7Nr7lHpeouo.3Swq.mM.3uNu0zjJmyyEGxgTOA1F9UYq7dXSFfyHK','ESTHER SARAI','BARRAGAN LUNA',NULL,NULL,NULL,NULL,NULL,NULL,NULL,1,0,'80687266-6761-43a2-bd98-f42349a9bb63','2018-06-14 02:07:36','2018-06-14 02:07:36'),('rl5y829-b680-145u-ruco','689B1',NULL,'$2y$10$7Nr7lHpeouo.3Swq.mM.3uNu0zjJmyyEGxgTOA1F9UYq7dXSFfyHK','SONIA','HERNANDEZ BENITEZ',NULL,NULL,NULL,NULL,NULL,NULL,NULL,1,0,'80687266-6761-43a2-bd98-f42349a9bb63','2018-06-14 02:07:36','2018-06-14 02:07:36'),('ro4zb91-sutp-9iau-ehg3','880C1',NULL,'$2y$10$7Nr7lHpeouo.3Swq.mM.3uNu0zjJmyyEGxgTOA1F9UYq7dXSFfyHK','MARIA DE LOS ANGELES','GRANGUILLHOME MARTINEZ',NULL,NULL,NULL,NULL,NULL,NULL,NULL,1,0,'80687266-6761-43a2-bd98-f42349a9bb63','2018-06-14 02:07:35','2018-06-14 02:07:35'),('rp7e677-flvv-q5en-yozt','875C5',NULL,'$2y$10$7Nr7lHpeouo.3Swq.mM.3uNu0zjJmyyEGxgTOA1F9UYq7dXSFfyHK','GERALDINE','VARELA XOOL',NULL,NULL,NULL,NULL,NULL,NULL,NULL,1,0,'80687266-6761-43a2-bd98-f42349a9bb63','2018-06-14 02:07:38','2018-06-14 02:07:38'),('rporyoi-mx75-0fiv-kapm','MONITOR01',NULL,'$2y$10$7Nr7lHpeouo.3Swq.mM.3uNu0zjJmyyEGxgTOA1F9UYq7dXSFfyHK','MONITOR','01',NULL,NULL,NULL,NULL,NULL,NULL,NULL,1,0,'e687cb91-4cdf-4ab2-992f-e76584199c2e','2018-06-14 22:26:56','2018-06-14 22:26:56'),('rrka2ax-evdg-bv4b-ympl','687C1',NULL,'$2y$10$7Nr7lHpeouo.3Swq.mM.3uNu0zjJmyyEGxgTOA1F9UYq7dXSFfyHK','JOSE MIGUEL','SOLANO GARCIA',NULL,NULL,NULL,NULL,NULL,NULL,NULL,1,0,'80687266-6761-43a2-bd98-f42349a9bb63','2018-06-14 02:07:36','2018-06-14 02:07:36'),('s14dguf-c6n5-hvpn-trju','895B1',NULL,'$2y$10$7Nr7lHpeouo.3Swq.mM.3uNu0zjJmyyEGxgTOA1F9UYq7dXSFfyHK','IRVING DANIEL','MISTEGAS GARCIA',NULL,NULL,NULL,NULL,NULL,NULL,NULL,1,0,'80687266-6761-43a2-bd98-f42349a9bb63','2018-06-14 02:07:36','2018-06-14 02:07:36'),('s5yx7fy-kr2t-j118-lhne','892C1',NULL,'$2y$10$7Nr7lHpeouo.3Swq.mM.3uNu0zjJmyyEGxgTOA1F9UYq7dXSFfyHK','FATIMA EUNICE','WITZIL CUXIN',NULL,NULL,NULL,NULL,NULL,NULL,NULL,1,0,'80687266-6761-43a2-bd98-f42349a9bb63','2018-06-14 02:07:33','2018-06-14 02:07:33'),('sfrl1o7-t4ja-nqpu-bnxi','206C13',NULL,'$2y$10$7Nr7lHpeouo.3Swq.mM.3uNu0zjJmyyEGxgTOA1F9UYq7dXSFfyHK','LEOCADIO VALERIO','HERRERA CARRILLO',NULL,NULL,NULL,NULL,NULL,NULL,NULL,1,0,'80687266-6761-43a2-bd98-f42349a9bb63','2018-06-14 02:07:37','2018-06-14 02:07:37'),('su9udan-ifc4-ua09-mhnz','768C2',NULL,'$2y$10$7Nr7lHpeouo.3Swq.mM.3uNu0zjJmyyEGxgTOA1F9UYq7dXSFfyHK','KARLA AIMEE','MARTINEZ GOMEZ',NULL,NULL,NULL,NULL,NULL,NULL,NULL,1,0,'80687266-6761-43a2-bd98-f42349a9bb63','2018-06-14 02:07:36','2018-06-14 02:07:36'),('t7xaosx-z48y-6wo2-6k49','884C1',NULL,'$2y$10$7Nr7lHpeouo.3Swq.mM.3uNu0zjJmyyEGxgTOA1F9UYq7dXSFfyHK','ANA LADY','HERNANDEZ TELLEZ',NULL,NULL,NULL,NULL,NULL,NULL,NULL,1,0,'80687266-6761-43a2-bd98-f42349a9bb63','2018-06-14 02:07:35','2018-06-14 02:07:35'),('tf2s5du-l5zn-cegx-xkje','874C6',NULL,'$2y$10$7Nr7lHpeouo.3Swq.mM.3uNu0zjJmyyEGxgTOA1F9UYq7dXSFfyHK','CINDY LYNETTE','KUK REYES',NULL,NULL,NULL,NULL,NULL,NULL,NULL,1,0,'80687266-6761-43a2-bd98-f42349a9bb63','2018-06-14 02:07:33','2018-06-14 02:07:33'),('thxedfv-6wvz-m4u0-vf7v','755B1',NULL,'$2y$10$7Nr7lHpeouo.3Swq.mM.3uNu0zjJmyyEGxgTOA1F9UYq7dXSFfyHK','FABIAN ENRIQUE','RODRIGUEZ BOLIO',NULL,NULL,NULL,NULL,NULL,NULL,NULL,1,0,'80687266-6761-43a2-bd98-f42349a9bb63','2018-06-14 02:07:37','2018-06-14 02:07:37'),('tkf36iq-8oyv-q7b6-m350','889C1',NULL,'$2y$10$7Nr7lHpeouo.3Swq.mM.3uNu0zjJmyyEGxgTOA1F9UYq7dXSFfyHK','KARLA AZUL','PADILLA VILLALOBOS',NULL,NULL,NULL,NULL,NULL,NULL,NULL,1,0,'80687266-6761-43a2-bd98-f42349a9bb63','2018-06-14 02:07:38','2018-06-14 02:07:38'),('two71xu-wnfz-p6v5-18iy','714B1',NULL,'$2y$10$7Nr7lHpeouo.3Swq.mM.3uNu0zjJmyyEGxgTOA1F9UYq7dXSFfyHK','MIGUEL ANTONIO','GONZALEZ MENA',NULL,NULL,NULL,NULL,NULL,NULL,NULL,1,0,'80687266-6761-43a2-bd98-f42349a9bb63','2018-06-14 02:07:34','2018-06-14 02:07:34'),('ty96qlt-c5t8-jheu-492v','886C1',NULL,'$2y$10$7Nr7lHpeouo.3Swq.mM.3uNu0zjJmyyEGxgTOA1F9UYq7dXSFfyHK','LUIS ALBERTO','VARELA XOOL',NULL,NULL,NULL,NULL,NULL,NULL,NULL,1,0,'80687266-6761-43a2-bd98-f42349a9bb63','2018-06-14 02:07:35','2018-06-14 02:07:35'),('u0il9j3-u5lr-d3c6-ych3','875C20',NULL,'$2y$10$7Nr7lHpeouo.3Swq.mM.3uNu0zjJmyyEGxgTOA1F9UYq7dXSFfyHK','GERARDO','ESCOBAR CRUZ',NULL,NULL,NULL,NULL,NULL,NULL,NULL,1,0,'80687266-6761-43a2-bd98-f42349a9bb63','2018-06-14 02:07:37','2018-06-14 02:07:37'),('u2a66hq-knw9-2y71-jwj1','906B1',NULL,'$2y$10$7Nr7lHpeouo.3Swq.mM.3uNu0zjJmyyEGxgTOA1F9UYq7dXSFfyHK','DEYSI GUADALUPE','AGUAYO TORRES',NULL,NULL,NULL,NULL,NULL,NULL,NULL,1,0,'80687266-6761-43a2-bd98-f42349a9bb63','2018-06-14 02:07:34','2018-06-14 02:07:34'),('u2ely3h-2oak-7g1t-v84w','883B1',NULL,'$2y$10$7Nr7lHpeouo.3Swq.mM.3uNu0zjJmyyEGxgTOA1F9UYq7dXSFfyHK','VELKIS YASURI','MORALES RODRIGUEZ',NULL,NULL,NULL,NULL,NULL,NULL,NULL,1,0,'80687266-6761-43a2-bd98-f42349a9bb63','2018-06-14 02:07:38','2018-06-14 02:07:38'),('u30x04d-npu4-y360-ltgz','713C1',NULL,'$2y$10$7Nr7lHpeouo.3Swq.mM.3uNu0zjJmyyEGxgTOA1F9UYq7dXSFfyHK','BERTHA','ORTIZ GUTIERREZ',NULL,NULL,NULL,NULL,NULL,NULL,NULL,1,0,'80687266-6761-43a2-bd98-f42349a9bb63','2018-06-14 02:07:34','2018-06-14 02:07:34'),('u3s6diq-r8q2-5ruu-q97i','881B1',NULL,'$2y$10$7Nr7lHpeouo.3Swq.mM.3uNu0zjJmyyEGxgTOA1F9UYq7dXSFfyHK','CRISTELL LUCERO','PEREZ AMBROSIO',NULL,NULL,NULL,NULL,NULL,NULL,NULL,1,0,'80687266-6761-43a2-bd98-f42349a9bb63','2018-06-14 02:07:38','2018-06-14 02:07:38'),('u8ufkvd-df5q-ibex-g88n','748C1',NULL,'$2y$10$7Nr7lHpeouo.3Swq.mM.3uNu0zjJmyyEGxgTOA1F9UYq7dXSFfyHK','JUAN FERNANDO','RODRIGUEZ BOLIO',NULL,NULL,NULL,NULL,NULL,NULL,NULL,1,0,'80687266-6761-43a2-bd98-f42349a9bb63','2018-06-14 02:07:34','2018-06-14 02:07:34'),('u9utqp4-ixa3-coxc-ltgi','874B1',NULL,'$2y$10$7Nr7lHpeouo.3Swq.mM.3uNu0zjJmyyEGxgTOA1F9UYq7dXSFfyHK','YEIMI MARCELA','ACOSTA CORDOVA',NULL,NULL,NULL,NULL,NULL,NULL,NULL,1,0,'80687266-6761-43a2-bd98-f42349a9bb63','2018-06-14 02:07:36','2018-06-14 02:07:36'),('uclcklm-ypjg-vgux-v85m','875C9',NULL,'$2y$10$7Nr7lHpeouo.3Swq.mM.3uNu0zjJmyyEGxgTOA1F9UYq7dXSFfyHK','ROBERT','PALMA HERNANDEZ',NULL,NULL,NULL,NULL,NULL,NULL,NULL,1,0,'80687266-6761-43a2-bd98-f42349a9bb63','2018-06-14 02:07:38','2018-06-14 02:07:38'),('ueq5hz9-3xu0-lczh-ii4t','693C1',NULL,'$2y$10$7Nr7lHpeouo.3Swq.mM.3uNu0zjJmyyEGxgTOA1F9UYq7dXSFfyHK','EIDY AURORA','BRICEÑO CIME',NULL,NULL,NULL,NULL,NULL,NULL,NULL,1,0,'80687266-6761-43a2-bd98-f42349a9bb63','2018-06-14 02:07:36','2018-06-14 02:07:36'),('uf7htb3-d4xh-h1jl-t754','734B1',NULL,'$2y$10$7Nr7lHpeouo.3Swq.mM.3uNu0zjJmyyEGxgTOA1F9UYq7dXSFfyHK','ANA PAULINA','SERRANO GONZALEZ',NULL,NULL,NULL,NULL,NULL,NULL,NULL,1,0,'80687266-6761-43a2-bd98-f42349a9bb63','2018-06-14 02:07:35','2018-06-14 02:07:35'),('ufwsroo-0gl7-7tvp-lajo','678C1',NULL,'$2y$10$7Nr7lHpeouo.3Swq.mM.3uNu0zjJmyyEGxgTOA1F9UYq7dXSFfyHK','MERCEDES MARBELLA','LOPEZ REJON',NULL,NULL,NULL,NULL,NULL,NULL,NULL,1,0,'80687266-6761-43a2-bd98-f42349a9bb63','2018-06-14 02:07:34','2018-06-14 02:07:34'),('uj0lhpw-8skc-vf1z-a8qe','881C2',NULL,'$2y$10$7Nr7lHpeouo.3Swq.mM.3uNu0zjJmyyEGxgTOA1F9UYq7dXSFfyHK','JIOMARA DE JESUS','GARCIA BARABATA',NULL,NULL,NULL,NULL,NULL,NULL,NULL,1,0,'80687266-6761-43a2-bd98-f42349a9bb63','2018-06-14 02:07:38','2018-06-14 02:07:38'),('uk38a1p-4ma1-1k5h-sl1j','741C1',NULL,'$2y$10$7Nr7lHpeouo.3Swq.mM.3uNu0zjJmyyEGxgTOA1F9UYq7dXSFfyHK','JOSE DE JESUS','GONGORA REJON',NULL,NULL,NULL,NULL,NULL,NULL,NULL,1,0,'80687266-6761-43a2-bd98-f42349a9bb63','2018-06-14 02:07:35','2018-06-14 02:07:35'),('uq9gpax-mhri-9g8v-g7s4','731B1',NULL,'$2y$10$7Nr7lHpeouo.3Swq.mM.3uNu0zjJmyyEGxgTOA1F9UYq7dXSFfyHK','JEANNETTE','HABIB HADAD',NULL,NULL,NULL,NULL,NULL,NULL,NULL,1,0,'80687266-6761-43a2-bd98-f42349a9bb63','2018-06-14 02:07:33','2018-06-14 02:07:33'),('uu1qybj-qmse-3un6-fp8u','752B1',NULL,'$2y$10$7Nr7lHpeouo.3Swq.mM.3uNu0zjJmyyEGxgTOA1F9UYq7dXSFfyHK','ANGEL ANTONIO','POSO CALDELAS',NULL,NULL,NULL,NULL,NULL,NULL,NULL,1,0,'80687266-6761-43a2-bd98-f42349a9bb63','2018-06-14 02:07:38','2018-06-14 02:07:38'),('uwccqsq-h0w2-p8io-wq22','875C16',NULL,'$2y$10$7Nr7lHpeouo.3Swq.mM.3uNu0zjJmyyEGxgTOA1F9UYq7dXSFfyHK','TELMA DEL JESUS','GALVAN PUC',NULL,NULL,NULL,NULL,NULL,NULL,NULL,1,0,'80687266-6761-43a2-bd98-f42349a9bb63','2018-06-14 02:07:33','2018-06-14 02:07:33'),('ux142w9-ntsb-3o8f-pedv','MONITOR04',NULL,'$2y$10$7Nr7lHpeouo.3Swq.mM.3uNu0zjJmyyEGxgTOA1F9UYq7dXSFfyHK','MONITOR','04',NULL,NULL,NULL,NULL,NULL,NULL,NULL,1,0,'e687cb91-4cdf-4ab2-992f-e76584199c2e','2018-06-14 22:26:57','2018-06-14 22:26:57'),('v0c41s1-5392-su4u-58rf','768C3',NULL,'$2y$10$7Nr7lHpeouo.3Swq.mM.3uNu0zjJmyyEGxgTOA1F9UYq7dXSFfyHK','CRISTOBAL','MARTINEZ LOPEZ',NULL,NULL,NULL,NULL,NULL,NULL,NULL,1,0,'80687266-6761-43a2-bd98-f42349a9bb63','2018-06-14 02:07:36','2018-06-14 02:07:36'),('v2rebc3-elem-xrn9-mujc','875C8',NULL,'$2y$10$7Nr7lHpeouo.3Swq.mM.3uNu0zjJmyyEGxgTOA1F9UYq7dXSFfyHK','MYRIAM','RAMIREZ NAVARRETE',NULL,NULL,NULL,NULL,NULL,NULL,NULL,1,0,'80687266-6761-43a2-bd98-f42349a9bb63','2018-06-14 02:07:38','2018-06-14 02:07:38'),('v7jld90-6y88-aivg-oqaa','702B1',NULL,'$2y$10$7Nr7lHpeouo.3Swq.mM.3uNu0zjJmyyEGxgTOA1F9UYq7dXSFfyHK','OSCAR AZAEL','VIVAS COURTENAY',NULL,NULL,NULL,NULL,NULL,NULL,NULL,1,0,'80687266-6761-43a2-bd98-f42349a9bb63','2018-06-14 02:07:38','2018-06-14 02:07:38'),('vc4pokv-gan7-z4vk-nihb','206C8',NULL,'$2y$10$7Nr7lHpeouo.3Swq.mM.3uNu0zjJmyyEGxgTOA1F9UYq7dXSFfyHK','NIDIA','REYES MORALES',NULL,NULL,NULL,NULL,NULL,NULL,NULL,1,0,'80687266-6761-43a2-bd98-f42349a9bb63','2018-06-14 02:07:33','2018-06-14 02:07:33'),('vdgo5d1-sl7k-ocht-bknh','696B1',NULL,'$2y$10$7Nr7lHpeouo.3Swq.mM.3uNu0zjJmyyEGxgTOA1F9UYq7dXSFfyHK','ANA MARISOL','PALMA SOLARES',NULL,NULL,NULL,NULL,NULL,NULL,NULL,1,0,'80687266-6761-43a2-bd98-f42349a9bb63','2018-06-14 02:07:35','2018-06-14 02:07:35'),('vsg3o1r-yvz4-bokf-vyzv','762B1',NULL,'$2y$10$7Nr7lHpeouo.3Swq.mM.3uNu0zjJmyyEGxgTOA1F9UYq7dXSFfyHK','ESTELA ANGELINA','SOSA COCOM',NULL,NULL,NULL,NULL,NULL,NULL,NULL,1,0,'80687266-6761-43a2-bd98-f42349a9bb63','2018-06-14 02:07:38','2018-06-14 02:07:38'),('vv62kt5-fo7z-9uo2-tq8l','700C1',NULL,'$2y$10$7Nr7lHpeouo.3Swq.mM.3uNu0zjJmyyEGxgTOA1F9UYq7dXSFfyHK','YULI PATRICIA','HERNANDEZ DAMIAN',NULL,NULL,NULL,NULL,NULL,NULL,NULL,1,0,'80687266-6761-43a2-bd98-f42349a9bb63','2018-06-14 02:07:35','2018-06-14 02:07:35'),('vvl42hs-seli-qz65-do41','746C1',NULL,'$2y$10$7Nr7lHpeouo.3Swq.mM.3uNu0zjJmyyEGxgTOA1F9UYq7dXSFfyHK','ROSA GUADALUPE','PACHECO CHARINES',NULL,NULL,NULL,NULL,NULL,NULL,NULL,1,0,'80687266-6761-43a2-bd98-f42349a9bb63','2018-06-14 02:07:34','2018-06-14 02:07:34'),('vwirxyv-9i7w-gpc1-w43k','773B1',NULL,'$2y$10$7Nr7lHpeouo.3Swq.mM.3uNu0zjJmyyEGxgTOA1F9UYq7dXSFfyHK','LOURDES','LOPEZ CASAUX',NULL,NULL,NULL,NULL,NULL,NULL,NULL,1,0,'80687266-6761-43a2-bd98-f42349a9bb63','2018-06-14 02:07:33','2018-06-14 02:07:33'),('w1eykuo-uxpj-9j1n-a3a1','681C6',NULL,'$2y$10$7Nr7lHpeouo.3Swq.mM.3uNu0zjJmyyEGxgTOA1F9UYq7dXSFfyHK','YASSER ALBERTO','VARELA NOVELO',NULL,NULL,NULL,NULL,NULL,NULL,NULL,1,0,'80687266-6761-43a2-bd98-f42349a9bb63','2018-06-14 02:07:36','2018-06-14 02:07:36'),('w5jctnl-8swp-klpn-8t3a','874C11',NULL,'$2y$10$7Nr7lHpeouo.3Swq.mM.3uNu0zjJmyyEGxgTOA1F9UYq7dXSFfyHK','BRISEYDA','CHAVEZ REYES',NULL,NULL,NULL,NULL,NULL,NULL,NULL,1,0,'80687266-6761-43a2-bd98-f42349a9bb63','2018-06-14 02:07:37','2018-06-14 02:07:37'),('w5uhv78-ec3g-sr8t-qqfy','876C4',NULL,'$2y$10$7Nr7lHpeouo.3Swq.mM.3uNu0zjJmyyEGxgTOA1F9UYq7dXSFfyHK','MA GUADALUPE','RODRIGUEZ GARCIA',NULL,NULL,NULL,NULL,NULL,NULL,NULL,1,0,'80687266-6761-43a2-bd98-f42349a9bb63','2018-06-14 02:07:37','2018-06-14 02:07:37'),('wc3n9ca-8iso-nyhc-0psz','734C1',NULL,'$2y$10$7Nr7lHpeouo.3Swq.mM.3uNu0zjJmyyEGxgTOA1F9UYq7dXSFfyHK','ENRIQUE','SANCHEZ GOMEZ',NULL,NULL,NULL,NULL,NULL,NULL,NULL,1,0,'80687266-6761-43a2-bd98-f42349a9bb63','2018-06-14 02:07:34','2018-06-14 02:07:34'),('wfegcmn-yil1-yd2x-hzok','MONITOR09',NULL,'$2y$10$7Nr7lHpeouo.3Swq.mM.3uNu0zjJmyyEGxgTOA1F9UYq7dXSFfyHK','MONITOR','09',NULL,NULL,NULL,NULL,NULL,NULL,NULL,1,0,'e687cb91-4cdf-4ab2-992f-e76584199c2e','2018-06-14 22:26:58','2018-06-14 22:26:58'),('wgdz4zs-iptx-ypfh-1xue','911B1',NULL,'$2y$10$7Nr7lHpeouo.3Swq.mM.3uNu0zjJmyyEGxgTOA1F9UYq7dXSFfyHK','LAURA DEL ROSARIO','BASTO CERON',NULL,NULL,NULL,NULL,NULL,NULL,NULL,1,0,'80687266-6761-43a2-bd98-f42349a9bb63','2018-06-14 02:07:34','2018-06-14 02:07:34'),('wgidtte-2kat-ho85-hw3t','760B1',NULL,'$2y$10$7Nr7lHpeouo.3Swq.mM.3uNu0zjJmyyEGxgTOA1F9UYq7dXSFfyHK','VALERI PAOLA','MARTINEZ OLMOS',NULL,NULL,NULL,NULL,NULL,NULL,NULL,1,0,'80687266-6761-43a2-bd98-f42349a9bb63','2018-06-14 02:07:38','2018-06-14 02:07:38'),('whpjuou-fjec-mf4m-cnxk','916B1',NULL,'$2y$10$7Nr7lHpeouo.3Swq.mM.3uNu0zjJmyyEGxgTOA1F9UYq7dXSFfyHK','ALEJANDRA ARISBET','MORENO RODRIGUEZ',NULL,NULL,NULL,NULL,NULL,NULL,NULL,1,0,'80687266-6761-43a2-bd98-f42349a9bb63','2018-06-14 02:07:34','2018-06-14 02:07:34'),('wi1odrv-ss7l-1y8y-pzq1','206C1',NULL,'$2y$10$7Nr7lHpeouo.3Swq.mM.3uNu0zjJmyyEGxgTOA1F9UYq7dXSFfyHK','JESUS GONZALO','GALARZA GALARZA',NULL,NULL,NULL,NULL,NULL,NULL,NULL,1,0,'80687266-6761-43a2-bd98-f42349a9bb63','2018-06-14 02:07:33','2018-06-14 02:07:33'),('wsv6ak1-7m0h-xmm5-mkbu','718C1',NULL,'$2y$10$7Nr7lHpeouo.3Swq.mM.3uNu0zjJmyyEGxgTOA1F9UYq7dXSFfyHK','ANA PATRICIA','GARCIA CALLES',NULL,NULL,NULL,NULL,NULL,NULL,NULL,1,0,'80687266-6761-43a2-bd98-f42349a9bb63','2018-06-14 02:07:32','2018-06-14 02:07:32'),('wywlymr-76m4-r789-jiud','680B1',NULL,'$2y$10$7Nr7lHpeouo.3Swq.mM.3uNu0zjJmyyEGxgTOA1F9UYq7dXSFfyHK','IXEL','MARTINEZ GONZALEZ',NULL,NULL,NULL,NULL,NULL,NULL,NULL,1,0,'80687266-6761-43a2-bd98-f42349a9bb63','2018-06-14 02:07:37','2018-06-14 02:07:37'),('x19m1jm-u7cn-ukpj-i43g','875C17',NULL,'$2y$10$7Nr7lHpeouo.3Swq.mM.3uNu0zjJmyyEGxgTOA1F9UYq7dXSFfyHK','RUBI DEL CARMEN','TAMAY MISS',NULL,NULL,NULL,NULL,NULL,NULL,NULL,1,0,'80687266-6761-43a2-bd98-f42349a9bb63','2018-06-14 02:07:33','2018-06-14 02:07:33'),('x7vwld6-mljc-jz42-ux19','733C1',NULL,'$2y$10$7Nr7lHpeouo.3Swq.mM.3uNu0zjJmyyEGxgTOA1F9UYq7dXSFfyHK','ESTEFANI DE LOS ANGELES','CANUL CARRETA',NULL,NULL,NULL,NULL,NULL,NULL,NULL,1,0,'80687266-6761-43a2-bd98-f42349a9bb63','2018-06-14 02:07:36','2018-06-14 02:07:36'),('x9ab3q3-bdi9-tb63-7he3','686C1',NULL,'$2y$10$7Nr7lHpeouo.3Swq.mM.3uNu0zjJmyyEGxgTOA1F9UYq7dXSFfyHK','MIRNA GUADALUPE','RODRIGUEZ PAUL',NULL,NULL,NULL,NULL,NULL,NULL,NULL,1,0,'80687266-6761-43a2-bd98-f42349a9bb63','2018-06-14 02:07:36','2018-06-14 02:07:36'),('xdlmn4l-0uxl-4raq-rnap','718C2',NULL,'$2y$10$7Nr7lHpeouo.3Swq.mM.3uNu0zjJmyyEGxgTOA1F9UYq7dXSFfyHK','JUAN ALBERTO','CRUZ BEULO',NULL,NULL,NULL,NULL,NULL,NULL,NULL,1,0,'80687266-6761-43a2-bd98-f42349a9bb63','2018-06-14 02:07:32','2018-06-14 02:07:32'),('xdtr358-8bjb-0g7v-sqdj','749B1',NULL,'$2y$10$7Nr7lHpeouo.3Swq.mM.3uNu0zjJmyyEGxgTOA1F9UYq7dXSFfyHK','NOEMI ISABEL','CHUC BRITO',NULL,NULL,NULL,NULL,NULL,NULL,NULL,1,0,'80687266-6761-43a2-bd98-f42349a9bb63','2018-06-14 02:07:38','2018-06-14 02:07:38'),('xi538iw-p1vf-87jd-c9q8','709C3',NULL,'$2y$10$7Nr7lHpeouo.3Swq.mM.3uNu0zjJmyyEGxgTOA1F9UYq7dXSFfyHK','RODRIGO ALFREDO','ITZA SULUB',NULL,NULL,NULL,NULL,NULL,NULL,NULL,1,0,'80687266-6761-43a2-bd98-f42349a9bb63','2018-06-14 02:07:33','2018-06-14 02:07:33'),('xmz8y58-8ewg-v5lw-kzq7','719B1',NULL,'$2y$10$7Nr7lHpeouo.3Swq.mM.3uNu0zjJmyyEGxgTOA1F9UYq7dXSFfyHK','CAROLINA','MONTUY GONZALEZ',NULL,NULL,NULL,NULL,NULL,NULL,NULL,1,0,'80687266-6761-43a2-bd98-f42349a9bb63','2018-06-14 02:07:34','2018-06-14 02:07:34'),('xoz4ymd-sa0j-hwa8-ff2m','695C1',NULL,'$2y$10$7Nr7lHpeouo.3Swq.mM.3uNu0zjJmyyEGxgTOA1F9UYq7dXSFfyHK','ELSI','MENDOZA VILLARREAL',NULL,NULL,NULL,NULL,NULL,NULL,NULL,1,0,'80687266-6761-43a2-bd98-f42349a9bb63','2018-06-14 02:07:35','2018-06-14 02:07:35'),('xu6uux5-ldzj-yj85-n3a5','206C2',NULL,'$2y$10$7Nr7lHpeouo.3Swq.mM.3uNu0zjJmyyEGxgTOA1F9UYq7dXSFfyHK','ROBERTO','MUÑOZ CANTON',NULL,NULL,NULL,NULL,NULL,NULL,NULL,1,0,'80687266-6761-43a2-bd98-f42349a9bb63','2018-06-14 02:07:33','2018-06-14 02:07:33'),('xuwenpp-v1pq-1x8m-xzkk','717C1',NULL,'$2y$10$7Nr7lHpeouo.3Swq.mM.3uNu0zjJmyyEGxgTOA1F9UYq7dXSFfyHK','JUAN CARLOS','RUIZ GONZALEZ',NULL,NULL,NULL,NULL,NULL,NULL,NULL,1,0,'80687266-6761-43a2-bd98-f42349a9bb63','2018-06-14 02:07:37','2018-06-14 02:07:37'),('y35p587-blwl-vefk-cjmk','913B1',NULL,'$2y$10$7Nr7lHpeouo.3Swq.mM.3uNu0zjJmyyEGxgTOA1F9UYq7dXSFfyHK','JOEL ISAI','CAAMAL TEC',NULL,NULL,NULL,NULL,NULL,NULL,NULL,1,0,'80687266-6761-43a2-bd98-f42349a9bb63','2018-06-14 02:07:34','2018-06-14 02:07:34'),('y5u3w8q-r5iw-hgjl-z1sj','761B1',NULL,'$2y$10$7Nr7lHpeouo.3Swq.mM.3uNu0zjJmyyEGxgTOA1F9UYq7dXSFfyHK','KARLA JOSEFINA','PARRA LOPEZ',NULL,NULL,NULL,NULL,NULL,NULL,NULL,1,0,'80687266-6761-43a2-bd98-f42349a9bb63','2018-06-14 02:07:38','2018-06-14 02:07:38'),('y6z2vs2-tx83-a9y8-s2iy','690B1',NULL,'$2y$10$7Nr7lHpeouo.3Swq.mM.3uNu0zjJmyyEGxgTOA1F9UYq7dXSFfyHK','HUGO ALBERTO','SANCHEZ RICARDEZ',NULL,NULL,NULL,NULL,NULL,NULL,NULL,1,0,'80687266-6761-43a2-bd98-f42349a9bb63','2018-06-14 02:07:34','2018-06-14 02:07:34'),('ycmlur0-aq9b-itd0-0ny1','875C18',NULL,'$2y$10$7Nr7lHpeouo.3Swq.mM.3uNu0zjJmyyEGxgTOA1F9UYq7dXSFfyHK','SANDY JAVIER','YAM MAY',NULL,NULL,NULL,NULL,NULL,NULL,NULL,1,0,'80687266-6761-43a2-bd98-f42349a9bb63','2018-06-14 02:07:33','2018-06-14 02:07:33'),('ye1furk-qyur-a03b-wgt6','875B1',NULL,'$2y$10$7Nr7lHpeouo.3Swq.mM.3uNu0zjJmyyEGxgTOA1F9UYq7dXSFfyHK','ANA LAURA','GALARZA GALARZA',NULL,NULL,NULL,NULL,NULL,NULL,NULL,1,0,'80687266-6761-43a2-bd98-f42349a9bb63','2018-06-14 02:07:37','2018-06-14 02:07:37'),('yk5gxeb-ff6g-cl39-ws3g','722B1',NULL,'$2y$10$7Nr7lHpeouo.3Swq.mM.3uNu0zjJmyyEGxgTOA1F9UYq7dXSFfyHK','LESLIE ALEJANDRA','CASTILLO GARRIDO',NULL,NULL,NULL,NULL,NULL,NULL,NULL,1,0,'80687266-6761-43a2-bd98-f42349a9bb63','2018-06-14 02:07:37','2018-06-14 02:07:37'),('yl74btz-yw8y-7czp-i3g5','875C13',NULL,'$2y$10$7Nr7lHpeouo.3Swq.mM.3uNu0zjJmyyEGxgTOA1F9UYq7dXSFfyHK','MARIA LUCELY','CAAMAL AKE',NULL,NULL,NULL,NULL,NULL,NULL,NULL,1,0,'80687266-6761-43a2-bd98-f42349a9bb63','2018-06-14 02:07:36','2018-06-14 02:07:36'),('yqtyibz-69kx-9qjd-p913','874C3',NULL,'$2y$10$7Nr7lHpeouo.3Swq.mM.3uNu0zjJmyyEGxgTOA1F9UYq7dXSFfyHK','BREIDA SAIRELI','ATAXCA BORGES',NULL,NULL,NULL,NULL,NULL,NULL,NULL,1,0,'80687266-6761-43a2-bd98-f42349a9bb63','2018-06-14 02:07:36','2018-06-14 02:07:36'),('ytzj534-013j-u6zh-0wab','683B1',NULL,'$2y$10$7Nr7lHpeouo.3Swq.mM.3uNu0zjJmyyEGxgTOA1F9UYq7dXSFfyHK','ADALID','PEREZ GONZALEZ',NULL,NULL,NULL,NULL,NULL,NULL,NULL,1,0,'80687266-6761-43a2-bd98-f42349a9bb63','2018-06-14 02:07:36','2018-06-14 02:07:36'),('yzd7m7l-1a23-9dhe-hfn3','922B1',NULL,'$2y$10$7Nr7lHpeouo.3Swq.mM.3uNu0zjJmyyEGxgTOA1F9UYq7dXSFfyHK','BRYAN ALEXIS','GONZALEZ BALBUENA',NULL,NULL,NULL,NULL,NULL,NULL,NULL,1,0,'80687266-6761-43a2-bd98-f42349a9bb63','2018-06-14 02:07:34','2018-06-14 02:07:34'),('z1267fn-885m-ykqm-4zxu','684B1',NULL,'$2y$10$7Nr7lHpeouo.3Swq.mM.3uNu0zjJmyyEGxgTOA1F9UYq7dXSFfyHK','DOLORES','PEREZ GONZALEZ',NULL,NULL,NULL,NULL,NULL,NULL,NULL,1,0,'80687266-6761-43a2-bd98-f42349a9bb63','2018-06-14 02:07:36','2018-06-14 02:07:36'),('z9v41r5-fhvz-eg1y-578u','745C1',NULL,'$2y$10$7Nr7lHpeouo.3Swq.mM.3uNu0zjJmyyEGxgTOA1F9UYq7dXSFfyHK','EDUARDO','GUTIERREZ ARROYO',NULL,NULL,NULL,NULL,NULL,NULL,NULL,1,0,'80687266-6761-43a2-bd98-f42349a9bb63','2018-06-14 02:07:34','2018-06-14 02:07:34'),('zncoek4-slcj-chq0-6ixq','763ESPECIAL',NULL,'$2y$10$7Nr7lHpeouo.3Swq.mM.3uNu0zjJmyyEGxgTOA1F9UYq7dXSFfyHK','JESUS ROBERTO','ESQUIVEL TEC',NULL,NULL,NULL,NULL,NULL,NULL,NULL,1,0,'80687266-6761-43a2-bd98-f42349a9bb63','2018-06-14 02:07:38','2018-06-14 02:07:38'),('zovk4hy-52ru-740t-wv1f','917B1',NULL,'$2y$10$7Nr7lHpeouo.3Swq.mM.3uNu0zjJmyyEGxgTOA1F9UYq7dXSFfyHK','OLGA MARGARITA','GOMEZ LOEZA',NULL,NULL,NULL,NULL,NULL,NULL,NULL,1,0,'80687266-6761-43a2-bd98-f42349a9bb63','2018-06-14 02:07:34','2018-06-14 02:07:34'),('zoxhmu7-b9gd-44ap-3dg2','744B1',NULL,'$2y$10$7Nr7lHpeouo.3Swq.mM.3uNu0zjJmyyEGxgTOA1F9UYq7dXSFfyHK','MARISOL','AGUILAR JIMENEZ',NULL,NULL,NULL,NULL,NULL,NULL,NULL,1,0,'80687266-6761-43a2-bd98-f42349a9bb63','2018-06-14 02:07:34','2018-06-14 02:07:34'),('zzp0bqn-7nsj-lzco-l3i5','737B1',NULL,'$2y$10$7Nr7lHpeouo.3Swq.mM.3uNu0zjJmyyEGxgTOA1F9UYq7dXSFfyHK','VERONICA DEL CARMEN','MARTHEN ZACARIAS',NULL,NULL,NULL,NULL,NULL,NULL,NULL,1,0,'80687266-6761-43a2-bd98-f42349a9bb63','2018-06-14 02:07:35','2018-06-14 02:07:35');
/*!40000 ALTER TABLE `users` ENABLE KEYS */;
UNLOCK TABLES;

--
-- Table structure for table `xmf_boxes_blocks`
--

DROP TABLE IF EXISTS `xmf_boxes_blocks`;
/*!40101 SET @saved_cs_client     = @@character_set_client */;
/*!40101 SET character_set_client = utf8 */;
CREATE TABLE `xmf_boxes_blocks` (
  `id` int(10) unsigned NOT NULL AUTO_INCREMENT,
  `nombre` text DEFAULT NULL,
  `descripcion` text DEFAULT NULL,
  `block` int(10) unsigned DEFAULT NULL,
  `created` datetime DEFAULT NULL,
  `modified` datetime DEFAULT NULL,
  PRIMARY KEY (`id`)
) ENGINE=InnoDB AUTO_INCREMENT=5 DEFAULT CHARSET=utf8mb4;
/*!40101 SET character_set_client = @saved_cs_client */;

--
-- Dumping data for table `xmf_boxes_blocks`
--

LOCK TABLES `xmf_boxes_blocks` WRITE;
/*!40000 ALTER TABLE `xmf_boxes_blocks` DISABLE KEYS */;
INSERT INTO `xmf_boxes_blocks` VALUES (1,'last_report','1st Coalitions',1,'2018-05-02 18:53:02','2018-05-02 18:53:02'),(2,'last_report','2nd',2,'2018-05-02 18:53:02','2018-05-02 18:53:02'),(3,'last_report','3rd',3,'2018-05-02 18:53:02','2018-05-02 18:53:02'),(4,'last_report','4th',4,'2018-05-02 18:53:02','2018-05-02 18:53:02');
/*!40000 ALTER TABLE `xmf_boxes_blocks` ENABLE KEYS */;
UNLOCK TABLES;

--
-- Table structure for table `xmf_boxes_orders`
--

DROP TABLE IF EXISTS `xmf_boxes_orders`;
/*!40101 SET @saved_cs_client     = @@character_set_client */;
/*!40101 SET character_set_client = utf8 */;
CREATE TABLE `xmf_boxes_orders` (
  `id` int(10) unsigned NOT NULL AUTO_INCREMENT,
  `name` text DEFAULT NULL,
  `formula` text DEFAULT NULL,
  `descripcion` text DEFAULT NULL,
  `xmf_partidos` int(10) unsigned DEFAULT NULL,
  `xmf_tipo_votaciones_id` int(10) unsigned DEFAULT NULL,
  `order` int(10) unsigned DEFAULT NULL,
  `partition` int(10) unsigned DEFAULT NULL,
  `xmf_boxes_blocks_id` int(10) unsigned DEFAULT NULL,
  `status` tinyint(1) NOT NULL DEFAULT 1,
  `created` datetime DEFAULT NULL,
  `modified` datetime DEFAULT NULL,
  PRIMARY KEY (`id`)
) ENGINE=InnoDB AUTO_INCREMENT=90 DEFAULT CHARSET=utf8mb4;
/*!40101 SET character_set_client = @saved_cs_client */;

--
-- Dumping data for table `xmf_boxes_orders`
--

LOCK TABLES `xmf_boxes_orders` WRITE;
/*!40000 ALTER TABLE `xmf_boxes_orders` DISABLE KEYS */;
INSERT INTO `xmf_boxes_orders` VALUES (1,'PAN-PRD-MC','','bloque-coaliciones',NULL,1,1,1,1,1,'2018-05-02 19:01:14','2018-05-02 19:01:14'),(2,'PRI-PVE-PANAL','','bloque-coaliciones',NULL,1,2,1,1,1,'2018-05-02 19:01:14','2018-05-02 19:01:14'),(3,'MORENA-PT-PES','','bloque-coaliciones',NULL,1,3,1,1,1,'2018-05-02 19:01:14','2018-05-02 19:01:14'),(4,'Bronco','','bloque-coaliciones',NULL,1,4,1,1,1,'2018-05-02 19:01:14','2018-05-02 19:01:14'),(5,'Margarita Zavala','','bloque-coaliciones',NULL,1,5,2,1,1,'2018-05-02 19:01:14','2018-05-02 19:01:14'),(6,'No Registrados','','bloque-coaliciones',NULL,1,6,2,1,1,'2018-05-02 19:01:14','2018-05-02 19:01:14'),(7,'Votos Nulos','','bloque-coaliciones',NULL,1,7,2,1,1,'2018-05-02 19:01:14','2018-05-02 19:01:14'),(8,'PAN-PRD-MC','','bloque-coaliciones',NULL,2,1,1,1,1,'2018-05-02 19:01:14','2018-05-02 19:01:14'),(9,'PRI-PVE-PANAL','','bloque-coaliciones',NULL,2,2,1,1,1,'2018-05-02 19:01:14','2018-05-02 19:01:14'),(10,'MORENA-PT-PES','','bloque-coaliciones',NULL,2,3,1,1,1,'2018-05-02 19:01:14','2018-05-02 19:01:14'),(11,'Bronco','','bloque-coaliciones',NULL,2,4,1,1,1,'2018-05-02 19:01:14','2018-05-02 19:01:14'),(12,'Margarita Zavala','','bloque-coaliciones',NULL,2,5,2,1,1,'2018-05-02 19:01:14','2018-05-02 19:01:14'),(13,'No Registrados','','bloque-coaliciones',NULL,2,6,2,1,1,'2018-05-02 19:01:14','2018-05-02 19:01:14'),(14,'Votos Nulos','','bloque-coaliciones',NULL,2,7,2,1,1,'2018-05-02 19:01:14','2018-05-02 19:01:14'),(15,'PAN-PRD-MC','','bloque-coaliciones',NULL,3,1,1,1,1,'2018-05-02 19:01:14','2018-05-02 19:01:14'),(16,'PRI-PVE-PANAL','','bloque-coaliciones',NULL,3,2,1,1,1,'2018-05-02 19:01:14','2018-05-02 19:01:14'),(17,'MORENA-PT-PES','','bloque-coaliciones',NULL,3,3,1,1,1,'2018-05-02 19:01:14','2018-05-02 19:01:14'),(18,'Bronco','','bloque-coaliciones',NULL,3,4,1,1,1,'2018-05-02 19:01:14','2018-05-02 19:01:14'),(19,'Margarita Zavala','','bloque-coaliciones',NULL,3,5,2,1,1,'2018-05-02 19:01:14','2018-05-02 19:01:14'),(20,'No Registrados','','bloque-coaliciones',NULL,3,6,2,1,1,'2018-05-02 19:01:14','2018-05-02 19:01:14'),(21,'Votos Nulos','','bloque-coaliciones',NULL,3,7,2,1,1,'2018-05-02 19:01:14','2018-05-02 19:01:14'),(22,'PAN-PRD-MC','','bloque-coaliciones',NULL,4,1,1,1,1,'2018-05-02 19:01:14','2018-05-02 19:01:14'),(23,'PRI-PVE-PANAL','','bloque-coaliciones',NULL,4,2,1,1,1,'2018-05-02 19:01:14','2018-05-02 19:01:14'),(24,'MORENA-PT','','bloque-coaliciones',NULL,4,3,1,1,1,'2018-05-02 19:01:14','2018-05-02 19:01:14'),(25,'No Registrados','','bloque-coaliciones',NULL,4,6,2,1,1,'2018-05-02 19:01:14','2018-05-02 19:01:14'),(26,'Votos Nulos','','bloque-coaliciones',NULL,4,7,2,1,1,'2018-05-02 19:01:14','2018-05-02 19:01:14'),(27,'MORENA-PT','MORENA PT','only-coalition',NULL,1,3,NULL,2,0,'2018-05-02 19:01:24','2018-05-02 19:01:24'),(28,'MORENA-PT','MORENA PT','only-coalition',NULL,2,3,NULL,2,0,'2018-05-02 19:01:24','2018-05-02 19:01:24'),(29,'MORENA-PT','MORENA PT','only-coalition',NULL,3,3,NULL,2,0,'2018-05-02 19:01:24','2018-05-02 19:01:24'),(30,'MORENA-PT','MORENA PT','only-coalition',NULL,4,3,NULL,2,1,'2018-05-02 19:01:24','2018-05-02 19:01:24'),(31,'MORENA-PT-PES','MORENA PES','only-coalition',NULL,1,1,NULL,2,1,'2018-05-02 19:01:24','2018-05-02 19:01:24'),(32,'MORENA-PT-PES','MORENA PES','only-coalition',NULL,2,1,NULL,2,1,'2018-05-02 19:01:24','2018-05-02 19:01:24'),(33,'MORENA-PT-PES','MORENA PES','only-coalition',NULL,3,1,NULL,2,1,'2018-05-02 19:01:24','2018-05-02 19:01:24'),(34,'MORENA-PT-PES','MORENA PES','only-coalition',NULL,4,1,NULL,2,0,'2018-05-02 19:01:24','2018-05-02 19:01:24'),(35,'MORENA-PT-PES','MORENA PT','only-coalition',NULL,1,2,NULL,2,1,'2018-05-02 19:01:24','2018-05-02 19:01:24'),(36,'MORENA-PT-PES','MORENA PT','only-coalition',NULL,2,2,NULL,2,1,'2018-05-02 19:01:24','2018-05-02 19:01:24'),(37,'MORENA-PT-PES','MORENA PT','only-coalition',NULL,3,2,NULL,2,1,'2018-05-02 19:01:24','2018-05-02 19:01:24'),(38,'MORENA-PT-PES','MORENA PT','only-coalition',NULL,4,2,NULL,2,0,'2018-05-02 19:01:24','2018-05-02 19:01:24'),(39,'MORENA-PT-PES','MORENA PT PES','only-coalition',NULL,1,4,NULL,2,1,'2018-05-02 19:01:24','2018-05-02 19:01:24'),(40,'MORENA-PT-PES','MORENA PT PES','only-coalition',NULL,2,4,NULL,2,1,'2018-05-02 19:01:24','2018-05-02 19:01:24'),(41,'MORENA-PT-PES','MORENA PT PES','only-coalition',NULL,3,4,NULL,2,1,'2018-05-02 19:01:24','2018-05-02 19:01:24'),(42,'MORENA-PT-PES','MORENA PT PES','only-coalition',NULL,4,4,NULL,2,0,'2018-05-02 19:01:24','2018-05-02 19:01:24'),(43,'MORENA-PT-PES','PT PES','only-coalition',NULL,1,12,NULL,2,1,'2018-05-02 19:01:24','2018-05-02 19:01:24'),(44,'MORENA-PT-PES','PT PES','only-coalition',NULL,2,12,NULL,2,1,'2018-05-02 19:01:24','2018-05-02 19:01:24'),(45,'MORENA-PT-PES','PT PES','only-coalition',NULL,3,12,NULL,2,1,'2018-05-02 19:01:24','2018-05-02 19:01:24'),(46,'MORENA-PT-PES','PT PES','only-coalition',NULL,4,12,NULL,2,0,'2018-05-02 19:01:24','2018-05-02 19:01:24'),(47,'PAN-PRD-MC','PAN MC','only-coalition',NULL,1,5,NULL,2,1,'2018-05-02 19:01:24','2018-05-02 19:01:24'),(48,'PAN-PRD-MC','PAN MC','only-coalition',NULL,2,5,NULL,2,1,'2018-05-02 19:01:24','2018-05-02 19:01:24'),(49,'PAN-PRD-MC','PAN MC','only-coalition',NULL,3,5,NULL,2,1,'2018-05-02 19:01:24','2018-05-02 19:01:24'),(50,'PAN-PRD-MC','PAN MC','only-coalition',NULL,4,5,NULL,2,1,'2018-05-02 19:01:24','2018-05-02 19:01:24'),(51,'PAN-PRD-MC','PAN PRD','only-coalition',NULL,1,6,NULL,2,1,'2018-05-02 19:01:24','2018-05-02 19:01:24'),(52,'PAN-PRD-MC','PAN PRD','only-coalition',NULL,2,6,NULL,2,1,'2018-05-02 19:01:24','2018-05-02 19:01:24'),(53,'PAN-PRD-MC','PAN PRD','only-coalition',NULL,3,6,NULL,2,1,'2018-05-02 19:01:24','2018-05-02 19:01:24'),(54,'PAN-PRD-MC','PAN PRD','only-coalition',NULL,4,6,NULL,2,1,'2018-05-02 19:01:24','2018-05-02 19:01:24'),(55,'PAN-PRD-MC','PAN PRD MC','only-coalition',NULL,1,7,NULL,2,1,'2018-05-02 19:01:24','2018-05-02 19:01:24'),(56,'PAN-PRD-MC','PAN PRD MC','only-coalition',NULL,2,7,NULL,2,1,'2018-05-02 19:01:24','2018-05-02 19:01:24'),(57,'PAN-PRD-MC','PAN PRD MC','only-coalition',NULL,3,7,NULL,2,1,'2018-05-02 19:01:24','2018-05-02 19:01:24'),(58,'PAN-PRD-MC','PAN PRD MC','only-coalition',NULL,4,7,NULL,2,1,'2018-05-02 19:01:24','2018-05-02 19:01:24'),(59,'PAN-PRD-MC','PRD MC','only-coalition',NULL,1,8,NULL,2,1,'2018-05-02 19:01:24','2018-05-02 19:01:24'),(60,'PAN-PRD-MC','PRD MC','only-coalition',NULL,2,8,NULL,2,1,'2018-05-02 19:01:24','2018-05-02 19:01:24'),(61,'PAN-PRD-MC','PRD MC','only-coalition',NULL,3,8,NULL,2,1,'2018-05-02 19:01:24','2018-05-02 19:01:24'),(62,'PAN-PRD-MC','PRD MC','only-coalition',NULL,4,8,NULL,2,1,'2018-05-02 19:01:24','2018-05-02 19:01:24'),(63,'PRI-PVE-PANAL','PRI PANAL','only-coalition',NULL,1,9,NULL,2,1,'2018-05-02 19:01:24','2018-05-02 19:01:24'),(64,'PRI-PVE-PANAL','PRI PANAL','only-coalition',NULL,2,9,NULL,2,1,'2018-05-02 19:01:24','2018-05-02 19:01:24'),(65,'PRI-PVE-PANAL','PRI PANAL','only-coalition',NULL,3,9,NULL,2,1,'2018-05-02 19:01:24','2018-05-02 19:01:24'),(66,'PRI-PVE-PANAL','PRI PANAL','only-coalition',NULL,4,9,NULL,2,1,'2018-05-02 19:01:24','2018-05-02 19:01:24'),(67,'PRI-PVE-PANAL','PRI PVE','only-coalition',NULL,1,10,NULL,2,1,'2018-05-02 19:01:24','2018-05-02 19:01:24'),(68,'PRI-PVE-PANAL','PRI PVE','only-coalition',NULL,2,10,NULL,2,1,'2018-05-02 19:01:24','2018-05-02 19:01:24'),(69,'PRI-PVE-PANAL','PRI PVE','only-coalition',NULL,3,10,NULL,2,1,'2018-05-02 19:01:24','2018-05-02 19:01:24'),(70,'PRI-PVE-PANAL','PRI PVE','only-coalition',NULL,4,10,NULL,2,1,'2018-05-02 19:01:24','2018-05-02 19:01:24'),(71,'PRI-PVE-PANAL','PRI PVE PANAL','only-coalition',NULL,1,11,NULL,2,1,'2018-05-02 19:01:24','2018-05-02 19:01:24'),(72,'PRI-PVE-PANAL','PRI PVE PANAL','only-coalition',NULL,2,11,NULL,2,1,'2018-05-02 19:01:24','2018-05-02 19:01:24'),(73,'PRI-PVE-PANAL','PRI PVE PANAL','only-coalition',NULL,3,11,NULL,2,1,'2018-05-02 19:01:24','2018-05-02 19:01:24'),(74,'PRI-PVE-PANAL','PRI PVE PANAL','only-coalition',NULL,4,11,NULL,2,1,'2018-05-02 19:01:24','2018-05-02 19:01:24'),(75,'PRI-PVE-PANAL','PVE PANAL','only-coalition',NULL,1,13,NULL,2,1,'2018-05-02 19:01:24','2018-05-02 19:01:24'),(76,'PRI-PVE-PANAL','PVE PANAL','only-coalition',NULL,2,13,NULL,2,1,'2018-05-02 19:01:24','2018-05-02 19:01:24'),(77,'PRI-PVE-PANAL','PVE PANAL','only-coalition',NULL,3,13,NULL,2,1,'2018-05-02 19:01:24','2018-05-02 19:01:24'),(78,'PRI-PVE-PANAL','PVE PANAL','only-coalition',NULL,4,13,NULL,2,1,'2018-05-02 19:01:24','2018-05-02 19:01:24');
/*!40000 ALTER TABLE `xmf_boxes_orders` ENABLE KEYS */;
UNLOCK TABLES;

--
-- Table structure for table `xmf_casillas`
--

DROP TABLE IF EXISTS `xmf_casillas`;
/*!40101 SET @saved_cs_client     = @@character_set_client */;
/*!40101 SET character_set_client = utf8 */;
CREATE TABLE `xmf_casillas` (
  `id` int(10) unsigned NOT NULL AUTO_INCREMENT,
  `user_id` char(36) DEFAULT NULL,
  `rg_id` char(36) DEFAULT NULL,
  `name` char(50) NOT NULL,
  `description` char(150) NOT NULL,
  `municipio` text DEFAULT NULL,
  `seccion` text DEFAULT NULL,
  `clave_agrupamiento` char(2) DEFAULT NULL,
  `tipo_casilla` text DEFAULT NULL,
  `urbana` text DEFAULT NULL,
  `distrito` text DEFAULT NULL,
  `locacion` text DEFAULT NULL,
  `hora_presencia` time DEFAULT NULL,
  `hora_instalacion` time DEFAULT NULL,
  `hora_inicio` time DEFAULT NULL,
  `hora_cierre` time DEFAULT NULL,
  `created` datetime DEFAULT NULL,
  `modified` datetime DEFAULT NULL,
  `lugar_indicado` tinyint(1) DEFAULT NULL,
  `gente_fila` tinyint(1) DEFAULT NULL,
  `status` char(1) DEFAULT NULL,
  `nombres_fila` text DEFAULT NULL,
  `abogado_casilla` text DEFAULT NULL,
  `rg_casilla` text DEFAULT NULL,
  `rg_telefono` text DEFAULT NULL,
  `rc_telefono` text DEFAULT NULL,
  PRIMARY KEY (`id`),
  UNIQUE KEY `name` (`name`)
) ENGINE=InnoDB AUTO_INCREMENT=342 DEFAULT CHARSET=utf8mb4;
/*!40101 SET character_set_client = @saved_cs_client */;

--
-- Dumping data for table `xmf_casillas`
--

LOCK TABLES `xmf_casillas` WRITE;
/*!40000 ALTER TABLE `xmf_casillas` DISABLE KEYS */;
INSERT INTO `xmf_casillas` VALUES (1,'4dyd7nm-76sl-iawr-bfkj','rporyoi-mx75-0fiv-kapm','718 B1','718 BASICA',NULL,NULL,NULL,NULL,NULL,NULL,NULL,NULL,NULL,NULL,NULL,NULL,NULL,NULL,NULL,NULL,NULL,NULL,'AGUILAR PERERA JAQUELINA ASUNCION','9841362087','9841164385'),(2,'c9c5kpx-2yvk-1aq9-kq1i','rporyoi-mx75-0fiv-kapm','900 B1','900 BASICA',NULL,NULL,NULL,NULL,NULL,NULL,NULL,NULL,NULL,NULL,NULL,NULL,NULL,NULL,NULL,NULL,NULL,NULL,'AGUILAR PERERA JAQUELINA ASUNCION','9841362087','9841448966'),(3,'fjpk0xi-o25l-2qdc-7a69','rporyoi-mx75-0fiv-kapm','721 B1','721 BASICA',NULL,NULL,NULL,NULL,NULL,NULL,NULL,NULL,NULL,NULL,NULL,NULL,NULL,NULL,NULL,NULL,NULL,NULL,'AGUILAR PERERA JAQUELINA ASUNCION','9841362087','9841876572'),(4,'5q16l0k-foc1-sape-6qla','rporyoi-mx75-0fiv-kapm','726 C1','726 C1',NULL,NULL,NULL,NULL,NULL,NULL,NULL,NULL,NULL,NULL,NULL,NULL,NULL,NULL,NULL,NULL,NULL,NULL,'AGUILAR PERERA JAQUELINA ASUNCION','9841362087','9871162439'),(5,'xdlmn4l-0uxl-4raq-rnap','rporyoi-mx75-0fiv-kapm','718 C2','718 C2',NULL,NULL,NULL,NULL,NULL,NULL,NULL,NULL,NULL,NULL,NULL,NULL,NULL,NULL,NULL,NULL,NULL,NULL,'AGUILAR PERERA JAQUELINA ASUNCION','9841362087','9848072609'),(6,'l4myunf-24y5-x0xs-3n2t','rporyoi-mx75-0fiv-kapm','721 C1','721 C1',NULL,NULL,NULL,NULL,NULL,NULL,NULL,NULL,NULL,NULL,NULL,NULL,NULL,NULL,NULL,NULL,NULL,NULL,'AGUILAR PERERA JAQUELINA ASUNCION','9841362087','9842361820'),(7,'dy3f2g8-kkby-fdsh-8nzp','rporyoi-mx75-0fiv-kapm','903 B1','903 BASICA',NULL,NULL,NULL,NULL,NULL,NULL,NULL,NULL,NULL,NULL,NULL,NULL,NULL,NULL,NULL,NULL,NULL,NULL,'AGUILAR PERERA JAQUELINA ASUNCION','9841362087','9842181290'),(8,'wsv6ak1-7m0h-xmm5-mkbu','rporyoi-mx75-0fiv-kapm','718 C1','718 C1',NULL,NULL,NULL,NULL,NULL,NULL,NULL,NULL,NULL,NULL,NULL,NULL,NULL,NULL,NULL,NULL,NULL,NULL,'AGUILAR PERERA JAQUELINA ASUNCION','9841362087','9841134571'),(9,'2o62plv-l4gu-b6o0-so7c','rporyoi-mx75-0fiv-kapm','726 B1','726 BASICA',NULL,NULL,NULL,NULL,NULL,NULL,NULL,NULL,NULL,NULL,NULL,NULL,NULL,NULL,NULL,NULL,NULL,NULL,'AGUILAR PERERA JAQUELINA ASUNCION','9841362087','9841196828'),(10,'hpc3udq-dl0n-gf2h-0sde','rporyoi-mx75-0fiv-kapm','891 C1','891 C1',NULL,NULL,NULL,NULL,NULL,NULL,NULL,NULL,NULL,NULL,NULL,NULL,NULL,NULL,NULL,NULL,NULL,NULL,'AGUIRRE COPTO FRANCISCO ALFREDO','9842110324','9842086839'),(11,'f3l3mu8-0t8v-2fa4-5kct','rporyoi-mx75-0fiv-kapm','890 B1','890 BASICA',NULL,NULL,NULL,NULL,NULL,NULL,NULL,NULL,NULL,NULL,NULL,NULL,NULL,NULL,NULL,NULL,NULL,NULL,'AGUIRRE COPTO FRANCISCO ALFREDO','9842110324','9988961401'),(12,'d1il9x4-qr2h-01t3-zb92','rporyoi-mx75-0fiv-kapm','888 C2','888 C2',NULL,NULL,NULL,NULL,NULL,NULL,NULL,NULL,NULL,NULL,NULL,NULL,NULL,NULL,NULL,NULL,NULL,NULL,'AGUIRRE COPTO FRANCISCO ALFREDO','9842110324','9841452846'),(13,'h9qxb0k-stfv-tv38-6r1m','rporyoi-mx75-0fiv-kapm','888 B1','888 BASICA',NULL,NULL,NULL,NULL,NULL,NULL,NULL,NULL,NULL,NULL,NULL,NULL,NULL,NULL,NULL,NULL,NULL,NULL,'AGUIRRE COPTO FRANCISCO ALFREDO','9842110324','9841649898'),(14,'pam0c8w-ncyg-7ce1-hmdh','rporyoi-mx75-0fiv-kapm','892 C2','892 C2',NULL,NULL,NULL,NULL,NULL,NULL,NULL,NULL,NULL,NULL,NULL,NULL,NULL,NULL,NULL,NULL,NULL,NULL,'AGUIRRE COPTO FRANCISCO ALFREDO','9842110324','9841140579'),(15,'odpjp4u-gzcx-ooyu-nx54','rporyoi-mx75-0fiv-kapm','892 B1','892 BASICA',NULL,NULL,NULL,NULL,NULL,NULL,NULL,NULL,NULL,NULL,NULL,NULL,NULL,NULL,NULL,NULL,NULL,NULL,'AGUIRRE COPTO FRANCISCO ALFREDO','9842110324','9841339393'),(16,'f9kwrqn-ja91-78in-mxjr','rporyoi-mx75-0fiv-kapm','890 C1','890 C1',NULL,NULL,NULL,NULL,NULL,NULL,NULL,NULL,NULL,NULL,NULL,NULL,NULL,NULL,NULL,NULL,NULL,NULL,'AGUIRRE COPTO FRANCISCO ALFREDO','9842110324','9848075374'),(17,'6t7vcbr-ajpu-tbve-x4yx','rporyoi-mx75-0fiv-kapm','888 C1','888 C1',NULL,NULL,NULL,NULL,NULL,NULL,NULL,NULL,NULL,NULL,NULL,NULL,NULL,NULL,NULL,NULL,NULL,NULL,'AGUIRRE COPTO FRANCISCO ALFREDO','9842110324','9841682636'),(18,'s5yx7fy-kr2t-j118-lhne','rporyoi-mx75-0fiv-kapm','892 C1','892 C1',NULL,NULL,NULL,NULL,NULL,NULL,NULL,NULL,NULL,NULL,NULL,NULL,NULL,NULL,NULL,NULL,NULL,NULL,'AGUIRRE COPTO FRANCISCO ALFREDO','9842110324','9842351800'),(19,'oxfhemq-p1qn-bh1r-ph3a','rporyoi-mx75-0fiv-kapm','891 B1','891 BASICA',NULL,NULL,NULL,NULL,NULL,NULL,NULL,NULL,NULL,NULL,NULL,NULL,NULL,NULL,NULL,NULL,NULL,NULL,'AGUIRRE COPTO FRANCISCO ALFREDO','9842110324','9841653882'),(20,'r2jwimz-ygs9-hzxs-fa9x','rporyoi-mx75-0fiv-kapm','694 C3','694 C3',NULL,NULL,NULL,NULL,NULL,NULL,NULL,NULL,NULL,NULL,NULL,NULL,NULL,NULL,NULL,NULL,NULL,NULL,'ARANA  LOPEZ CRISTY ASUNCION','9841576103','9841375010'),(21,'7tjokmc-2stt-0nn3-6cy0','rporyoi-mx75-0fiv-kapm','709 C1','709 C1',NULL,NULL,NULL,NULL,NULL,NULL,NULL,NULL,NULL,NULL,NULL,NULL,NULL,NULL,NULL,NULL,NULL,NULL,'ARANA  LOPEZ CRISTY ASUNCION','9841576103','9841251396'),(22,'m9v0il4-zr0x-z68k-5nyj','rporyoi-mx75-0fiv-kapm','694 C1','694 C1',NULL,NULL,NULL,NULL,NULL,NULL,NULL,NULL,NULL,NULL,NULL,NULL,NULL,NULL,NULL,NULL,NULL,NULL,'ARANA  LOPEZ CRISTY ASUNCION','9841576103','9841354088'),(23,'2mbbw65-xwq7-muny-h927','rporyoi-mx75-0fiv-kapm','694 C2','694 C2',NULL,NULL,NULL,NULL,NULL,NULL,NULL,NULL,NULL,NULL,NULL,NULL,NULL,NULL,NULL,NULL,NULL,NULL,'ARANA  LOPEZ CRISTY ASUNCION','9841576103','9841881073'),(24,'d6gor4v-nqmq-odpr-ihw8','rporyoi-mx75-0fiv-kapm','694 C5','694 C5',NULL,NULL,NULL,NULL,NULL,NULL,NULL,NULL,NULL,NULL,NULL,NULL,NULL,NULL,NULL,NULL,NULL,NULL,'ARANA  LOPEZ CRISTY ASUNCION','9841576103','9841058638'),(25,'qza2sur-3y33-3nj0-ho0a','rporyoi-mx75-0fiv-kapm','694 C4','694 C4',NULL,NULL,NULL,NULL,NULL,NULL,NULL,NULL,NULL,NULL,NULL,NULL,NULL,NULL,NULL,NULL,NULL,NULL,'ARANA  LOPEZ CRISTY ASUNCION','9841576103','9992325595'),(26,'xi538iw-p1vf-87jd-c9q8','rporyoi-mx75-0fiv-kapm','709 C3','709 C3',NULL,NULL,NULL,NULL,NULL,NULL,NULL,NULL,NULL,NULL,NULL,NULL,NULL,NULL,NULL,NULL,NULL,NULL,'ARANA  LOPEZ CRISTY ASUNCION','9841576103','9841805120'),(27,'nxs8ozo-96au-fygo-kljc','rporyoi-mx75-0fiv-kapm','694 B1','694 BASICA',NULL,NULL,NULL,NULL,NULL,NULL,NULL,NULL,NULL,NULL,NULL,NULL,NULL,1,1,NULL,'CITLALI LOPEZ\nDEMIAN SAID LOPEZ\nCARLOS LOPEZ\n',NULL,'ARANA  LOPEZ CRISTY ASUNCION','9841576103','9841172183'),(28,'cy0l80v-rzzx-rxk5-db22','rporyoi-mx75-0fiv-kapm','709 B1','709 BASICA',NULL,NULL,NULL,NULL,NULL,NULL,NULL,NULL,NULL,NULL,NULL,NULL,NULL,NULL,NULL,NULL,NULL,NULL,'ARANA  LOPEZ CRISTY ASUNCION','9841576103','9847450340'),(29,'np8psql-6in8-x6kt-97bh','rporyoi-mx75-0fiv-kapm','709 C2','709 C2',NULL,NULL,NULL,NULL,NULL,NULL,NULL,NULL,NULL,NULL,NULL,NULL,NULL,NULL,NULL,NULL,NULL,NULL,'ARANA  LOPEZ CRISTY ASUNCION','9841576103','9861035903'),(30,'uwccqsq-h0w2-p8io-wq22','rporyoi-mx75-0fiv-kapm','875 C16','875 C16',NULL,NULL,NULL,NULL,NULL,NULL,NULL,NULL,NULL,NULL,NULL,NULL,NULL,NULL,NULL,NULL,NULL,NULL,'AVILA VAZQUEZ CARLOS ENRIQUE','9841761505','9842101761'),(31,'qvfr2do-0e4s-pbg6-rqux','rporyoi-mx75-0fiv-kapm','875 C19','875 C19',NULL,NULL,NULL,NULL,NULL,NULL,NULL,NULL,NULL,NULL,NULL,NULL,NULL,NULL,NULL,NULL,NULL,NULL,'AVILA VAZQUEZ CARLOS ENRIQUE','9841761505','5523015572'),(32,'gnuhub1-l18k-f26j-qka4','rporyoi-mx75-0fiv-kapm','875 C15','875 C15',NULL,NULL,NULL,NULL,NULL,NULL,NULL,NULL,NULL,NULL,NULL,NULL,NULL,NULL,NULL,NULL,NULL,NULL,'AVILA VAZQUEZ CARLOS ENRIQUE','9841761505','9841870025'),(33,'x19m1jm-u7cn-ukpj-i43g','rporyoi-mx75-0fiv-kapm','875 C17','875 C17',NULL,NULL,NULL,NULL,NULL,NULL,NULL,NULL,NULL,NULL,NULL,NULL,NULL,NULL,NULL,NULL,NULL,NULL,'AVILA VAZQUEZ CARLOS ENRIQUE','9841761505','9841883347'),(34,'ycmlur0-aq9b-itd0-0ny1','rporyoi-mx75-0fiv-kapm','875 C18','875 C18',NULL,NULL,NULL,NULL,NULL,NULL,NULL,NULL,NULL,NULL,NULL,NULL,NULL,NULL,NULL,NULL,NULL,NULL,'AVILA VAZQUEZ CARLOS ENRIQUE','9841761505','9841681555'),(35,'mvv1nft-d9sj-5xjl-yav7','hujoqr1-dclw-m5hv-zxdk','674 B1','674 BASICA',NULL,NULL,NULL,NULL,NULL,NULL,NULL,NULL,NULL,NULL,NULL,NULL,NULL,NULL,NULL,NULL,NULL,NULL,'CAHUICH BE EDER NEFTALY','9841353863','9841791063'),(36,'kgg667t-pzmc-de73-wb2y','hujoqr1-dclw-m5hv-zxdk','674 C2','674 C2',NULL,NULL,NULL,NULL,NULL,NULL,NULL,NULL,NULL,NULL,NULL,NULL,NULL,NULL,NULL,NULL,NULL,NULL,'CAHUICH BE EDER NEFTALY','9841353863','9848769919'),(37,'n5oum6x-iqy5-rckq-o7fx','hujoqr1-dclw-m5hv-zxdk','674 C1','674 C1',NULL,NULL,NULL,NULL,NULL,NULL,NULL,NULL,NULL,NULL,NULL,NULL,NULL,NULL,NULL,NULL,NULL,NULL,'CAHUICH BE EDER NEFTALY','9841353863','9841133727'),(38,'e3bmwyk-ijkw-872g-r0uu','hujoqr1-dclw-m5hv-zxdk','732 B1','732 BASICA',NULL,NULL,NULL,NULL,NULL,NULL,NULL,NULL,NULL,NULL,NULL,NULL,NULL,NULL,NULL,NULL,NULL,NULL,'CANUL PEREZ MILDRED LEONOR','9841642464','9841372087'),(39,'gjziwku-qe6f-lv0u-uftw','hujoqr1-dclw-m5hv-zxdk','704 B1','704 BASICA',NULL,NULL,NULL,NULL,NULL,NULL,NULL,NULL,NULL,NULL,NULL,NULL,NULL,NULL,NULL,NULL,NULL,NULL,'CANUL PEREZ MILDRED LEONOR','9841642464','9841432214'),(40,'o0ig64w-7j68-jhcp-q2n6','hujoqr1-dclw-m5hv-zxdk','705 B1','705 BASICA',NULL,NULL,NULL,NULL,NULL,NULL,NULL,NULL,NULL,NULL,NULL,NULL,NULL,NULL,NULL,NULL,NULL,NULL,'CANUL PEREZ MILDRED LEONOR','9841642464','9841058567'),(41,'uq9gpax-mhri-9g8v-g7s4','hujoqr1-dclw-m5hv-zxdk','731 B1','731 BASICA',NULL,NULL,NULL,NULL,NULL,NULL,NULL,NULL,NULL,NULL,NULL,NULL,NULL,NULL,NULL,NULL,NULL,NULL,'CANUL PEREZ MILDRED LEONOR','9841642464','9841380181'),(42,'2ovbf1l-ehrk-srbn-t9xt','hujoqr1-dclw-m5hv-zxdk','704 C1','704 C1',NULL,NULL,NULL,NULL,NULL,NULL,NULL,NULL,NULL,NULL,NULL,NULL,NULL,NULL,NULL,NULL,NULL,NULL,'CANUL PEREZ MILDRED LEONOR','9841642464','9841285870'),(43,'7z1yssw-y3xl-la6p-04jz','hujoqr1-dclw-m5hv-zxdk','730 B1','730 BASICA',NULL,NULL,NULL,NULL,NULL,NULL,NULL,NULL,NULL,NULL,NULL,NULL,NULL,NULL,NULL,NULL,NULL,NULL,'CANUL PEREZ MILDRED LEONOR','9841642464','9841543260'),(44,'8b5x5ro-if6e-2gju-v7x9','hujoqr1-dclw-m5hv-zxdk','706 B1','706 BASICA',NULL,NULL,NULL,NULL,NULL,NULL,NULL,NULL,NULL,NULL,NULL,NULL,NULL,NULL,NULL,NULL,NULL,NULL,'CANUL PEREZ MILDRED LEONOR','9841642464','9841190929'),(45,'jkuin3g-6zcy-slh1-4996','hujoqr1-dclw-m5hv-zxdk','707 B1','707 BASICA',NULL,NULL,NULL,NULL,NULL,NULL,NULL,NULL,NULL,NULL,NULL,NULL,NULL,NULL,NULL,NULL,NULL,NULL,'CANUL PEREZ MILDRED LEONOR','9841642464','9842071288'),(46,'34ew67n-187a-k48m-gkeh','hujoqr1-dclw-m5hv-zxdk','705 C1','705 C1',NULL,NULL,NULL,NULL,NULL,NULL,NULL,NULL,NULL,NULL,NULL,NULL,NULL,NULL,NULL,NULL,NULL,NULL,'CANUL PEREZ MILDRED LEONOR','9841642464','9841680825'),(47,'15356u2-z4wu-s99j-wezz','hujoqr1-dclw-m5hv-zxdk','732 C1','732 C1',NULL,NULL,NULL,NULL,NULL,NULL,NULL,NULL,NULL,NULL,NULL,NULL,NULL,NULL,NULL,NULL,NULL,NULL,'CANUL PEREZ MILDRED LEONOR','9841642464','9847451634'),(48,'ecs1c53-fvuc-waq9-80kd','hujoqr1-dclw-m5hv-zxdk','707 C1','707 C1',NULL,NULL,NULL,NULL,NULL,NULL,NULL,NULL,NULL,NULL,NULL,NULL,NULL,NULL,NULL,NULL,NULL,NULL,'CANUL PEREZ MILDRED LEONOR','9841642464','9841882301'),(49,'6evskhe-2k67-ce7s-6qt8','hujoqr1-dclw-m5hv-zxdk','206 C6','206 C6',NULL,NULL,NULL,NULL,NULL,NULL,NULL,NULL,NULL,NULL,NULL,NULL,NULL,NULL,NULL,NULL,NULL,NULL,'CHAN CHAN ALEJANDRO','9831733396','9842035563'),(50,'ec3l92h-f8xk-bna1-oaia','hujoqr1-dclw-m5hv-zxdk','206 C9','206 C9',NULL,NULL,NULL,NULL,NULL,NULL,NULL,NULL,NULL,NULL,NULL,NULL,NULL,NULL,NULL,NULL,NULL,NULL,'CHAN CHAN ALEJANDRO','9831733396','9841314698'),(51,'7ph0mlh-9os2-an4h-rw4p','hujoqr1-dclw-m5hv-zxdk','206 B1','206 BASICA',NULL,NULL,NULL,NULL,NULL,NULL,NULL,NULL,NULL,NULL,NULL,NULL,NULL,NULL,NULL,NULL,NULL,NULL,'CHAN CHAN ALEJANDRO','9831733396','9842365431'),(52,'wi1odrv-ss7l-1y8y-pzq1','hujoqr1-dclw-m5hv-zxdk','206 C1','206 C1',NULL,NULL,NULL,NULL,NULL,NULL,NULL,NULL,NULL,NULL,NULL,NULL,NULL,NULL,NULL,NULL,NULL,NULL,'CHAN CHAN ALEJANDRO','9831733396','9841966535'),(53,'7br8al7-1tdf-h899-wtad','hujoqr1-dclw-m5hv-zxdk','206 C5','206 C5',NULL,NULL,NULL,NULL,NULL,NULL,NULL,NULL,NULL,NULL,NULL,NULL,NULL,NULL,NULL,NULL,NULL,NULL,'CHAN CHAN ALEJANDRO','9831733396','5535621111'),(54,'xu6uux5-ldzj-yj85-n3a5','hujoqr1-dclw-m5hv-zxdk','206 C2','206 C2',NULL,NULL,NULL,NULL,NULL,NULL,NULL,NULL,NULL,NULL,NULL,NULL,NULL,NULL,NULL,NULL,NULL,NULL,'CHAN CHAN ALEJANDRO','9831733396','9841272181'),(55,'vc4pokv-gan7-z4vk-nihb','hujoqr1-dclw-m5hv-zxdk','206 C8','206 C8',NULL,NULL,NULL,NULL,NULL,NULL,NULL,NULL,NULL,NULL,NULL,NULL,NULL,NULL,NULL,NULL,NULL,NULL,'CHAN CHAN ALEJANDRO','9831733396','9842552358'),(56,'fwo8x34-nbn2-fcdy-w6zz','hujoqr1-dclw-m5hv-zxdk','206 C3','206 C3',NULL,NULL,NULL,NULL,NULL,NULL,NULL,NULL,NULL,NULL,NULL,NULL,NULL,NULL,NULL,NULL,NULL,NULL,'CHAN CHAN ALEJANDRO','9831733396','9841799854'),(57,'e9mthrv-ezs3-n161-ktdn','hujoqr1-dclw-m5hv-zxdk','206 C7','206 C7',NULL,NULL,NULL,NULL,NULL,NULL,NULL,NULL,NULL,NULL,NULL,NULL,NULL,NULL,NULL,NULL,NULL,NULL,'CHAN CHAN ALEJANDRO','9831733396','9848010432'),(58,'b5laf8q-1xtf-fvtj-vr5p','hujoqr1-dclw-m5hv-zxdk','206 C4','206 C4',NULL,NULL,NULL,NULL,NULL,NULL,NULL,NULL,NULL,NULL,NULL,NULL,NULL,NULL,NULL,NULL,NULL,NULL,'CHAN CHAN ALEJANDRO','9831733396','9842355594'),(59,'eznrsd2-1tp9-9157-i13t','hujoqr1-dclw-m5hv-zxdk','874 C5','874 C5',NULL,NULL,NULL,NULL,NULL,NULL,NULL,NULL,NULL,NULL,NULL,NULL,NULL,NULL,NULL,NULL,NULL,NULL,'CHI CAL OLGA LIDIA','9841250040','9841573997'),(60,'tf2s5du-l5zn-cegx-xkje','hujoqr1-dclw-m5hv-zxdk','874 C6','874 C6',NULL,NULL,NULL,NULL,NULL,NULL,NULL,NULL,NULL,NULL,NULL,NULL,NULL,NULL,NULL,NULL,NULL,NULL,'CHI CAL OLGA LIDIA','9841250040','9992611188'),(61,'8bzkesg-2tuh-df1f-wkfl','hujoqr1-dclw-m5hv-zxdk','874 C8','874 C8',NULL,NULL,NULL,NULL,NULL,NULL,NULL,NULL,NULL,NULL,NULL,NULL,NULL,NULL,NULL,NULL,NULL,NULL,'CHI CAL OLGA LIDIA','9841250040','5523115442'),(62,'j7d08s1-yn8r-lsad-fvcl','hujoqr1-dclw-m5hv-zxdk','874 C7','874 C7',NULL,NULL,NULL,NULL,NULL,NULL,NULL,NULL,NULL,NULL,NULL,NULL,NULL,NULL,NULL,NULL,NULL,NULL,'CHI CAL OLGA LIDIA','9841250040','9841366049'),(63,'e4mf7db-56in-339d-xsne','hujoqr1-dclw-m5hv-zxdk','874 C9','874 C9',NULL,NULL,NULL,NULL,NULL,NULL,NULL,NULL,NULL,NULL,NULL,NULL,NULL,NULL,NULL,NULL,NULL,NULL,'CHI CAL OLGA LIDIA','9841250040','9841121868'),(64,'la1ssr4-8nlm-sg67-yzye','hujoqr1-dclw-m5hv-zxdk','774 B1','774 BASICA',NULL,NULL,NULL,NULL,NULL,NULL,NULL,NULL,NULL,NULL,NULL,NULL,NULL,NULL,NULL,NULL,NULL,NULL,'CHIÑA GUTIERREZ MOISES','9841867597','9841286525'),(65,'2rsraaw-v4ta-fhdf-qehj','hujoqr1-dclw-m5hv-zxdk','773 C1','773 C1',NULL,NULL,NULL,NULL,NULL,NULL,NULL,NULL,NULL,'02:19:03',NULL,NULL,NULL,NULL,NULL,'V',NULL,NULL,'CHIÑA GUTIERREZ MOISES','9841867597','9841399027'),(66,'vwirxyv-9i7w-gpc1-w43k','hujoqr1-dclw-m5hv-zxdk','773 B1','773 BASICA',NULL,NULL,NULL,NULL,NULL,NULL,NULL,NULL,NULL,NULL,NULL,NULL,NULL,NULL,NULL,NULL,NULL,NULL,'CHIÑA GUTIERREZ MOISES','9841867597','9842383217'),(67,'lfzfctb-8knp-gi70-p1dm','hujoqr1-dclw-m5hv-zxdk','768 B1','768 BASICA',NULL,NULL,NULL,NULL,NULL,NULL,NULL,NULL,NULL,NULL,NULL,NULL,NULL,NULL,NULL,NULL,NULL,NULL,'CHIÑA GUTIERREZ MOISES','9841867597','9842803812'),(68,'d66oaba-e5kj-ge7c-zpu0','hujoqr1-dclw-m5hv-zxdk','772 B1','772 BASICA',NULL,NULL,NULL,NULL,NULL,NULL,NULL,NULL,NULL,NULL,NULL,NULL,NULL,NULL,NULL,NULL,NULL,NULL,'CHIÑA GUTIERREZ MOISES','9841867597','9831658808'),(69,'bi9tj44-wzo1-fzu0-xs5q','q9m9y6a-80ca-jxr0-a5a1','711 B1','711 BASICA',NULL,NULL,NULL,NULL,NULL,NULL,NULL,NULL,NULL,NULL,NULL,NULL,NULL,NULL,NULL,NULL,NULL,NULL,'CUEVAS MAY LILIANA DEL CARMEN','9841577790','9841325989'),(70,'392uj1q-96q1-22xs-e24b','q9m9y6a-80ca-jxr0-a5a1','711 C1','711 C1',NULL,NULL,NULL,NULL,NULL,NULL,NULL,NULL,NULL,NULL,NULL,NULL,NULL,NULL,NULL,NULL,NULL,NULL,'CUEVAS MAY LILIANA DEL CARMEN','9841577790','9999699127'),(71,'bvvy316-stzr-mw0b-v75h','q9m9y6a-80ca-jxr0-a5a1','713 B1','713 BASICA',NULL,NULL,NULL,NULL,NULL,NULL,NULL,NULL,NULL,NULL,NULL,NULL,NULL,NULL,NULL,NULL,NULL,NULL,'CUEVAS MAY LILIANA DEL CARMEN','9841577790','9841405333'),(72,'two71xu-wnfz-p6v5-18iy','q9m9y6a-80ca-jxr0-a5a1','714 B1','714 BASICA',NULL,NULL,NULL,NULL,NULL,NULL,NULL,NULL,NULL,NULL,NULL,NULL,NULL,NULL,NULL,NULL,NULL,NULL,'CUEVAS MAY LILIANA DEL CARMEN','9841577790','9841080292'),(73,'p5dhmxy-02rr-i30m-ywcr','q9m9y6a-80ca-jxr0-a5a1','719 C1','719 C1',NULL,NULL,NULL,NULL,NULL,NULL,NULL,NULL,NULL,NULL,NULL,NULL,NULL,NULL,NULL,NULL,NULL,NULL,'CUEVAS MAY LILIANA DEL CARMEN','9841577790','9841686119'),(74,'ld51tky-vxso-9dkw-td6o','q9m9y6a-80ca-jxr0-a5a1','712 B1','712 BASICA',NULL,NULL,NULL,NULL,NULL,NULL,NULL,NULL,NULL,NULL,NULL,NULL,NULL,NULL,NULL,NULL,NULL,NULL,'CUEVAS MAY LILIANA DEL CARMEN','9841577790','9841762710'),(75,'xmz8y58-8ewg-v5lw-kzq7','q9m9y6a-80ca-jxr0-a5a1','719 B1','719 BASICA',NULL,NULL,NULL,NULL,NULL,NULL,NULL,NULL,NULL,NULL,NULL,NULL,NULL,NULL,NULL,NULL,NULL,NULL,'CUEVAS MAY LILIANA DEL CARMEN','9841577790','9848067497'),(76,'u30x04d-npu4-y360-ltgz','q9m9y6a-80ca-jxr0-a5a1','713 C1','713 C1',NULL,NULL,NULL,NULL,NULL,NULL,NULL,NULL,NULL,NULL,NULL,NULL,NULL,NULL,NULL,NULL,NULL,NULL,'CUEVAS MAY LILIANA DEL CARMEN','9841577790','9841288026'),(77,'y6z2vs2-tx83-a9y8-s2iy','q9m9y6a-80ca-jxr0-a5a1','690 B1','690 BASICA',NULL,NULL,NULL,NULL,NULL,NULL,NULL,NULL,NULL,NULL,NULL,NULL,NULL,NULL,NULL,NULL,NULL,NULL,'CUEVAS MAY LILIANA DEL CARMEN','9841577790','9841404048'),(78,'igm7uys-ncxb-u03g-tud0','q9m9y6a-80ca-jxr0-a5a1','714 C1','714 C1',NULL,NULL,NULL,NULL,NULL,NULL,NULL,NULL,NULL,NULL,NULL,NULL,NULL,NULL,NULL,NULL,NULL,NULL,'CUEVAS MAY LILIANA DEL CARMEN','9841577790','9381707362'),(79,'bcq7b8n-kdt2-vuxv-t1pz','q9m9y6a-80ca-jxr0-a5a1','727 B1','727 BASICA',NULL,NULL,NULL,NULL,NULL,NULL,NULL,NULL,NULL,NULL,NULL,NULL,NULL,NULL,NULL,NULL,NULL,NULL,'DOMIGUEZ PALOMO JULISSA DEL CARMEN','9842119349','9841503095'),(80,'wgdz4zs-iptx-ypfh-1xue','q9m9y6a-80ca-jxr0-a5a1','911 B1','911 BASICA',NULL,NULL,NULL,NULL,NULL,NULL,NULL,NULL,NULL,NULL,NULL,NULL,NULL,NULL,NULL,NULL,NULL,NULL,'DOMIGUEZ PALOMO JULISSA DEL CARMEN','9842119349','9842047141'),(81,'m6ly22o-25aw-wixx-l1o2','q9m9y6a-80ca-jxr0-a5a1','720 C2','720 C2',NULL,NULL,NULL,NULL,NULL,NULL,NULL,NULL,NULL,NULL,NULL,NULL,NULL,NULL,NULL,NULL,NULL,NULL,'DOMIGUEZ PALOMO JULISSA DEL CARMEN','9842119349','9841775564'),(82,'0rkjaxt-7fnl-7te3-oohx','q9m9y6a-80ca-jxr0-a5a1','720 C1','720 C1',NULL,NULL,NULL,NULL,NULL,NULL,NULL,NULL,NULL,NULL,NULL,NULL,NULL,NULL,NULL,NULL,NULL,NULL,'DOMIGUEZ PALOMO JULISSA DEL CARMEN','9842119349','9841832784'),(83,'k5mz9ez-bzab-summ-ybm2','q9m9y6a-80ca-jxr0-a5a1','905 B1','905 BASICA',NULL,NULL,NULL,NULL,NULL,NULL,NULL,NULL,NULL,NULL,NULL,NULL,NULL,NULL,NULL,NULL,NULL,NULL,'DOMIGUEZ PALOMO JULISSA DEL CARMEN','9842119349','9841562044'),(84,'3ayimwt-4734-6hjj-gue6','q9m9y6a-80ca-jxr0-a5a1','720 B1','720 BASICA',NULL,NULL,NULL,NULL,NULL,NULL,NULL,NULL,NULL,NULL,NULL,NULL,NULL,NULL,NULL,NULL,NULL,NULL,'DOMIGUEZ PALOMO JULISSA DEL CARMEN','9842119349','9841586094'),(85,'iowpuny-h2ih-e8pr-knvu','q9m9y6a-80ca-jxr0-a5a1','908 B1','908 BASICA',NULL,NULL,NULL,NULL,NULL,NULL,NULL,NULL,NULL,NULL,NULL,NULL,NULL,NULL,NULL,NULL,NULL,NULL,'DOMIGUEZ PALOMO JULISSA DEL CARMEN','9842119349','9842358801'),(86,'8bynu94-w4zm-pzae-tl04','q9m9y6a-80ca-jxr0-a5a1','727 C1','727 C1',NULL,NULL,NULL,NULL,NULL,NULL,NULL,NULL,NULL,NULL,NULL,NULL,NULL,NULL,NULL,NULL,NULL,NULL,'DOMIGUEZ PALOMO JULISSA DEL CARMEN','9842119349','9841330750'),(87,'11ygj18-f70g-x7vs-dx1k','q9m9y6a-80ca-jxr0-a5a1','728 B1','728 BASICA',NULL,NULL,NULL,NULL,NULL,NULL,NULL,NULL,NULL,NULL,NULL,NULL,NULL,NULL,NULL,NULL,NULL,NULL,'DOMIGUEZ PALOMO JULISSA DEL CARMEN','9842119349','9841984803'),(88,'7csdt3x-czhn-49fr-185x','q9m9y6a-80ca-jxr0-a5a1','669 C1','669 C1',NULL,NULL,NULL,NULL,NULL,NULL,NULL,NULL,NULL,NULL,NULL,NULL,NULL,NULL,NULL,NULL,NULL,NULL,'ESTRADA MEJIA DAVID ANTONIO','9842791663','9841766124'),(89,'nks1jk1-gct5-fjzt-3xh1','q9m9y6a-80ca-jxr0-a5a1','678 B1','678 BASICA',NULL,NULL,NULL,NULL,NULL,NULL,NULL,NULL,NULL,NULL,NULL,NULL,NULL,NULL,NULL,NULL,NULL,NULL,'ESTRADA MEJIA DAVID ANTONIO','9842791663','9841812275'),(90,'fd0vyfs-n7jg-fvhr-ufr2','q9m9y6a-80ca-jxr0-a5a1','669 B1','669 BASICA',NULL,NULL,NULL,NULL,NULL,NULL,NULL,NULL,NULL,NULL,NULL,NULL,NULL,NULL,NULL,NULL,NULL,NULL,'ESTRADA MEJIA DAVID ANTONIO','9842791663','9842155914'),(91,'ufwsroo-0gl7-7tvp-lajo','q9m9y6a-80ca-jxr0-a5a1','678 C1','678 C1',NULL,NULL,NULL,NULL,NULL,NULL,NULL,NULL,NULL,NULL,NULL,NULL,NULL,NULL,NULL,NULL,NULL,NULL,'ESTRADA MEJIA DAVID ANTONIO','9842791663','9842022338'),(92,'ms4zzsa-6saa-0cux-ie9o','q9m9y6a-80ca-jxr0-a5a1','668 B1','668 BASICA',NULL,NULL,NULL,NULL,NULL,NULL,NULL,NULL,NULL,NULL,NULL,NULL,NULL,NULL,NULL,NULL,NULL,NULL,'ESTRADA MEJIA DAVID ANTONIO','9842791663','9841317651'),(93,'gphopzo-iq8f-j2os-4nwk','q9m9y6a-80ca-jxr0-a5a1','671 B1','671 BASICA',NULL,NULL,NULL,NULL,NULL,NULL,NULL,NULL,NULL,NULL,NULL,NULL,NULL,NULL,NULL,NULL,NULL,NULL,'ESTRADA MEJIA DAVID ANTONIO','9842791663','9841144193'),(94,'2hdjog5-sish-ct30-c1du','q9m9y6a-80ca-jxr0-a5a1','671 C1','671 C1',NULL,NULL,NULL,NULL,NULL,NULL,NULL,NULL,NULL,NULL,NULL,NULL,NULL,NULL,NULL,NULL,NULL,NULL,'ESTRADA MEJIA DAVID ANTONIO','9842791663','9841287590'),(95,'91uwcsk-ze2g-aru7-zc1b','q9m9y6a-80ca-jxr0-a5a1','679 C1','679 C1',NULL,NULL,NULL,NULL,NULL,NULL,NULL,NULL,NULL,NULL,NULL,NULL,NULL,NULL,NULL,NULL,NULL,NULL,'ESTRADA MEJIA DAVID ANTONIO','9842791663','9841794519'),(96,'nyq0h20-zdyw-8wqb-bdut','q9m9y6a-80ca-jxr0-a5a1','679 B1','679 BASICA',NULL,NULL,NULL,NULL,NULL,NULL,NULL,NULL,NULL,NULL,NULL,NULL,NULL,NULL,NULL,NULL,NULL,NULL,'ESTRADA MEJIA DAVID ANTONIO','9842791663','9841868101'),(97,'p2ulcwk-4txy-4oun-zua5','q9m9y6a-80ca-jxr0-a5a1','668 C1','668 C1',NULL,NULL,NULL,NULL,NULL,NULL,NULL,NULL,NULL,NULL,NULL,NULL,NULL,NULL,NULL,NULL,NULL,NULL,'ESTRADA MEJIA DAVID ANTONIO','9842791663','9841330986'),(98,'y35p587-blwl-vefk-cjmk','q9m9y6a-80ca-jxr0-a5a1','913 B1','913 BASICA',NULL,NULL,NULL,NULL,NULL,NULL,NULL,NULL,NULL,NULL,NULL,NULL,NULL,NULL,NULL,NULL,NULL,NULL,'FLORES TREJO MIGUEL ANGEL','9841171994','9841645139'),(99,'dl7k5i2-jlxo-8i5u-a9yz','q9m9y6a-80ca-jxr0-a5a1','919 B1','919 BASICA',NULL,NULL,NULL,NULL,NULL,NULL,NULL,NULL,NULL,NULL,NULL,NULL,NULL,NULL,NULL,NULL,NULL,NULL,'FLORES TREJO MIGUEL ANGEL','9841171994','9841322215'),(100,'zovk4hy-52ru-740t-wv1f','q9m9y6a-80ca-jxr0-a5a1','917 B1','917 BASICA',NULL,NULL,NULL,NULL,NULL,NULL,NULL,NULL,NULL,NULL,NULL,NULL,NULL,NULL,NULL,NULL,NULL,NULL,'FLORES TREJO MIGUEL ANGEL','9841171994','9841068649'),(101,'yzd7m7l-1a23-9dhe-hfn3','q9m9y6a-80ca-jxr0-a5a1','922 B1','922 BASICA',NULL,NULL,NULL,NULL,NULL,NULL,NULL,NULL,NULL,NULL,NULL,NULL,NULL,NULL,NULL,NULL,NULL,NULL,'FLORES TREJO MIGUEL ANGEL','9841171994','9841448218'),(102,'7onq1m6-gbn2-xz59-0vy2','q9m9y6a-80ca-jxr0-a5a1','921 B1','921 BASICA',NULL,NULL,NULL,NULL,NULL,NULL,NULL,NULL,NULL,NULL,NULL,NULL,NULL,NULL,NULL,NULL,NULL,NULL,'FLORES TREJO MIGUEL ANGEL','9841171994','9841172480'),(103,'j5vqaa3-vid3-27om-e6vo','ux142w9-ntsb-3o8f-pedv','920 ESPECIAL','920 ESPECIAL',NULL,NULL,NULL,NULL,NULL,NULL,NULL,NULL,NULL,NULL,NULL,NULL,NULL,NULL,NULL,NULL,NULL,NULL,'FLORES TREJO MIGUEL ANGEL','9841171994','9841365653'),(104,'8un4khf-g13n-wi6t-3ku9','ux142w9-ntsb-3o8f-pedv','920 B1','920 BASICA',NULL,NULL,NULL,NULL,NULL,NULL,NULL,NULL,NULL,NULL,NULL,NULL,NULL,NULL,NULL,NULL,NULL,NULL,'FLORES TREJO MIGUEL ANGEL','9841171994','9842130304'),(105,'whpjuou-fjec-mf4m-cnxk','ux142w9-ntsb-3o8f-pedv','916 B1','916 BASICA',NULL,NULL,NULL,NULL,NULL,NULL,NULL,NULL,NULL,NULL,NULL,NULL,NULL,NULL,NULL,NULL,NULL,NULL,'FLORES TREJO MIGUEL ANGEL','9841171994','9841822541'),(106,'bs7lwme-ynxl-pmq0-lebz','ux142w9-ntsb-3o8f-pedv','907 B1','907 BASICA',NULL,NULL,NULL,NULL,NULL,NULL,NULL,NULL,NULL,NULL,NULL,NULL,NULL,NULL,NULL,NULL,NULL,NULL,'FLORES TREJO MIGUEL ANGEL','9841171994','9841054988'),(107,'o3606lt-smbp-jaf8-s9du','ux142w9-ntsb-3o8f-pedv','918 B1','918 BASICA',NULL,NULL,NULL,NULL,NULL,NULL,NULL,NULL,NULL,NULL,NULL,NULL,NULL,NULL,NULL,NULL,NULL,NULL,'FLORES TREJO MIGUEL ANGEL','9841171994','9841775369'),(108,'zoxhmu7-b9gd-44ap-3dg2','ux142w9-ntsb-3o8f-pedv','744 B1','744 BASICA',NULL,NULL,NULL,NULL,NULL,NULL,NULL,NULL,NULL,NULL,NULL,NULL,NULL,NULL,NULL,NULL,NULL,NULL,'FLOTA NUÑEZ NANCY ARACELLY','9841209585','9841323964'),(109,'oou9r41-1cnv-fdj9-pm7v','ux142w9-ntsb-3o8f-pedv','745 B1','745 BASICA',NULL,NULL,NULL,NULL,NULL,NULL,NULL,NULL,NULL,NULL,NULL,NULL,NULL,NULL,NULL,NULL,NULL,NULL,'FLOTA NUÑEZ NANCY ARACELLY','9841209585','9841327748'),(110,'mvi3yij-9nj7-9njk-og0m','ux142w9-ntsb-3o8f-pedv','743 B1','743 BASICA',NULL,NULL,NULL,NULL,NULL,NULL,NULL,NULL,NULL,NULL,NULL,NULL,NULL,NULL,NULL,NULL,NULL,NULL,'FLOTA NUÑEZ NANCY ARACELLY','9841209585','9848018537'),(111,'z9v41r5-fhvz-eg1y-578u','ux142w9-ntsb-3o8f-pedv','745 C1','745 C1',NULL,NULL,NULL,NULL,NULL,NULL,NULL,NULL,NULL,NULL,NULL,NULL,NULL,NULL,NULL,NULL,NULL,NULL,'FLOTA NUÑEZ NANCY ARACELLY','9841209585','9841698979'),(112,'6hr8m5r-ezbo-dvrh-4apw','ux142w9-ntsb-3o8f-pedv','748 B1','748 BASICA',NULL,NULL,NULL,NULL,NULL,NULL,NULL,NULL,NULL,NULL,NULL,NULL,NULL,NULL,NULL,NULL,NULL,NULL,'FLOTA NUÑEZ NANCY ARACELLY','9841209585','9842026382'),(113,'vvl42hs-seli-qz65-do41','ux142w9-ntsb-3o8f-pedv','746 C1','746 C1',NULL,NULL,NULL,NULL,NULL,NULL,NULL,NULL,NULL,NULL,NULL,NULL,NULL,NULL,NULL,NULL,NULL,NULL,'FLOTA NUÑEZ NANCY ARACELLY','9841209585','9842181182'),(114,'4u5cdwl-7kia-hlvy-j51s','ux142w9-ntsb-3o8f-pedv','746 B1','746 BASICA',NULL,NULL,NULL,NULL,NULL,NULL,NULL,NULL,NULL,NULL,NULL,NULL,NULL,NULL,NULL,NULL,NULL,NULL,'FLOTA NUÑEZ NANCY ARACELLY','9841209585','9841825467'),(115,'u8ufkvd-df5q-ibex-g88n','ux142w9-ntsb-3o8f-pedv','748 C1','748 C1',NULL,NULL,NULL,NULL,NULL,NULL,NULL,NULL,NULL,NULL,NULL,NULL,NULL,NULL,NULL,NULL,NULL,NULL,'FLOTA NUÑEZ NANCY ARACELLY','9841209585','9841089020'),(116,'1a8rxvn-nbzn-kq9o-lqha','ux142w9-ntsb-3o8f-pedv','747 B1','747 BASICA',NULL,NULL,NULL,NULL,NULL,NULL,NULL,NULL,NULL,NULL,NULL,NULL,NULL,NULL,NULL,NULL,NULL,NULL,'FLOTA NUÑEZ NANCY ARACELLY','9841209585','9841641188'),(117,'u2a66hq-knw9-2y71-jwj1','ux142w9-ntsb-3o8f-pedv','906 B1','906 BASICA',NULL,NULL,NULL,NULL,NULL,NULL,NULL,NULL,NULL,NULL,NULL,NULL,NULL,NULL,NULL,NULL,NULL,NULL,'GARCIA DEL VALLE LUZ MARIA','9841171430','9841125350'),(118,'0kxjdpk-vedj-7edy-zu86','ux142w9-ntsb-3o8f-pedv','912 B1','912 BASICA',NULL,NULL,NULL,NULL,NULL,NULL,NULL,NULL,NULL,NULL,NULL,NULL,NULL,NULL,NULL,NULL,NULL,NULL,'GARCIA DEL VALLE LUZ MARIA','9841171430','9841989354'),(119,'07ov3q7-rm24-y896-99ds','ux142w9-ntsb-3o8f-pedv','898 B1','898 BASICA',NULL,NULL,NULL,NULL,NULL,NULL,NULL,NULL,NULL,NULL,NULL,NULL,NULL,NULL,NULL,NULL,NULL,NULL,'GARCIA DEL VALLE LUZ MARIA','9841171430','9842476575'),(120,'favfcet-x48q-6gyt-hu3k','ux142w9-ntsb-3o8f-pedv','735 B1','735 BASICA',NULL,NULL,NULL,NULL,NULL,NULL,NULL,NULL,NULL,NULL,NULL,NULL,NULL,NULL,NULL,NULL,NULL,NULL,'GARCIA DEL VALLE LUZ MARIA','9841171430','9841441126'),(121,'cogw2lx-4wgc-ui30-z6n4','ux142w9-ntsb-3o8f-pedv','736 B1','736 BASICA',NULL,NULL,NULL,NULL,NULL,NULL,NULL,NULL,NULL,NULL,NULL,NULL,NULL,NULL,NULL,NULL,NULL,NULL,'GARCIA DEL VALLE LUZ MARIA','9841171430','9841643586'),(122,'96hiwxd-lpan-9iqp-v959','ux142w9-ntsb-3o8f-pedv','736 C1','736 C1',NULL,NULL,NULL,NULL,NULL,NULL,NULL,NULL,NULL,NULL,NULL,NULL,NULL,NULL,NULL,NULL,NULL,NULL,'GARCIA DEL VALLE LUZ MARIA','9841171430','9841138437'),(123,'wc3n9ca-8iso-nyhc-0psz','ux142w9-ntsb-3o8f-pedv','734 C1','734 C1',NULL,NULL,NULL,NULL,NULL,NULL,NULL,NULL,NULL,NULL,NULL,NULL,NULL,NULL,NULL,NULL,NULL,NULL,'GARCIA DEL VALLE LUZ MARIA','9841171430','9841456635'),(124,'11zdn7q-1dbf-y1l9-qib5','ux142w9-ntsb-3o8f-pedv','901 B1','901 BASICA',NULL,NULL,NULL,NULL,NULL,NULL,NULL,NULL,NULL,NULL,NULL,NULL,NULL,NULL,NULL,NULL,NULL,NULL,'GARCIA DEL VALLE LUZ MARIA','9841171430','5566058081'),(125,'uf7htb3-d4xh-h1jl-t754','ux142w9-ntsb-3o8f-pedv','734 B1','734 BASICA',NULL,NULL,NULL,NULL,NULL,NULL,NULL,NULL,NULL,NULL,NULL,NULL,NULL,NULL,NULL,NULL,NULL,NULL,'GARCIA DEL VALLE LUZ MARIA','9841171430','9841160703'),(126,'0k2xcd8-qxhc-0u2f-fao8','ux142w9-ntsb-3o8f-pedv','904 B1','904 BASICA',NULL,NULL,NULL,NULL,NULL,NULL,NULL,NULL,NULL,NULL,NULL,NULL,NULL,NULL,NULL,NULL,NULL,NULL,'GARCIA DEL VALLE LUZ MARIA','9841171430','9841877253'),(127,'139jgf9-g6oo-h00d-nyxk','ux142w9-ntsb-3o8f-pedv','673 C1','673 C1',NULL,NULL,NULL,NULL,NULL,NULL,NULL,NULL,NULL,NULL,NULL,NULL,NULL,NULL,NULL,NULL,NULL,NULL,'GARCIA ORTIZ MARIA DEL CARMEN','9841278035','9842343686'),(128,'bi8r9q2-tfkk-7a6p-ai2q','ux142w9-ntsb-3o8f-pedv','675 B1','675 BASICA',NULL,NULL,NULL,NULL,NULL,NULL,NULL,NULL,NULL,NULL,NULL,NULL,NULL,NULL,NULL,NULL,NULL,NULL,'GARCIA ORTIZ MARIA DEL CARMEN','9841278035','9842788785'),(129,'oy3rxn2-eg5t-eldi-iuj5','ux142w9-ntsb-3o8f-pedv','675 C2','675 C2',NULL,NULL,NULL,NULL,NULL,NULL,NULL,NULL,NULL,NULL,NULL,NULL,NULL,NULL,NULL,NULL,NULL,NULL,'GARCIA ORTIZ MARIA DEL CARMEN','9841278035','9371051293'),(130,'derl30n-rvb1-2hlg-kqfu','ux142w9-ntsb-3o8f-pedv','675 C3','675 C3',NULL,NULL,NULL,NULL,NULL,NULL,NULL,NULL,NULL,NULL,NULL,NULL,NULL,NULL,NULL,NULL,NULL,NULL,'GARCIA ORTIZ MARIA DEL CARMEN','9841278035','9841683610'),(131,'g0kbebh-m7a2-djun-k9yo','ux142w9-ntsb-3o8f-pedv','675 C1','675 C1',NULL,NULL,NULL,NULL,NULL,NULL,NULL,NULL,NULL,NULL,NULL,NULL,NULL,1,1,NULL,'astrix\ntalamasca\npsysex\ngms',NULL,'GARCIA ORTIZ MARIA DEL CARMEN','9841278035','5520952173'),(132,'10zpu3r-523v-d51n-6mfg','ux142w9-ntsb-3o8f-pedv','673 B1','673 BASICA',NULL,NULL,NULL,NULL,NULL,NULL,NULL,NULL,NULL,NULL,NULL,NULL,NULL,NULL,NULL,NULL,NULL,NULL,'GARCIA ORTIZ MARIA DEL CARMEN','9841278035','9841139621'),(133,'2sx657m-2pgz-ydi5-gj4u','ux142w9-ntsb-3o8f-pedv','672 B1','672 BASICA',NULL,NULL,NULL,NULL,NULL,NULL,NULL,NULL,NULL,NULL,NULL,NULL,NULL,NULL,NULL,NULL,NULL,NULL,'GARCIA ORTIZ MARIA DEL CARMEN','9841278035','9842540616'),(134,'64bl0sy-2q50-v7iv-2wi3','ux142w9-ntsb-3o8f-pedv','672 C1','672 C1',NULL,NULL,NULL,NULL,NULL,NULL,NULL,NULL,NULL,NULL,NULL,NULL,NULL,NULL,NULL,NULL,NULL,NULL,'GARCIA ORTIZ MARIA DEL CARMEN','9841278035','9842540616'),(135,'fml36pg-c24k-z2zw-006i','ux142w9-ntsb-3o8f-pedv','708 C1','708 C1',NULL,NULL,NULL,NULL,NULL,NULL,NULL,NULL,NULL,NULL,NULL,NULL,NULL,NULL,NULL,NULL,NULL,NULL,'GARCIA TREJO MARCO ANTONIO','9841810478','9841271755'),(136,'4ccc2eb-spts-7ij6-imlw','ux142w9-ntsb-3o8f-pedv','729 C1','729 C1',NULL,NULL,NULL,NULL,NULL,NULL,NULL,NULL,NULL,NULL,NULL,NULL,NULL,NULL,NULL,NULL,NULL,NULL,'GARCIA TREJO MARCO ANTONIO','9841810478','5532879642'),(137,'emf1y06-93yx-8unh-n7b7','3p8mnta-hcvg-vk2f-ki95','729 B1','729 BASICA',NULL,NULL,NULL,NULL,NULL,NULL,NULL,NULL,NULL,NULL,NULL,NULL,NULL,NULL,NULL,NULL,NULL,NULL,'GARCIA TREJO MARCO ANTONIO','9841810478','5544854809'),(138,'a1admtd-2yem-666f-erfr','3p8mnta-hcvg-vk2f-ki95','737 C1','737 C1',NULL,NULL,NULL,NULL,NULL,NULL,NULL,NULL,NULL,NULL,NULL,NULL,NULL,NULL,NULL,NULL,NULL,NULL,'GARCIA TREJO MARCO ANTONIO','9841810478','9842351239'),(139,'zzp0bqn-7nsj-lzco-l3i5','3p8mnta-hcvg-vk2f-ki95','737 B1','737 BASICA',NULL,NULL,NULL,NULL,NULL,NULL,NULL,NULL,NULL,NULL,NULL,NULL,NULL,NULL,NULL,NULL,NULL,NULL,'GARCIA TREJO MARCO ANTONIO','9841810478','9841067890'),(140,'4n60ocq-8c4f-slo2-lly0','3p8mnta-hcvg-vk2f-ki95','725 C1','725 C1',NULL,NULL,NULL,NULL,NULL,NULL,NULL,NULL,NULL,NULL,NULL,NULL,NULL,NULL,NULL,NULL,NULL,NULL,'GARCIA TREJO MARCO ANTONIO','9841810478','9841126367'),(141,'23ryg8x-psqr-d2hp-zve9','3p8mnta-hcvg-vk2f-ki95','708 B1','708 BASICA',NULL,NULL,NULL,NULL,NULL,NULL,NULL,NULL,NULL,NULL,NULL,NULL,NULL,NULL,NULL,NULL,NULL,NULL,'GARCIA TREJO MARCO ANTONIO','9841810478','9841205354'),(142,'3lvb2k6-lg4l-b9dl-7na7','3p8mnta-hcvg-vk2f-ki95','725 B1','725 BASICA',NULL,NULL,NULL,NULL,NULL,NULL,NULL,NULL,NULL,NULL,NULL,NULL,NULL,NULL,NULL,NULL,NULL,NULL,'GARCIA TREJO MARCO ANTONIO','9841810478','9841084034'),(143,'ofxg184-2xvc-gwi2-cm0j','3p8mnta-hcvg-vk2f-ki95','725 C2','725 C2',NULL,NULL,NULL,NULL,NULL,NULL,NULL,NULL,NULL,NULL,NULL,NULL,NULL,NULL,NULL,NULL,NULL,NULL,'GARCIA TREJO MARCO ANTONIO','9841810478','9841644378'),(144,'dbolg27-8rjp-fors-6jp7','3p8mnta-hcvg-vk2f-ki95','729 C2','729 C2',NULL,NULL,NULL,NULL,NULL,NULL,NULL,NULL,NULL,NULL,NULL,NULL,NULL,NULL,NULL,NULL,NULL,NULL,'GARCIA TREJO MARCO ANTONIO','9841810478','9842048180'),(145,'374c26w-8kft-2b8a-tqsr','3p8mnta-hcvg-vk2f-ki95','695 B1','695 BASICA',NULL,NULL,NULL,NULL,NULL,NULL,NULL,NULL,NULL,NULL,NULL,NULL,NULL,NULL,NULL,NULL,NULL,NULL,'GOMEZ VALDERRABANO FRACISCO','9841799826','9841347480'),(146,'77ddekr-6ijo-pc3q-r57f','3p8mnta-hcvg-vk2f-ki95','697 C1','697 C1',NULL,NULL,NULL,NULL,NULL,NULL,NULL,NULL,NULL,NULL,NULL,NULL,NULL,NULL,NULL,NULL,NULL,NULL,'GOMEZ VALDERRABANO FRACISCO','9841799826','9841291078'),(147,'37kj4bm-m3er-whml-yu34','3p8mnta-hcvg-vk2f-ki95','697 B1','697 BASICA',NULL,NULL,NULL,NULL,NULL,NULL,NULL,NULL,NULL,NULL,NULL,NULL,NULL,NULL,NULL,NULL,NULL,NULL,'GOMEZ VALDERRABANO FRACISCO','9841799826','9841631215'),(148,'i5cujgo-fsu2-ot0m-lr2g','3p8mnta-hcvg-vk2f-ki95','698 B1','698 BASICA',NULL,NULL,NULL,NULL,NULL,NULL,NULL,NULL,NULL,NULL,NULL,NULL,NULL,NULL,NULL,NULL,NULL,NULL,'GOMEZ VALDERRABANO FRACISCO','9841799826','9842280473'),(149,'1yfgjmz-0tzx-ndn5-nvof','3p8mnta-hcvg-vk2f-ki95','700 B1','700 BASICA',NULL,NULL,NULL,NULL,NULL,NULL,NULL,NULL,NULL,NULL,NULL,NULL,NULL,NULL,NULL,NULL,NULL,NULL,'GOMEZ VALDERRABANO FRACISCO','9841799826','9841644606'),(150,'vv62kt5-fo7z-9uo2-tq8l','3p8mnta-hcvg-vk2f-ki95','700 C1','700 C1',NULL,NULL,NULL,NULL,NULL,NULL,NULL,NULL,NULL,NULL,NULL,NULL,NULL,NULL,NULL,NULL,NULL,NULL,'GOMEZ VALDERRABANO FRACISCO','9841799826','9841414745'),(151,'xoz4ymd-sa0j-hwa8-ff2m','3p8mnta-hcvg-vk2f-ki95','695 C1','695 C1',NULL,NULL,NULL,NULL,NULL,NULL,NULL,NULL,NULL,NULL,NULL,NULL,NULL,NULL,NULL,NULL,NULL,NULL,'GOMEZ VALDERRABANO FRACISCO','9841799826','9841853005'),(152,'0zvft39-k6fs-gcjm-7hzi','3p8mnta-hcvg-vk2f-ki95','696 C1','696 C1',NULL,NULL,NULL,NULL,NULL,NULL,NULL,NULL,NULL,NULL,NULL,NULL,NULL,NULL,NULL,NULL,NULL,NULL,'GOMEZ VALDERRABANO FRACISCO','9841799826','9841568772'),(153,'vdgo5d1-sl7k-ocht-bknh','3p8mnta-hcvg-vk2f-ki95','696 B1','696 BASICA',NULL,NULL,NULL,NULL,NULL,NULL,NULL,NULL,NULL,NULL,NULL,NULL,NULL,NULL,NULL,NULL,NULL,NULL,'GOMEZ VALDERRABANO FRACISCO','9841799826','9842142706'),(154,'hhdevum-iy8r-lw7u-uy89','3p8mnta-hcvg-vk2f-ki95','698 C1','698 C1',NULL,NULL,NULL,NULL,NULL,NULL,NULL,NULL,NULL,NULL,NULL,NULL,NULL,NULL,NULL,NULL,NULL,NULL,'GOMEZ VALDERRABANO FRACISCO','9841799826','9841340552'),(155,'e1l5x3j-ulz1-onj7-0c7s','3p8mnta-hcvg-vk2f-ki95','739 B1','739 BASICA',NULL,NULL,NULL,NULL,NULL,NULL,NULL,NULL,NULL,NULL,NULL,NULL,NULL,NULL,NULL,NULL,NULL,NULL,'GONGORA REJON CARLOS','9841838201','9841424131'),(156,'f7kv7tn-404h-rve4-bwu1','3p8mnta-hcvg-vk2f-ki95','910 B1','910 BASICA',NULL,NULL,NULL,NULL,NULL,NULL,NULL,NULL,NULL,NULL,NULL,NULL,NULL,NULL,NULL,NULL,NULL,NULL,'GONGORA REJON CARLOS','9841838201','9841851860'),(157,'qbnnfvg-q1fa-nu8h-s8hv','3p8mnta-hcvg-vk2f-ki95','740 B1','740 BASICA',NULL,NULL,NULL,NULL,NULL,NULL,NULL,NULL,NULL,NULL,NULL,NULL,NULL,NULL,NULL,NULL,NULL,NULL,'GONGORA REJON CARLOS','9841838201','9842181100'),(158,'bpfdicf-bjj6-tqzu-ot54','3p8mnta-hcvg-vk2f-ki95','914 B1','914 BASICA',NULL,NULL,NULL,NULL,NULL,NULL,NULL,NULL,NULL,NULL,NULL,NULL,NULL,NULL,NULL,NULL,NULL,NULL,'GONGORA REJON CARLOS','9841838201','9842385952'),(159,'qwxbb0x-q0kn-qz5c-7car','3p8mnta-hcvg-vk2f-ki95','741 B1','741 BASICA',NULL,NULL,NULL,NULL,NULL,NULL,NULL,NULL,NULL,NULL,NULL,NULL,NULL,NULL,NULL,NULL,NULL,NULL,'GONGORA REJON CARLOS','9841838201','9841162021'),(160,'uk38a1p-4ma1-1k5h-sl1j','3p8mnta-hcvg-vk2f-ki95','741 C1','741 C1',NULL,NULL,NULL,NULL,NULL,NULL,NULL,NULL,NULL,NULL,NULL,NULL,NULL,NULL,NULL,NULL,NULL,NULL,'GONGORA REJON CARLOS','9841838201','9848062862'),(161,'gba2oc1-tdya-taoc-1vek','3p8mnta-hcvg-vk2f-ki95','738 B1','738 BASICA',NULL,NULL,NULL,NULL,NULL,NULL,NULL,NULL,NULL,NULL,NULL,NULL,NULL,NULL,NULL,NULL,NULL,NULL,'GONGORA REJON CARLOS','9841838201','9842533594'),(162,'27hlqb7-uwxf-b7ya-59wz','3p8mnta-hcvg-vk2f-ki95','915 B1','915 BASICA',NULL,NULL,NULL,NULL,NULL,NULL,NULL,NULL,NULL,NULL,NULL,NULL,NULL,NULL,NULL,NULL,NULL,NULL,'GONGORA REJON CARLOS','9841838201','9841739322'),(163,'7r8mytp-tr8e-5iy9-b60j','3p8mnta-hcvg-vk2f-ki95','738 C1','738 C1',NULL,NULL,NULL,NULL,NULL,NULL,NULL,NULL,NULL,NULL,NULL,NULL,NULL,NULL,NULL,NULL,NULL,NULL,'GONGORA REJON CARLOS','9841838201','9841683992'),(164,'gahu6e8-mn6w-a1vz-il3v','3p8mnta-hcvg-vk2f-ki95','740 C1','740 C1',NULL,NULL,NULL,NULL,NULL,NULL,NULL,NULL,NULL,NULL,NULL,NULL,NULL,NULL,NULL,NULL,NULL,NULL,'GONGORA REJON CARLOS','9841838201','9841072825'),(165,'7xw760z-v8q5-qvyo-v01g','3p8mnta-hcvg-vk2f-ki95','880 B1','880 BASICA',NULL,NULL,NULL,NULL,NULL,NULL,NULL,NULL,NULL,NULL,NULL,NULL,NULL,NULL,NULL,NULL,NULL,NULL,'HERNANDEZ CASTRO GEORGINA','9841512948','9841871667'),(166,'1rj79sx-zk2r-rsed-x9ro','3p8mnta-hcvg-vk2f-ki95','879 B1','879 BASICA',NULL,NULL,NULL,NULL,NULL,NULL,NULL,NULL,NULL,NULL,NULL,NULL,NULL,NULL,NULL,NULL,NULL,NULL,'HERNANDEZ CASTRO GEORGINA','9841512948','9841772709'),(167,'ro4zb91-sutp-9iau-ehg3','3p8mnta-hcvg-vk2f-ki95','880 C1','880 C1',NULL,NULL,NULL,NULL,NULL,NULL,NULL,NULL,NULL,NULL,NULL,NULL,NULL,NULL,NULL,NULL,NULL,NULL,'HERNANDEZ CASTRO GEORGINA','9841512948','9841698458'),(168,'t7xaosx-z48y-6wo2-6k49','3p8mnta-hcvg-vk2f-ki95','884 C1','884 C1',NULL,NULL,NULL,NULL,NULL,NULL,NULL,NULL,NULL,NULL,NULL,NULL,NULL,NULL,NULL,NULL,NULL,NULL,'HERNANDEZ CASTRO GEORGINA','9841512948','9841509085'),(169,'qknbul6-c4wj-beij-vw3c','3p8mnta-hcvg-vk2f-ki95','879 C1','879 C1',NULL,NULL,NULL,NULL,NULL,NULL,NULL,NULL,NULL,NULL,NULL,NULL,NULL,NULL,NULL,NULL,NULL,NULL,'HERNANDEZ CASTRO GEORGINA','9841512948','9841976033'),(170,'6ytdqes-q0cl-emv3-cnwv','3p8mnta-hcvg-vk2f-ki95','886 B1','886 BASICA',NULL,NULL,NULL,NULL,NULL,NULL,NULL,NULL,NULL,NULL,NULL,NULL,NULL,NULL,NULL,NULL,NULL,NULL,'HERNANDEZ CASTRO GEORGINA','9841512948','9842147182'),(171,'awhzf4j-l5mj-wojt-whx4','5on6r62-piru-9g8u-jppx','882 C1','882 C1',NULL,NULL,NULL,NULL,NULL,NULL,NULL,NULL,NULL,NULL,NULL,NULL,NULL,NULL,NULL,NULL,NULL,NULL,'HERNANDEZ CASTRO GEORGINA','9841512948','9842343652'),(172,'8co9q8o-aaqz-stz6-k6pz','5on6r62-piru-9g8u-jppx','882 B1','882 BASICA',NULL,NULL,NULL,NULL,NULL,NULL,NULL,NULL,NULL,NULL,NULL,NULL,NULL,NULL,NULL,NULL,NULL,NULL,'HERNANDEZ CASTRO GEORGINA','9841512948','9841392084'),(173,'ayvmgsc-c6sf-bty6-bwb4','5on6r62-piru-9g8u-jppx','884 B1','884 BASICA',NULL,NULL,NULL,NULL,NULL,NULL,NULL,NULL,NULL,NULL,NULL,NULL,NULL,NULL,NULL,NULL,NULL,NULL,'HERNANDEZ CASTRO GEORGINA','9841512948','9842478657'),(174,'ty96qlt-c5t8-jheu-492v','5on6r62-piru-9g8u-jppx','886 C1','886 C1',NULL,NULL,NULL,NULL,NULL,NULL,NULL,NULL,NULL,NULL,NULL,NULL,NULL,NULL,NULL,NULL,NULL,NULL,'HERNANDEZ CASTRO GEORGINA','9841512948','9831095819'),(175,'i68ofn3-brsk-qron-1jy6','5on6r62-piru-9g8u-jppx','769 C1','769 C1',NULL,NULL,NULL,NULL,NULL,NULL,NULL,NULL,NULL,NULL,NULL,NULL,NULL,NULL,NULL,NULL,NULL,NULL,'HOY CHIMAL JESUS EMMANUEL','9848762448','9841294606'),(176,'33k6nvw-t4qz-i1t7-2259','5on6r62-piru-9g8u-jppx','770 B1','770 BASICA',NULL,NULL,NULL,NULL,NULL,NULL,NULL,NULL,NULL,NULL,NULL,NULL,NULL,NULL,NULL,NULL,NULL,NULL,'HOY CHIMAL JESUS EMMANUEL','9848762448','9841865276'),(177,'5ya2b1h-z7gg-ny8x-mck9','5on6r62-piru-9g8u-jppx','771 B1','771 BASICA',NULL,NULL,NULL,NULL,NULL,NULL,NULL,NULL,NULL,NULL,NULL,NULL,NULL,NULL,NULL,NULL,NULL,NULL,'HOY CHIMAL JESUS EMMANUEL','9848762448','9841508422'),(178,'mu9ozc9-4ctr-kwoj-ke5j','5on6r62-piru-9g8u-jppx','767 C2','767 C2',NULL,NULL,NULL,NULL,NULL,NULL,NULL,NULL,NULL,NULL,NULL,NULL,NULL,NULL,NULL,NULL,NULL,NULL,'HOY CHIMAL JESUS EMMANUEL','9848762448','9842057591'),(179,'pqi1fg4-w02g-y4fx-0sm2','5on6r62-piru-9g8u-jppx','767 B1','767 BASICA',NULL,NULL,NULL,NULL,NULL,NULL,NULL,NULL,NULL,NULL,NULL,NULL,NULL,NULL,NULL,NULL,NULL,NULL,'HOY CHIMAL JESUS EMMANUEL','9848762448','9841658905'),(180,'laywxxd-umn1-nnhj-41nx','5on6r62-piru-9g8u-jppx','769 B1','769 BASICA',NULL,NULL,NULL,NULL,NULL,NULL,NULL,NULL,NULL,NULL,NULL,NULL,NULL,NULL,NULL,NULL,NULL,NULL,'HOY CHIMAL JESUS EMMANUEL','9848762448','9848040836'),(181,'ktse4k3-14yr-zqfh-0129','5on6r62-piru-9g8u-jppx','767 C1','767 C1',NULL,NULL,NULL,NULL,NULL,NULL,NULL,NULL,NULL,NULL,NULL,NULL,NULL,NULL,NULL,NULL,NULL,NULL,'HOY CHIMAL JESUS EMMANUEL','9848762448','9841851465'),(182,'3hyv9ky-m1o1-6x04-51ia','5on6r62-piru-9g8u-jppx','770 C1','770 C1',NULL,NULL,NULL,NULL,NULL,NULL,NULL,NULL,NULL,NULL,NULL,NULL,NULL,NULL,NULL,NULL,NULL,NULL,'HOY CHIMAL JESUS EMMANUEL','9848762448','9842042282'),(183,'55tsa8r-7b7a-epu6-2db8','5on6r62-piru-9g8u-jppx','771 C1','771 C1',NULL,NULL,NULL,NULL,NULL,NULL,NULL,NULL,NULL,NULL,NULL,NULL,NULL,NULL,NULL,NULL,NULL,NULL,'HOY CHIMAL JESUS EMMANUEL','9848762448','9841458207'),(184,'ps75utf-z659-y73z-c5it','5on6r62-piru-9g8u-jppx','742 B1','742 BASICA',NULL,NULL,NULL,NULL,NULL,NULL,NULL,NULL,NULL,NULL,NULL,NULL,NULL,NULL,NULL,NULL,NULL,NULL,'JIMENEZ GARCIA ELMER EUCLIDES','9841451712','9848046836'),(185,'algvkcq-wseu-f2oe-qrbl','5on6r62-piru-9g8u-jppx','766 B1','766 BASICA',NULL,NULL,NULL,NULL,NULL,NULL,NULL,NULL,NULL,NULL,NULL,NULL,NULL,NULL,NULL,NULL,NULL,NULL,'JIMENEZ GARCIA ELMER EUCLIDES','9841451712','9842106089'),(186,'jmn2za4-xwqw-d329-l3g5','5on6r62-piru-9g8u-jppx','766 C1','766 C1',NULL,NULL,NULL,NULL,NULL,NULL,NULL,NULL,NULL,NULL,NULL,NULL,NULL,NULL,NULL,NULL,NULL,NULL,'JIMENEZ GARCIA ELMER EUCLIDES','9841451712','9842332423'),(187,'ueq5hz9-3xu0-lczh-ii4t','5on6r62-piru-9g8u-jppx','693 C1','693 C1',NULL,NULL,NULL,NULL,NULL,NULL,NULL,NULL,NULL,NULL,NULL,NULL,NULL,NULL,NULL,NULL,NULL,NULL,'KANTUN TZEEK YENY MARIBEL','9841051393','9841438045'),(188,'n8wd23o-rtao-go8c-kxth','5on6r62-piru-9g8u-jppx','693 B1','693 BASICA',NULL,NULL,NULL,NULL,NULL,NULL,NULL,NULL,NULL,NULL,NULL,NULL,NULL,NULL,NULL,NULL,NULL,NULL,'KANTUN TZEEK YENY MARIBEL','9841051393','9842032973'),(189,'1ir54qt-1nfu-yuos-2aar','5on6r62-piru-9g8u-jppx','686 B1','686 BASICA',NULL,NULL,NULL,NULL,NULL,NULL,NULL,NULL,NULL,NULL,NULL,NULL,NULL,NULL,NULL,NULL,NULL,NULL,'KANTUN TZEEK YENY MARIBEL','9841051393','9842324784'),(190,'8gc9mww-7j9t-cfi6-549i','5on6r62-piru-9g8u-jppx','710 C1','710 C1',NULL,NULL,NULL,NULL,NULL,NULL,NULL,NULL,NULL,NULL,NULL,NULL,NULL,NULL,NULL,NULL,NULL,NULL,'KANTUN TZEEK YENY MARIBEL','9841051393','9841328285'),(191,'99b81sd-vwc0-lquk-932k','5on6r62-piru-9g8u-jppx','692 B1','692 BASICA',NULL,NULL,NULL,NULL,NULL,NULL,NULL,NULL,NULL,NULL,NULL,NULL,NULL,NULL,NULL,NULL,NULL,NULL,'KANTUN TZEEK YENY MARIBEL','9841051393','9841589536'),(192,'x9ab3q3-bdi9-tb63-7he3','5on6r62-piru-9g8u-jppx','686 C1','686 C1',NULL,NULL,NULL,NULL,NULL,NULL,NULL,NULL,NULL,NULL,NULL,NULL,NULL,NULL,NULL,NULL,NULL,NULL,'KANTUN TZEEK YENY MARIBEL','9841051393','9842565680'),(193,'ff95ovs-5jg4-ssbs-hrcf','5on6r62-piru-9g8u-jppx','710 B1','710 BASICA',NULL,NULL,NULL,NULL,NULL,NULL,NULL,NULL,NULL,NULL,NULL,NULL,NULL,NULL,NULL,NULL,NULL,NULL,'KANTUN TZEEK YENY MARIBEL','9841051393','9841114349'),(194,'jk7n628-lsof-213u-phqa','5on6r62-piru-9g8u-jppx','692 C1','692 C1',NULL,NULL,NULL,NULL,NULL,NULL,NULL,NULL,NULL,NULL,NULL,NULL,NULL,NULL,NULL,NULL,NULL,NULL,'KANTUN TZEEK YENY MARIBEL','9841051393','9841569137'),(195,'rrka2ax-evdg-bv4b-ympl','5on6r62-piru-9g8u-jppx','687 C1','687 C1',NULL,NULL,NULL,NULL,NULL,NULL,NULL,NULL,NULL,NULL,NULL,NULL,NULL,NULL,NULL,NULL,NULL,NULL,'KANTUN TZEEK YENY MARIBEL','9841051393','9841668614'),(196,'krveahx-8k1e-yp3l-y1m6','5on6r62-piru-9g8u-jppx','687 B1','687 BASICA',NULL,NULL,NULL,NULL,NULL,NULL,NULL,NULL,NULL,NULL,NULL,NULL,NULL,NULL,NULL,NULL,NULL,NULL,'KANTUN TZEEK YENY MARIBEL','9841051393','9841803201'),(197,'u9utqp4-ixa3-coxc-ltgi','5on6r62-piru-9g8u-jppx','874 B1','874 BASICA',NULL,NULL,NULL,NULL,NULL,NULL,NULL,NULL,NULL,NULL,NULL,NULL,NULL,NULL,NULL,NULL,NULL,NULL,'KOH SOBERANIS KARLA BEATRIZ','9982318568','9848762743'),(198,'mjdq1af-7cfy-5pho-0uc2','5on6r62-piru-9g8u-jppx','874 C2','874 C2',NULL,NULL,NULL,NULL,NULL,NULL,NULL,NULL,NULL,NULL,NULL,NULL,NULL,NULL,NULL,NULL,NULL,NULL,'KOH SOBERANIS KARLA BEATRIZ','9982318568','9841083928'),(199,'yqtyibz-69kx-9qjd-p913','5on6r62-piru-9g8u-jppx','874 C3','874 C3',NULL,NULL,NULL,NULL,NULL,NULL,NULL,NULL,NULL,NULL,NULL,NULL,NULL,NULL,NULL,NULL,NULL,NULL,'KOH SOBERANIS KARLA BEATRIZ','9982318568','9831218980'),(200,'mxkh3kd-4cla-n6mk-7dbb','5on6r62-piru-9g8u-jppx','874 C4','874 C4',NULL,NULL,NULL,NULL,NULL,NULL,NULL,NULL,NULL,NULL,NULL,NULL,NULL,NULL,NULL,NULL,NULL,NULL,'KOH SOBERANIS KARLA BEATRIZ','9982318568','9981697206'),(201,'j8kud5y-j5il-f1oh-nw7a','5on6r62-piru-9g8u-jppx','874 C1','874 C1',NULL,NULL,NULL,NULL,NULL,NULL,NULL,NULL,NULL,NULL,NULL,NULL,NULL,NULL,NULL,NULL,NULL,NULL,'KOH SOBERANIS KARLA BEATRIZ','9982318568','9841199033'),(202,'6pus7ob-ck23-p68s-rc4i','5on6r62-piru-9g8u-jppx','893 B1','893 BASICA',NULL,NULL,NULL,NULL,NULL,NULL,NULL,NULL,NULL,NULL,NULL,NULL,NULL,NULL,NULL,NULL,NULL,NULL,'LOPEZ LOPEZ ANA GUADALUPE','9841148446','9842541864'),(203,'k6ghl93-5nw2-o05o-b10x','5on6r62-piru-9g8u-jppx','733 B1','733 BASICA',NULL,NULL,NULL,NULL,NULL,NULL,NULL,NULL,NULL,NULL,NULL,NULL,NULL,NULL,NULL,NULL,NULL,NULL,'LOPEZ LOPEZ ANA GUADALUPE','9841148446','9841161686'),(204,'1th6lrj-c5wg-4b9p-5v27','5on6r62-piru-9g8u-jppx','902 B1','902 BASICA',NULL,NULL,NULL,NULL,NULL,NULL,NULL,NULL,NULL,NULL,NULL,NULL,NULL,NULL,NULL,NULL,NULL,NULL,'LOPEZ LOPEZ ANA GUADALUPE','9841148446','9842550315'),(205,'x7vwld6-mljc-jz42-ux19','9gdir86-a9sr-f44k-dsl0','733 C1','733 C1',NULL,NULL,NULL,NULL,NULL,NULL,NULL,NULL,NULL,NULL,NULL,NULL,NULL,NULL,NULL,NULL,NULL,NULL,'LOPEZ LOPEZ ANA GUADALUPE','9841148446','9842132894'),(206,'630ie82-leog-db3h-p4gl','9gdir86-a9sr-f44k-dsl0','899 B1','899 BASICA',NULL,NULL,NULL,NULL,NULL,NULL,NULL,NULL,NULL,NULL,NULL,NULL,NULL,NULL,NULL,NULL,NULL,NULL,'LOPEZ LOPEZ ANA GUADALUPE','9841148446','9842369360'),(207,'jyvumiy-peab-1yjt-aaxk','9gdir86-a9sr-f44k-dsl0','897 B1','897 BASICA',NULL,NULL,NULL,NULL,NULL,NULL,NULL,NULL,NULL,NULL,NULL,NULL,NULL,NULL,NULL,NULL,NULL,NULL,'LOPEZ LOPEZ ANA GUADALUPE','9841148446','9841900823'),(208,'6nfaaza-lwv5-03mv-quvn','9gdir86-a9sr-f44k-dsl0','909 B1','909 BASICA',NULL,NULL,NULL,NULL,NULL,NULL,NULL,NULL,NULL,NULL,NULL,NULL,NULL,NULL,NULL,NULL,NULL,NULL,'LOPEZ LOPEZ ANA GUADALUPE','9841148446','9842111725'),(209,'0t8f96w-ckre-vws1-g31n','9gdir86-a9sr-f44k-dsl0','896 B1','896 BASICA',NULL,NULL,NULL,NULL,NULL,NULL,NULL,NULL,NULL,NULL,NULL,NULL,NULL,NULL,NULL,NULL,NULL,NULL,'LOPEZ LOPEZ ANA GUADALUPE','9841148446','9842042146'),(210,'s14dguf-c6n5-hvpn-trju','9gdir86-a9sr-f44k-dsl0','895 B1','895 BASICA',NULL,NULL,NULL,NULL,NULL,NULL,NULL,NULL,NULL,NULL,NULL,NULL,NULL,NULL,NULL,NULL,NULL,NULL,'LOPEZ LOPEZ ANA GUADALUPE','9841148446','9841284007'),(211,'n296k2l-kyus-z8lc-8c3u','9gdir86-a9sr-f44k-dsl0','894 B1','894 BASICA',NULL,NULL,NULL,NULL,NULL,NULL,NULL,NULL,NULL,NULL,NULL,NULL,NULL,NULL,NULL,NULL,NULL,NULL,'LOPEZ LOPEZ ANA GUADALUPE','9841148446','9841585057'),(212,'90k3na6-mdtg-x9uv-cpye','9gdir86-a9sr-f44k-dsl0','768 C5','768 C5',NULL,NULL,NULL,NULL,NULL,NULL,NULL,NULL,NULL,NULL,NULL,NULL,NULL,NULL,NULL,NULL,NULL,NULL,'MARTIN CEL FRANCISCO JAVIER','9842085967','9842345166'),(213,'6s9d7ja-q6cm-k80o-splc','9gdir86-a9sr-f44k-dsl0','768 C4','768 C4',NULL,NULL,NULL,NULL,NULL,NULL,NULL,NULL,NULL,NULL,NULL,NULL,NULL,NULL,NULL,NULL,NULL,NULL,'MARTIN CEL FRANCISCO JAVIER','9842085967','9841416006'),(214,'0kjmqqz-v7el-8re7-7706','9gdir86-a9sr-f44k-dsl0','768 C1','768 C1',NULL,NULL,NULL,NULL,NULL,NULL,NULL,NULL,NULL,NULL,NULL,NULL,NULL,NULL,NULL,NULL,NULL,NULL,'MARTIN CEL FRANCISCO JAVIER','9842085967','9841357693'),(215,'su9udan-ifc4-ua09-mhnz','9gdir86-a9sr-f44k-dsl0','768 C2','768 C2',NULL,NULL,NULL,NULL,NULL,NULL,NULL,NULL,NULL,NULL,NULL,NULL,NULL,NULL,NULL,NULL,NULL,NULL,'MARTIN CEL FRANCISCO JAVIER','9842085967','9841357693'),(216,'v0c41s1-5392-su4u-58rf','9gdir86-a9sr-f44k-dsl0','768 C3','768 C3',NULL,NULL,NULL,NULL,NULL,NULL,NULL,NULL,NULL,NULL,NULL,NULL,NULL,NULL,NULL,NULL,NULL,NULL,'MARTIN CEL FRANCISCO JAVIER','9842085967','9841971939'),(217,'rdql3t8-qndu-2alg-crkb','9gdir86-a9sr-f44k-dsl0','681 C5','681 C5',NULL,NULL,NULL,NULL,NULL,NULL,NULL,NULL,NULL,NULL,NULL,NULL,NULL,NULL,NULL,NULL,NULL,NULL,'MAS MAAS JORGE GUADALUPE','9842356211','9831125398'),(218,'q38wg1g-fmw1-sdoo-n5vw','9gdir86-a9sr-f44k-dsl0','681 C4','681 C4',NULL,NULL,NULL,NULL,NULL,NULL,NULL,NULL,NULL,NULL,NULL,NULL,NULL,NULL,NULL,NULL,NULL,NULL,'MAS MAAS JORGE GUADALUPE','9842356211','9848079296'),(219,'l0eice1-y6oy-g4hh-qbhk','9gdir86-a9sr-f44k-dsl0','681 B1','681 BASICA',NULL,NULL,NULL,NULL,NULL,NULL,NULL,NULL,NULL,NULL,NULL,NULL,NULL,NULL,NULL,NULL,NULL,NULL,'MAS MAAS JORGE GUADALUPE','9842356211','9848077766'),(220,'63eigix-ns2h-b1ea-fqxh','9gdir86-a9sr-f44k-dsl0','681 C3','681 C3',NULL,NULL,NULL,NULL,NULL,NULL,NULL,NULL,NULL,NULL,NULL,NULL,NULL,NULL,NULL,NULL,NULL,NULL,'MAS MAAS JORGE GUADALUPE','9842356211','9848761680'),(221,'0lq33ce-19gx-tyt1-4mj1','9gdir86-a9sr-f44k-dsl0','681 C1','681 C1',NULL,NULL,NULL,NULL,NULL,NULL,NULL,NULL,NULL,NULL,NULL,NULL,NULL,NULL,NULL,NULL,NULL,NULL,'MAS MAAS JORGE GUADALUPE','9842356211','9841522512'),(222,'ytzj534-013j-u6zh-0wab','9gdir86-a9sr-f44k-dsl0','683 B1','683 BASICA',NULL,NULL,NULL,NULL,NULL,NULL,NULL,NULL,NULL,NULL,NULL,NULL,NULL,NULL,NULL,NULL,NULL,NULL,'MAS MAAS JORGE GUADALUPE','9842356211','9841845906'),(223,'z1267fn-885m-ykqm-4zxu','9gdir86-a9sr-f44k-dsl0','684 B1','684 BASICA',NULL,NULL,NULL,NULL,NULL,NULL,NULL,NULL,NULL,NULL,NULL,NULL,NULL,NULL,NULL,NULL,NULL,NULL,'MAS MAAS JORGE GUADALUPE','9842356211','9841088924'),(224,'gw781f4-cdoo-axq3-0ksj','9gdir86-a9sr-f44k-dsl0','681 C2','681 C2',NULL,NULL,NULL,NULL,NULL,NULL,NULL,NULL,NULL,NULL,NULL,NULL,NULL,NULL,NULL,NULL,NULL,NULL,'MAS MAAS JORGE GUADALUPE','9842356211','9842155285'),(225,'6suoyl7-eccr-d8sf-1b5z','9gdir86-a9sr-f44k-dsl0','683 C1','683 C1',NULL,NULL,NULL,NULL,NULL,NULL,NULL,NULL,NULL,NULL,NULL,NULL,NULL,NULL,NULL,NULL,NULL,NULL,'MAS MAAS JORGE GUADALUPE','9842356211','9842149675'),(226,'w1eykuo-uxpj-9j1n-a3a1','9gdir86-a9sr-f44k-dsl0','681 C6','681 C6',NULL,NULL,NULL,NULL,NULL,NULL,NULL,NULL,NULL,NULL,NULL,NULL,NULL,NULL,NULL,NULL,NULL,NULL,'MAS MAAS JORGE GUADALUPE','9842356211','9831321972'),(227,'6w7d6br-a8dh-1bpn-mlyt','9gdir86-a9sr-f44k-dsl0','691 C1','691 C1',NULL,NULL,NULL,NULL,NULL,NULL,NULL,NULL,NULL,NULL,NULL,NULL,NULL,NULL,NULL,NULL,NULL,NULL,'MAS MAAS WILLIAM GABRIEL','9841147187','9842365746'),(228,'2fnz4a3-xo7x-hfgx-f4gz','9gdir86-a9sr-f44k-dsl0','682 C1','682 C1',NULL,NULL,NULL,NULL,NULL,NULL,NULL,NULL,NULL,NULL,NULL,NULL,NULL,NULL,NULL,NULL,NULL,NULL,'MAS MAAS WILLIAM GABRIEL','9841147187','9842353227'),(229,'k9mc57w-z8z8-q1fl-07t0','9gdir86-a9sr-f44k-dsl0','682 B1','682 BASICA',NULL,NULL,NULL,NULL,NULL,NULL,NULL,NULL,NULL,NULL,NULL,NULL,NULL,NULL,NULL,NULL,NULL,NULL,'MAS MAAS WILLIAM GABRIEL','9841147187','9841060676'),(230,'dirjylf-ybzx-01vn-92oi','9gdir86-a9sr-f44k-dsl0','685 B1','685 BASICA',NULL,NULL,NULL,NULL,NULL,NULL,NULL,NULL,NULL,NULL,NULL,NULL,NULL,NULL,NULL,NULL,NULL,NULL,'MAS MAAS WILLIAM GABRIEL','9841147187','9841330743'),(231,'rl5y829-b680-145u-ruco','9gdir86-a9sr-f44k-dsl0','689 B1','689 BASICA',NULL,NULL,NULL,NULL,NULL,NULL,NULL,NULL,NULL,NULL,NULL,NULL,NULL,NULL,NULL,NULL,NULL,NULL,'MAS MAAS WILLIAM GABRIEL','9841147187','9842544835'),(232,'qt0zy3n-t7ou-klwg-pgek','9gdir86-a9sr-f44k-dsl0','688 B1','688 BASICA',NULL,NULL,NULL,NULL,NULL,NULL,NULL,NULL,NULL,NULL,NULL,NULL,NULL,NULL,NULL,NULL,NULL,NULL,'MAS MAAS WILLIAM GABRIEL','9841147187','9842392570'),(233,'dbr1prr-2uok-eyh1-5ekz','9gdir86-a9sr-f44k-dsl0','688 C1','688 C1',NULL,NULL,NULL,NULL,NULL,NULL,NULL,NULL,NULL,NULL,NULL,NULL,NULL,NULL,NULL,NULL,NULL,NULL,'MAS MAAS WILLIAM GABRIEL','9841147187','9842554625'),(234,'61jvkim-tjvm-vjcl-070n','9gdir86-a9sr-f44k-dsl0','689 C1','689 C1',NULL,NULL,NULL,NULL,NULL,NULL,NULL,NULL,NULL,NULL,NULL,NULL,NULL,NULL,NULL,NULL,NULL,NULL,'MAS MAAS WILLIAM GABRIEL','9841147187','9841562884'),(235,'f5g9n4w-4uev-5a4g-7arz','9gdir86-a9sr-f44k-dsl0','685 C1','685 C1',NULL,NULL,NULL,NULL,NULL,NULL,NULL,NULL,NULL,NULL,NULL,NULL,NULL,NULL,NULL,NULL,NULL,NULL,'MAS MAAS WILLIAM GABRIEL','9841147187','9848765806'),(236,'kwrd5i3-j23r-ugb7-2iur','9gdir86-a9sr-f44k-dsl0','691 B1','691 BASICA',NULL,NULL,NULL,NULL,NULL,NULL,NULL,NULL,NULL,NULL,NULL,NULL,NULL,NULL,NULL,NULL,NULL,NULL,'MAS MAAS WILLIAM GABRIEL','9841147187','9841172401'),(237,'emkml57-6uqm-hpdg-79wv','9gdir86-a9sr-f44k-dsl0','875 C25','875 C25',NULL,NULL,NULL,NULL,NULL,NULL,NULL,NULL,NULL,NULL,NULL,NULL,NULL,NULL,NULL,NULL,NULL,NULL,'MEDINA MEX EDGAR ANTONIO','9841281401','9842092311'),(238,'4qjyh7w-g2zv-r6dg-yiuf','9gdir86-a9sr-f44k-dsl0','875 C23','875 C23',NULL,NULL,NULL,NULL,NULL,NULL,NULL,NULL,NULL,NULL,NULL,NULL,NULL,NULL,NULL,NULL,NULL,NULL,'MEDINA MEX EDGAR ANTONIO','9841281401','9841312245'),(239,'bqqglub-bs9e-dlur-jnak','feumepm-zzfe-im7g-a2ps','875 C22','875 C22',NULL,NULL,NULL,NULL,NULL,NULL,NULL,NULL,NULL,NULL,NULL,NULL,NULL,NULL,NULL,NULL,NULL,NULL,'MEDINA MEX EDGAR ANTONIO','9841281401','9841070612'),(240,'k4cs97r-lyms-qhb2-tu6s','feumepm-zzfe-im7g-a2ps','875 C21','875 C21',NULL,NULL,NULL,NULL,NULL,NULL,NULL,NULL,NULL,NULL,NULL,NULL,NULL,NULL,NULL,NULL,NULL,NULL,'MEDINA MEX EDGAR ANTONIO','9841281401','9841816365'),(241,'l21lntr-csj9-5qmq-a2ky','feumepm-zzfe-im7g-a2ps','875 C24','875 C24',NULL,NULL,NULL,NULL,NULL,NULL,NULL,NULL,NULL,NULL,NULL,NULL,NULL,NULL,NULL,NULL,NULL,NULL,'MEDINA MEX EDGAR ANTONIO','9841281401','9841869018'),(242,'yl74btz-yw8y-7czp-i3g5','feumepm-zzfe-im7g-a2ps','875 C13','875 C13',NULL,NULL,NULL,NULL,NULL,NULL,NULL,NULL,NULL,NULL,NULL,NULL,NULL,NULL,NULL,NULL,NULL,NULL,'MENDEZ PEREZ CARLOS ABRAHAM','9841115149','9841681516'),(243,'u0il9j3-u5lr-d3c6-ych3','feumepm-zzfe-im7g-a2ps','875 C20','875 C20',NULL,NULL,NULL,NULL,NULL,NULL,NULL,NULL,NULL,NULL,NULL,NULL,NULL,NULL,NULL,NULL,NULL,NULL,'MENDEZ PEREZ CARLOS ABRAHAM','9841115149','9841443696'),(244,'ltlpx7j-tmsc-5f23-gfo6','feumepm-zzfe-im7g-a2ps','875 C11','875 C11',NULL,NULL,NULL,NULL,NULL,NULL,NULL,NULL,NULL,NULL,NULL,NULL,NULL,NULL,NULL,NULL,NULL,NULL,'MENDEZ PEREZ CARLOS ABRAHAM','9841115149','9841801195'),(245,'oyk346o-76ll-m4rr-tuht','feumepm-zzfe-im7g-a2ps','875 C14','875 C14',NULL,NULL,NULL,NULL,NULL,NULL,NULL,NULL,NULL,NULL,NULL,NULL,NULL,NULL,NULL,NULL,NULL,NULL,'MENDEZ PEREZ CARLOS ABRAHAM','9841115149','9841143343'),(246,'bimdfld-4ybj-ahc4-jd3f','feumepm-zzfe-im7g-a2ps','875 C10','875 C10',NULL,NULL,NULL,NULL,NULL,NULL,NULL,NULL,NULL,NULL,NULL,NULL,NULL,NULL,NULL,NULL,NULL,NULL,'MENDEZ PEREZ CARLOS ABRAHAM','9841115149','9831242034'),(247,'m5sm9er-99mx-a4do-yo5l','feumepm-zzfe-im7g-a2ps','206 C11','206 C11',NULL,NULL,NULL,NULL,NULL,NULL,NULL,NULL,NULL,NULL,NULL,NULL,NULL,NULL,NULL,NULL,NULL,NULL,'MONGE DEL ANGEL ROSA EMILIA','9841678789','9847456192'),(248,'ebq1o35-d3gn-dyn8-48p0','feumepm-zzfe-im7g-a2ps','750 B1','750 BASICA',NULL,NULL,NULL,NULL,NULL,NULL,NULL,NULL,NULL,NULL,NULL,NULL,NULL,NULL,NULL,NULL,NULL,NULL,'MONGE DEL ANGEL ROSA EMILIA','9841678789','9842078881'),(249,'fdbwa4f-6rjg-sara-bbqk','feumepm-zzfe-im7g-a2ps','206 C12','206 C12',NULL,NULL,NULL,NULL,NULL,NULL,NULL,NULL,NULL,NULL,NULL,NULL,NULL,NULL,NULL,NULL,NULL,NULL,'MONGE DEL ANGEL ROSA EMILIA','9841678789','9981658920'),(250,'1pg0gwh-0jer-xxat-5bx7','feumepm-zzfe-im7g-a2ps','756 B1','756 BASICA',NULL,NULL,NULL,NULL,NULL,NULL,NULL,NULL,NULL,NULL,NULL,NULL,NULL,NULL,NULL,NULL,NULL,NULL,'MONGE DEL ANGEL ROSA EMILIA','9841678789','9841663985'),(251,'8z4345i-x5rb-ji2j-n4ct','feumepm-zzfe-im7g-a2ps','751 B1','751 BASICA',NULL,NULL,NULL,NULL,NULL,NULL,NULL,NULL,NULL,NULL,NULL,NULL,NULL,NULL,NULL,NULL,NULL,NULL,'MONGE DEL ANGEL ROSA EMILIA','9841678789','9841318029'),(252,'sfrl1o7-t4ja-nqpu-bnxi','feumepm-zzfe-im7g-a2ps','206 C13','206 C13',NULL,NULL,NULL,NULL,NULL,NULL,NULL,NULL,NULL,NULL,NULL,NULL,NULL,NULL,NULL,NULL,NULL,NULL,'MONGE DEL ANGEL ROSA EMILIA','9841678789','9841515431'),(253,'0hlvdqk-7s9x-ukf6-gze9','feumepm-zzfe-im7g-a2ps','206 C10','206 C10',NULL,NULL,NULL,NULL,NULL,NULL,NULL,NULL,NULL,NULL,NULL,NULL,NULL,NULL,NULL,NULL,NULL,NULL,'MONGE DEL ANGEL ROSA EMILIA','9841678789','9841362730'),(254,'o6x0jfl-50k3-lmhb-u07y','feumepm-zzfe-im7g-a2ps','206 C14','206 C14',NULL,NULL,NULL,NULL,NULL,NULL,NULL,NULL,NULL,NULL,NULL,NULL,NULL,NULL,NULL,NULL,NULL,NULL,'MONGE DEL ANGEL ROSA EMILIA','9841678789','9842332877'),(255,'thxedfv-6wvz-m4u0-vf7v','feumepm-zzfe-im7g-a2ps','755 B1','755 BASICA',NULL,NULL,NULL,NULL,NULL,NULL,NULL,NULL,NULL,NULL,NULL,NULL,NULL,NULL,NULL,NULL,NULL,NULL,'MONGE DEL ANGEL ROSA EMILIA','9841678789','9841286928'),(256,'cxmkgj7-z1ug-20qg-vfxw','feumepm-zzfe-im7g-a2ps','874 C12','874 C12',NULL,NULL,NULL,NULL,NULL,NULL,NULL,NULL,NULL,NULL,NULL,NULL,NULL,NULL,NULL,NULL,NULL,NULL,'MORALES VAZQUEZ JOSE ANGEL','9841725731','9841398858'),(257,'w5jctnl-8swp-klpn-8t3a','feumepm-zzfe-im7g-a2ps','874 C11','874 C11',NULL,NULL,NULL,NULL,NULL,NULL,NULL,NULL,NULL,NULL,NULL,NULL,NULL,NULL,NULL,NULL,NULL,NULL,'MORALES VAZQUEZ JOSE ANGEL','9841725731','9841310708'),(258,'dmg0fub-jve0-0vk4-8bx2','feumepm-zzfe-im7g-a2ps','874 C14','874 C14',NULL,NULL,NULL,NULL,NULL,NULL,NULL,NULL,NULL,NULL,NULL,NULL,NULL,NULL,NULL,NULL,NULL,NULL,'MORALES VAZQUEZ JOSE ANGEL','9841725731','9841882372'),(259,'kjqve4y-c22r-m0c6-nkp6','feumepm-zzfe-im7g-a2ps','874 C13','874 C13',NULL,NULL,NULL,NULL,NULL,NULL,NULL,NULL,NULL,NULL,NULL,NULL,NULL,NULL,NULL,NULL,NULL,NULL,'MORALES VAZQUEZ JOSE ANGEL','9841725731','7711297575'),(260,'qjdohd4-c711-7jag-3sxv','feumepm-zzfe-im7g-a2ps','874 C10','874 C10',NULL,NULL,NULL,NULL,NULL,NULL,NULL,NULL,NULL,NULL,NULL,NULL,NULL,NULL,NULL,NULL,NULL,NULL,'MORALES VAZQUEZ JOSE ANGEL','9841725731','9842109947'),(261,'6fzcs9k-bumn-ieze-t7rm','feumepm-zzfe-im7g-a2ps','876 C5','876 C5',NULL,NULL,NULL,NULL,NULL,NULL,NULL,NULL,NULL,NULL,NULL,NULL,NULL,NULL,NULL,NULL,NULL,NULL,'MORENO VILLEGAS CARLOS ANTONIO','9841784614','9841259758'),(262,'9kfn1rl-fgtn-ubzl-rvzb','feumepm-zzfe-im7g-a2ps','878 C1','878 C1',NULL,NULL,NULL,NULL,NULL,NULL,NULL,NULL,NULL,NULL,NULL,NULL,NULL,NULL,NULL,NULL,NULL,NULL,'MORENO VILLEGAS CARLOS ANTONIO','9841784614','9842173464'),(263,'56y1hp7-6ppn-nezw-6s3g','feumepm-zzfe-im7g-a2ps','877 B1','877 BASICA',NULL,NULL,NULL,NULL,NULL,NULL,NULL,NULL,NULL,NULL,NULL,NULL,NULL,NULL,NULL,NULL,NULL,NULL,'MORENO VILLEGAS CARLOS ANTONIO','9841784614','9842185440'),(264,'pyt3wo9-jmyf-wj2y-ni04','feumepm-zzfe-im7g-a2ps','878 B1','878 BASICA',NULL,NULL,NULL,NULL,NULL,NULL,NULL,NULL,NULL,NULL,NULL,NULL,NULL,NULL,NULL,NULL,NULL,NULL,'MORENO VILLEGAS CARLOS ANTONIO','9841784614','9841065927'),(265,'f6l75me-2jo5-krgo-61zr','feumepm-zzfe-im7g-a2ps','876 C3','876 C3',NULL,NULL,NULL,NULL,NULL,NULL,NULL,NULL,NULL,NULL,NULL,NULL,NULL,NULL,NULL,NULL,NULL,NULL,'MORENO VILLEGAS CARLOS ANTONIO','9841784614','9841964165'),(266,'o78zyz4-m2l5-ohvc-ec16','feumepm-zzfe-im7g-a2ps','876 C2','876 C2',NULL,NULL,NULL,NULL,NULL,NULL,NULL,NULL,NULL,NULL,NULL,NULL,NULL,NULL,NULL,NULL,NULL,NULL,'MORENO VILLEGAS CARLOS ANTONIO','9841784614','9841156890'),(267,'dmud1ay-er9n-8ptr-yiij','feumepm-zzfe-im7g-a2ps','877 C1','877 C1',NULL,NULL,NULL,NULL,NULL,NULL,NULL,NULL,NULL,NULL,NULL,NULL,NULL,NULL,NULL,NULL,NULL,NULL,'MORENO VILLEGAS CARLOS ANTONIO','9841784614','9841174317'),(268,'1zygzl2-22cr-w1yn-517i','feumepm-zzfe-im7g-a2ps','876 B1','876 BASICA',NULL,NULL,NULL,NULL,NULL,NULL,NULL,NULL,NULL,NULL,NULL,NULL,NULL,NULL,NULL,NULL,NULL,NULL,'MORENO VILLEGAS CARLOS ANTONIO','9841784614','9845932901'),(269,'w5uhv78-ec3g-sr8t-qqfy','feumepm-zzfe-im7g-a2ps','876 C4','876 C4',NULL,NULL,NULL,NULL,NULL,NULL,NULL,NULL,NULL,NULL,NULL,NULL,NULL,NULL,NULL,NULL,NULL,NULL,'MORENO VILLEGAS CARLOS ANTONIO','9841784614','9842381370'),(270,'fmka1ez-6139-m7jm-w885','feumepm-zzfe-im7g-a2ps','876 C1','876 C1',NULL,NULL,NULL,NULL,NULL,NULL,NULL,NULL,NULL,NULL,NULL,NULL,NULL,NULL,NULL,NULL,NULL,NULL,'MORENO VILLEGAS CARLOS ANTONIO','9841784614','9841987654'),(271,'og6nysq-5oe0-0sqd-16gc','feumepm-zzfe-im7g-a2ps','676 C1','676 C1',NULL,NULL,NULL,NULL,NULL,NULL,NULL,NULL,NULL,NULL,NULL,NULL,NULL,NULL,NULL,NULL,NULL,NULL,'PAEZ GONZALEZ SAMUEL','9841507641','9841331059'),(272,'0y227fh-m1e7-a2v4-96ud','feumepm-zzfe-im7g-a2ps','680 C3','680 C3',NULL,NULL,NULL,NULL,NULL,NULL,NULL,NULL,NULL,NULL,NULL,NULL,NULL,NULL,NULL,NULL,NULL,NULL,'PAEZ GONZALEZ SAMUEL','9841507641','9841331059'),(273,'bppiuhu-k7pf-b7n1-6l93','wfegcmn-yil1-yd2x-hzok','676 B1','676 BASICA',NULL,NULL,NULL,NULL,NULL,NULL,NULL,NULL,NULL,NULL,NULL,NULL,NULL,NULL,NULL,NULL,NULL,NULL,'PAEZ GONZALEZ SAMUEL','9841507641','9841208095'),(274,'3ok9xhw-vl9h-xov4-icfj','wfegcmn-yil1-yd2x-hzok','677 B1','677 BASICA',NULL,NULL,NULL,NULL,NULL,NULL,NULL,NULL,NULL,NULL,NULL,NULL,NULL,NULL,NULL,NULL,NULL,NULL,'PAEZ GONZALEZ SAMUEL','9841507641','9841043810'),(275,'k7y3xsf-ljxu-9ls3-0lzk','wfegcmn-yil1-yd2x-hzok','670 B1','670 BASICA',NULL,NULL,NULL,NULL,NULL,NULL,NULL,NULL,NULL,NULL,NULL,NULL,NULL,NULL,NULL,NULL,NULL,NULL,'PAEZ GONZALEZ SAMUEL','9841507641','9841686894'),(276,'wywlymr-76m4-r789-jiud','wfegcmn-yil1-yd2x-hzok','680 B1','680 BASICA',NULL,NULL,NULL,NULL,NULL,NULL,NULL,NULL,NULL,NULL,NULL,NULL,NULL,NULL,NULL,NULL,NULL,NULL,'PAEZ GONZALEZ SAMUEL','9841507641','5535692256'),(277,'7ybx26j-yasf-j743-t51o','wfegcmn-yil1-yd2x-hzok','680 C1','680 C1',NULL,NULL,NULL,NULL,NULL,NULL,NULL,NULL,NULL,NULL,NULL,NULL,NULL,NULL,NULL,NULL,NULL,NULL,'PAEZ GONZALEZ SAMUEL','9841507641','9841767725'),(278,'ogmdhy3-284o-p61z-vtuq','wfegcmn-yil1-yd2x-hzok','680 C4','680 C4',NULL,NULL,NULL,NULL,NULL,NULL,NULL,NULL,NULL,NULL,NULL,NULL,NULL,NULL,NULL,NULL,NULL,NULL,'PAEZ GONZALEZ SAMUEL','9841507641','9842540616'),(279,'lvl04f4-c3yl-4k3l-52oh','wfegcmn-yil1-yd2x-hzok','680 C2','680 C2',NULL,NULL,NULL,NULL,NULL,NULL,NULL,NULL,NULL,NULL,NULL,NULL,NULL,NULL,NULL,NULL,NULL,NULL,'PAEZ GONZALEZ SAMUEL','9841507641','9848064894'),(280,'fdsadf4-5ybc-tka5-n1bb','wfegcmn-yil1-yd2x-hzok','680 C5','680 C5',NULL,NULL,NULL,NULL,NULL,NULL,NULL,NULL,NULL,NULL,NULL,NULL,NULL,NULL,NULL,NULL,NULL,NULL,'PAEZ GONZALEZ SAMUEL','9841507641','9841163561'),(281,'5lvcfda-r22g-im3m-zpny','wfegcmn-yil1-yd2x-hzok','715 B1','715 BASICA',NULL,NULL,NULL,NULL,NULL,NULL,NULL,NULL,NULL,NULL,NULL,NULL,NULL,NULL,NULL,NULL,NULL,NULL,'PERALES ESPADAS LAURA','9841852107','9841829111'),(282,'yk5gxeb-ff6g-cl39-ws3g','wfegcmn-yil1-yd2x-hzok','722 B1','722 BASICA',NULL,NULL,NULL,NULL,NULL,NULL,NULL,NULL,NULL,NULL,NULL,NULL,NULL,NULL,NULL,NULL,NULL,NULL,'PERALES ESPADAS LAURA','9841852107','9841460515'),(283,'q0nl8c7-qjwu-7ep6-159a','wfegcmn-yil1-yd2x-hzok','716 B1','716 BASICA',NULL,NULL,NULL,NULL,NULL,NULL,NULL,NULL,NULL,NULL,NULL,NULL,NULL,NULL,NULL,NULL,NULL,NULL,'PERALES ESPADAS LAURA','9841852107','9841827053'),(284,'7byoj59-ejnn-i41o-gmx6','wfegcmn-yil1-yd2x-hzok','724 B1','724 BASICA',NULL,NULL,NULL,NULL,NULL,NULL,NULL,NULL,NULL,NULL,NULL,NULL,NULL,NULL,NULL,NULL,NULL,NULL,'PERALES ESPADAS LAURA','9841852107','9841460885'),(285,'hb5jqc4-q7qu-bk44-lk4p','wfegcmn-yil1-yd2x-hzok','724 C1','724 C1',NULL,NULL,NULL,NULL,NULL,NULL,NULL,NULL,NULL,NULL,NULL,NULL,NULL,NULL,NULL,NULL,NULL,NULL,'PERALES ESPADAS LAURA','9841852107','9841195622'),(286,'m14aboy-bfv6-nccg-lb3a','wfegcmn-yil1-yd2x-hzok','717 B1','717 BASICA',NULL,NULL,NULL,NULL,NULL,NULL,NULL,NULL,NULL,NULL,NULL,NULL,NULL,NULL,NULL,NULL,NULL,NULL,'PERALES ESPADAS LAURA','9841852107','9842176395'),(287,'xuwenpp-v1pq-1x8m-xzkk','wfegcmn-yil1-yd2x-hzok','717 C1','717 C1',NULL,NULL,NULL,NULL,NULL,NULL,NULL,NULL,NULL,NULL,NULL,NULL,NULL,NULL,NULL,NULL,NULL,NULL,'PERALES ESPADAS LAURA','9841852107','9848068907'),(288,'i4z2ocu-3adz-ggsu-n59i','wfegcmn-yil1-yd2x-hzok','722 C1','722 C1',NULL,NULL,NULL,NULL,NULL,NULL,NULL,NULL,NULL,NULL,NULL,NULL,NULL,NULL,NULL,NULL,NULL,NULL,'PERALES ESPADAS LAURA','9841852107','9842111690'),(289,'5dghs6q-jrf1-qdi0-z8ci','wfegcmn-yil1-yd2x-hzok','715 C1','715 C1',NULL,NULL,NULL,NULL,NULL,NULL,NULL,NULL,NULL,NULL,NULL,NULL,NULL,NULL,NULL,NULL,NULL,NULL,'PERALES ESPADAS LAURA','9841852107','9842150423'),(290,'5q3njxh-0h0x-jnhr-ay6p','wfegcmn-yil1-yd2x-hzok','723 B1','723 BASICA',NULL,NULL,NULL,NULL,NULL,NULL,NULL,NULL,NULL,NULL,NULL,NULL,NULL,NULL,NULL,NULL,NULL,NULL,'PERALES ESPADAS LAURA','9841852107','9841851312'),(291,'gtbxwwr-7sp2-klmg-8rbd','wfegcmn-yil1-yd2x-hzok','875 C4','875 C4',NULL,NULL,NULL,NULL,NULL,NULL,NULL,NULL,NULL,NULL,NULL,NULL,NULL,NULL,NULL,NULL,NULL,NULL,'PEREZ PALMA MARIBEL','9841059486','7442424631'),(292,'ye1furk-qyur-a03b-wgt6','wfegcmn-yil1-yd2x-hzok','875 B1','875 BASICA',NULL,NULL,NULL,NULL,NULL,NULL,NULL,NULL,NULL,NULL,NULL,NULL,NULL,NULL,NULL,NULL,NULL,NULL,'PEREZ PALMA MARIBEL','9841059486','9848072609'),(293,'102k666-056j-rdyh-c4l7','wfegcmn-yil1-yd2x-hzok','875 C3','875 C3',NULL,NULL,NULL,NULL,NULL,NULL,NULL,NULL,NULL,NULL,NULL,NULL,NULL,NULL,NULL,NULL,NULL,NULL,'PEREZ PALMA MARIBEL','9841059486','9841661665'),(294,'b2vaij8-15zp-xvtp-p5tg','wfegcmn-yil1-yd2x-hzok','875 C2','875 C2',NULL,NULL,NULL,NULL,NULL,NULL,NULL,NULL,NULL,NULL,NULL,NULL,NULL,NULL,NULL,NULL,NULL,NULL,'PEREZ PALMA MARIBEL','9841059486','9841723854'),(295,'5xy79bb-3rj6-fd7u-m8te','wfegcmn-yil1-yd2x-hzok','875 C1','875 C1',NULL,NULL,NULL,NULL,NULL,NULL,NULL,NULL,NULL,NULL,NULL,NULL,NULL,NULL,NULL,NULL,NULL,NULL,'PEREZ PALMA MARIBEL','9841059486','9841123781'),(296,'l6jut5x-n1vq-984t-io81','wfegcmn-yil1-yd2x-hzok','702 C3','702 C3',NULL,NULL,NULL,NULL,NULL,NULL,NULL,NULL,NULL,NULL,NULL,NULL,NULL,NULL,NULL,NULL,NULL,NULL,'RABANALES TRUJILLO KARLA ANAIS','9841307844','9841680758'),(297,'i3hc8o5-okbp-leka-b0bh','wfegcmn-yil1-yd2x-hzok','701 C1','701 C1',NULL,NULL,NULL,NULL,NULL,NULL,NULL,NULL,NULL,NULL,NULL,NULL,NULL,NULL,NULL,NULL,NULL,NULL,'RABANALES TRUJILLO KARLA ANAIS','9841307844','9841195993'),(298,'iz7jwwa-jswd-tspd-9vo7','wfegcmn-yil1-yd2x-hzok','702 C4','702 C4',NULL,NULL,NULL,NULL,NULL,NULL,NULL,NULL,NULL,NULL,NULL,NULL,NULL,NULL,NULL,NULL,NULL,NULL,'RABANALES TRUJILLO KARLA ANAIS','9841307844','9842493336'),(299,'mch95kw-c5xm-3jsk-1f2i','wfegcmn-yil1-yd2x-hzok','701 B1','701 BASICA',NULL,NULL,NULL,NULL,NULL,NULL,NULL,NULL,NULL,NULL,NULL,NULL,NULL,NULL,NULL,NULL,NULL,NULL,'RABANALES TRUJILLO KARLA ANAIS','9841307844','9841880152'),(300,'10g6uaq-wzaq-uk66-h7yy','wfegcmn-yil1-yd2x-hzok','702 C2','702 C2',NULL,NULL,NULL,NULL,NULL,NULL,NULL,NULL,NULL,NULL,NULL,NULL,NULL,NULL,NULL,NULL,NULL,NULL,'RABANALES TRUJILLO KARLA ANAIS','9841307844','9841270466'),(301,'hw1hqml-2ooj-4xdz-j8db','wfegcmn-yil1-yd2x-hzok','703 C1','703 C1',NULL,NULL,NULL,NULL,NULL,NULL,NULL,NULL,NULL,NULL,NULL,NULL,NULL,NULL,NULL,NULL,NULL,NULL,'RABANALES TRUJILLO KARLA ANAIS','9841307844','9841586668'),(302,'hg5axep-r2ib-fote-5czu','wfegcmn-yil1-yd2x-hzok','699 B1','699 BASICA',NULL,NULL,NULL,NULL,NULL,NULL,NULL,NULL,NULL,NULL,NULL,NULL,NULL,NULL,NULL,NULL,NULL,NULL,'RABANALES TRUJILLO KARLA ANAIS','9841307844','9841438765'),(303,'4uzjo75-ga3y-jtt8-5fib','wfegcmn-yil1-yd2x-hzok','703 B1','703 BASICA',NULL,NULL,NULL,NULL,NULL,NULL,NULL,NULL,NULL,NULL,NULL,NULL,NULL,NULL,NULL,NULL,NULL,NULL,'RABANALES TRUJILLO KARLA ANAIS','9841307844','9842771480'),(304,'lx2e8o1-jrmz-yxl8-bag1','wfegcmn-yil1-yd2x-hzok','702 C1','702 C1',NULL,NULL,NULL,NULL,NULL,NULL,NULL,NULL,NULL,NULL,NULL,NULL,NULL,NULL,NULL,NULL,NULL,NULL,'RABANALES TRUJILLO KARLA ANAIS','9841307844','9848064297'),(305,'v7jld90-6y88-aivg-oqaa','wfegcmn-yil1-yd2x-hzok','702 B1','702 BASICA',NULL,NULL,NULL,NULL,NULL,NULL,NULL,NULL,NULL,NULL,NULL,NULL,NULL,NULL,NULL,NULL,NULL,NULL,'RABANALES TRUJILLO KARLA ANAIS','9841307844','9841307509'),(306,'0et5cyj-c8ur-strm-citf','wfegcmn-yil1-yd2x-hzok','762 C1','762 C1',NULL,NULL,NULL,NULL,NULL,NULL,NULL,NULL,NULL,NULL,NULL,NULL,NULL,NULL,NULL,NULL,NULL,NULL,'TREJO AGUILAR ROSALBA','9211358322','9841642407'),(307,'zncoek4-slcj-chq0-6ixq','fjti7tr-k5pm-q964-quw6','763 ESPECIAL','763 ESPECIAL',NULL,NULL,NULL,NULL,NULL,NULL,NULL,NULL,NULL,NULL,NULL,NULL,NULL,NULL,NULL,NULL,NULL,NULL,'TREJO AGUILAR ROSALBA','9211358322','9841507225'),(308,'a2yw15v-uvi9-33e0-oqkg','fjti7tr-k5pm-q964-quw6','763 B1','763 BASICA',NULL,NULL,NULL,NULL,NULL,NULL,NULL,NULL,NULL,NULL,NULL,NULL,NULL,NULL,NULL,NULL,NULL,NULL,'TREJO AGUILAR ROSALBA','9211358322','9841642457'),(309,'3sovx0r-qzeg-zlud-6be4','fjti7tr-k5pm-q964-quw6','206 ESPECIAL','206 ESPECIAL',NULL,NULL,NULL,NULL,NULL,NULL,NULL,NULL,NULL,NULL,NULL,NULL,NULL,NULL,NULL,NULL,NULL,NULL,'TREJO AGUILAR ROSALBA','9211358322','9837538262'),(310,'y5u3w8q-r5iw-hgjl-z1sj','fjti7tr-k5pm-q964-quw6','761 B1','761 BASICA',NULL,NULL,NULL,NULL,NULL,NULL,NULL,NULL,NULL,NULL,NULL,NULL,NULL,NULL,NULL,NULL,NULL,NULL,'TREJO AGUILAR ROSALBA','9211358322','9842084683'),(311,'faxpd3l-ljvd-lweu-oyv0','fjti7tr-k5pm-q964-quw6','765 C1','765 C1',NULL,NULL,NULL,NULL,NULL,NULL,NULL,NULL,NULL,NULL,NULL,NULL,NULL,NULL,NULL,NULL,NULL,NULL,'TREJO AGUILAR ROSALBA','9211358322','9842026382'),(312,'1z043jk-r206-ntm1-wvh9','fjti7tr-k5pm-q964-quw6','765 B1','765 BASICA',NULL,NULL,NULL,NULL,NULL,NULL,NULL,NULL,NULL,NULL,NULL,NULL,NULL,NULL,NULL,NULL,NULL,NULL,'TREJO AGUILAR ROSALBA','9211358322','9841726096'),(313,'44t94l8-4wwc-qnxd-xofv','fjti7tr-k5pm-q964-quw6','764 B1','764 BASICA',NULL,NULL,NULL,NULL,NULL,NULL,NULL,NULL,NULL,NULL,NULL,NULL,NULL,NULL,NULL,NULL,NULL,NULL,'TREJO AGUILAR ROSALBA','9211358322','9841815495'),(314,'b2d42g4-ec9a-clq4-s8nh','fjti7tr-k5pm-q964-quw6','764 C1','764 C1',NULL,NULL,NULL,NULL,NULL,NULL,NULL,NULL,NULL,NULL,NULL,NULL,NULL,NULL,NULL,NULL,NULL,NULL,'TREJO AGUILAR ROSALBA','9211358322','9841877405'),(315,'vsg3o1r-yvz4-bokf-vyzv','fjti7tr-k5pm-q964-quw6','762 B1','762 BASICA',NULL,NULL,NULL,NULL,NULL,NULL,NULL,NULL,NULL,NULL,NULL,NULL,NULL,NULL,NULL,NULL,NULL,NULL,'TREJO AGUILAR ROSALBA','9211358322','9841259040'),(316,'mxmv15y-y6ap-hwvz-edhq','fjti7tr-k5pm-q964-quw6','754 B1','754 BASICA',NULL,NULL,NULL,NULL,NULL,NULL,NULL,NULL,NULL,NULL,NULL,NULL,NULL,NULL,NULL,NULL,NULL,NULL,'VAZQUEZ OVANDO IRENE MERCEDES','9837003122','9841642784'),(317,'xdtr358-8bjb-0g7v-sqdj','fjti7tr-k5pm-q964-quw6','749 B1','749 BASICA',NULL,NULL,NULL,NULL,NULL,NULL,NULL,NULL,NULL,NULL,NULL,NULL,NULL,NULL,NULL,NULL,NULL,NULL,'VAZQUEZ OVANDO IRENE MERCEDES','9837003122','9841797753'),(318,'hbhr66l-hoss-ocia-icgb','fjti7tr-k5pm-q964-quw6','759 C1','759 C1',NULL,NULL,NULL,NULL,NULL,NULL,NULL,NULL,NULL,NULL,NULL,NULL,NULL,NULL,NULL,NULL,NULL,NULL,'VAZQUEZ OVANDO IRENE MERCEDES','9837003122','9841254695'),(319,'q195h3w-8247-mgi5-m74t','fjti7tr-k5pm-q964-quw6','753 C1','753 C1',NULL,NULL,NULL,NULL,NULL,NULL,NULL,NULL,NULL,NULL,NULL,NULL,NULL,NULL,NULL,NULL,NULL,NULL,'VAZQUEZ OVANDO IRENE MERCEDES','9837003122','9841530377'),(320,'3rbuqoi-qi9h-jzcy-n0tn','fjti7tr-k5pm-q964-quw6','753 B1','753 BASICA',NULL,NULL,NULL,NULL,NULL,NULL,NULL,NULL,NULL,NULL,NULL,NULL,NULL,NULL,NULL,NULL,NULL,NULL,'VAZQUEZ OVANDO IRENE MERCEDES','9837003122','9841407895'),(321,'10u7xp6-idlp-nrtn-4ovc','fjti7tr-k5pm-q964-quw6','759 B1','759 BASICA',NULL,NULL,NULL,NULL,NULL,NULL,NULL,NULL,NULL,NULL,NULL,NULL,NULL,NULL,NULL,NULL,NULL,NULL,'VAZQUEZ OVANDO IRENE MERCEDES','9837003122','9842551937'),(322,'kibiyht-fxza-3srs-rtmb','fjti7tr-k5pm-q964-quw6','758 B1','758 BASICA',NULL,NULL,NULL,NULL,NULL,NULL,NULL,NULL,NULL,NULL,NULL,NULL,NULL,NULL,NULL,NULL,NULL,NULL,'VAZQUEZ OVANDO IRENE MERCEDES','9837003122','9841063621'),(323,'wgidtte-2kat-ho85-hw3t','fjti7tr-k5pm-q964-quw6','760 B1','760 BASICA',NULL,NULL,NULL,NULL,NULL,NULL,NULL,NULL,NULL,NULL,NULL,NULL,NULL,NULL,NULL,NULL,NULL,NULL,'VAZQUEZ OVANDO IRENE MERCEDES','9837003122','5518519074'),(324,'uu1qybj-qmse-3un6-fp8u','fjti7tr-k5pm-q964-quw6','752 B1','752 BASICA',NULL,NULL,NULL,NULL,NULL,NULL,NULL,NULL,NULL,NULL,NULL,NULL,NULL,NULL,NULL,NULL,NULL,NULL,'VAZQUEZ OVANDO IRENE MERCEDES','9837003122','9842382389'),(325,'2hoppb2-g8m2-b4cv-est8','fjti7tr-k5pm-q964-quw6','757 B1','757 BASICA',NULL,NULL,NULL,NULL,NULL,NULL,NULL,NULL,NULL,NULL,NULL,NULL,NULL,NULL,NULL,NULL,NULL,NULL,'VAZQUEZ OVANDO IRENE MERCEDES','9837003122','9841371716'),(326,'iq8h1uq-stks-1mpt-6ec2','fjti7tr-k5pm-q964-quw6','875 C6','875 C6',NULL,NULL,NULL,NULL,NULL,NULL,NULL,NULL,NULL,NULL,NULL,NULL,NULL,NULL,NULL,NULL,NULL,NULL,'ZAMARRIPA ORTIZ BRENDA BETZABEL','9841761506','9841760081'),(327,'8q8n5td-h14s-bv6a-x96r','fjti7tr-k5pm-q964-quw6','875 C7','875 C7',NULL,NULL,NULL,NULL,NULL,NULL,NULL,NULL,NULL,NULL,NULL,NULL,NULL,NULL,NULL,NULL,NULL,NULL,'ZAMARRIPA ORTIZ BRENDA BETZABEL','9841761506','9841807696'),(328,'uclcklm-ypjg-vgux-v85m','fjti7tr-k5pm-q964-quw6','875 C9','875 C9',NULL,NULL,NULL,NULL,NULL,NULL,NULL,NULL,NULL,NULL,NULL,NULL,NULL,NULL,NULL,NULL,NULL,NULL,'ZAMARRIPA ORTIZ BRENDA BETZABEL','9841761506','9375938818'),(329,'v2rebc3-elem-xrn9-mujc','fjti7tr-k5pm-q964-quw6','875 C8','875 C8',NULL,NULL,NULL,NULL,NULL,NULL,NULL,NULL,NULL,NULL,NULL,NULL,NULL,NULL,NULL,NULL,NULL,NULL,'ZAMARRIPA ORTIZ BRENDA BETZABEL','9841761506','7441668140'),(330,'rp7e677-flvv-q5en-yozt','fjti7tr-k5pm-q964-quw6','875 C5','875 C5',NULL,NULL,NULL,NULL,NULL,NULL,NULL,NULL,NULL,NULL,NULL,NULL,NULL,NULL,NULL,NULL,NULL,NULL,'ZAMARRIPA ORTIZ BRENDA BETZABEL','9841761506','9842296515'),(331,'3ddaqad-ds69-tdu7-3b7h','fjti7tr-k5pm-q964-quw6','887 B1','887 BASICA',NULL,NULL,NULL,NULL,NULL,NULL,NULL,NULL,NULL,NULL,NULL,NULL,NULL,NULL,NULL,NULL,NULL,NULL,'ZAMORA RODRIGUEZ CLAUDIA','9841816761','9841680604'),(332,'cgat242-y7ta-mpll-3ovj','fjti7tr-k5pm-q964-quw6','881 C1','881 C1',NULL,NULL,NULL,NULL,NULL,NULL,NULL,NULL,NULL,NULL,NULL,NULL,NULL,NULL,NULL,NULL,NULL,NULL,'ZAMORA RODRIGUEZ CLAUDIA','9841816761','9841575863'),(333,'uj0lhpw-8skc-vf1z-a8qe','fjti7tr-k5pm-q964-quw6','881 C2','881 C2',NULL,NULL,NULL,NULL,NULL,NULL,NULL,NULL,NULL,NULL,NULL,NULL,NULL,NULL,NULL,NULL,NULL,NULL,'ZAMORA RODRIGUEZ CLAUDIA','9841816761','9842089145'),(334,'ka4y5n2-q46s-1viq-01p5','fjti7tr-k5pm-q964-quw6','883 C1','883 C1',NULL,NULL,NULL,NULL,NULL,NULL,NULL,NULL,NULL,NULL,NULL,NULL,NULL,NULL,NULL,NULL,NULL,NULL,'ZAMORA RODRIGUEZ CLAUDIA','9841816761','9841009290'),(335,'9szba2c-l8rr-6wsm-3xpg','fjti7tr-k5pm-q964-quw6','885 C1','885 C1',NULL,NULL,NULL,NULL,NULL,NULL,NULL,NULL,NULL,NULL,NULL,NULL,NULL,NULL,NULL,NULL,NULL,NULL,'ZAMORA RODRIGUEZ CLAUDIA','9841816761','9841374128'),(336,'7os0a0r-i70v-gxek-kt4h','fjti7tr-k5pm-q964-quw6','889 B1','889 BASICA',NULL,NULL,NULL,NULL,NULL,NULL,NULL,NULL,NULL,NULL,NULL,NULL,NULL,NULL,NULL,NULL,NULL,NULL,'ZAMORA RODRIGUEZ CLAUDIA','9841816761','9842280527'),(337,'u2ely3h-2oak-7g1t-v84w','fjti7tr-k5pm-q964-quw6','883 B1','883 BASICA',NULL,NULL,NULL,NULL,NULL,NULL,NULL,NULL,NULL,NULL,NULL,NULL,NULL,NULL,NULL,NULL,NULL,NULL,'ZAMORA RODRIGUEZ CLAUDIA','9841816761','9841888788'),(338,'tkf36iq-8oyv-q7b6-m350','fjti7tr-k5pm-q964-quw6','889 C1','889 C1',NULL,NULL,NULL,NULL,NULL,NULL,NULL,NULL,NULL,NULL,NULL,NULL,NULL,NULL,NULL,NULL,NULL,NULL,'ZAMORA RODRIGUEZ CLAUDIA','9841816761','9841342552'),(339,'u3s6diq-r8q2-5ruu-q97i','fjti7tr-k5pm-q964-quw6','881 B1','881 BASICA',NULL,NULL,NULL,NULL,NULL,NULL,NULL,NULL,NULL,NULL,NULL,NULL,NULL,NULL,NULL,NULL,NULL,NULL,'ZAMORA RODRIGUEZ CLAUDIA','9841816761','9842124415'),(340,'o4xosys-femb-elxn-bibo','fjti7tr-k5pm-q964-quw6','885 B1','885 BASICA',NULL,NULL,NULL,NULL,NULL,NULL,NULL,NULL,NULL,NULL,NULL,NULL,NULL,NULL,NULL,NULL,NULL,NULL,'ZAMORA RODRIGUEZ CLAUDIA','9841816761','9842085933'),(341,'lgrc74w-c35b-ukgi-4ict','fjti7tr-k5pm-q964-quw6','875 C12','875 C12',NULL,NULL,NULL,NULL,NULL,NULL,NULL,NULL,NULL,NULL,NULL,NULL,NULL,NULL,NULL,NULL,NULL,NULL,'MENDEZ PEREZ CARLOS ABRAHAM','9841115149','9841342098');
/*!40000 ALTER TABLE `xmf_casillas` ENABLE KEYS */;
UNLOCK TABLES;

--
-- Table structure for table `xmf_casillas_incidencias`
--

DROP TABLE IF EXISTS `xmf_casillas_incidencias`;
/*!40101 SET @saved_cs_client     = @@character_set_client */;
/*!40101 SET character_set_client = utf8 */;
CREATE TABLE `xmf_casillas_incidencias` (
  `id` int(10) NOT NULL AUTO_INCREMENT,
  `xmf_casillas_id` int(10) unsigned DEFAULT NULL,
  `xmf_total_incidencias` int(10) unsigned DEFAULT NULL,
  `created` datetime DEFAULT NULL,
  `modified` datetime DEFAULT NULL,
  PRIMARY KEY (`id`)
) ENGINE=InnoDB DEFAULT CHARSET=latin1;
/*!40101 SET character_set_client = @saved_cs_client */;

--
-- Dumping data for table `xmf_casillas_incidencias`
--

LOCK TABLES `xmf_casillas_incidencias` WRITE;
/*!40000 ALTER TABLE `xmf_casillas_incidencias` DISABLE KEYS */;
/*!40000 ALTER TABLE `xmf_casillas_incidencias` ENABLE KEYS */;
UNLOCK TABLES;

--
-- Table structure for table `xmf_incidencias`
--

DROP TABLE IF EXISTS `xmf_incidencias`;
/*!40101 SET @saved_cs_client     = @@character_set_client */;
/*!40101 SET character_set_client = utf8 */;
CREATE TABLE `xmf_incidencias` (
  `id` int(10) unsigned NOT NULL AUTO_INCREMENT,
  `titulo` text DEFAULT NULL,
  `descripcion` text DEFAULT NULL,
  `created` datetime DEFAULT NULL,
  `modified` datetime DEFAULT NULL,
  PRIMARY KEY (`id`)
) ENGINE=InnoDB AUTO_INCREMENT=17 DEFAULT CHARSET=utf8mb4 COMMENT='TIPO INCIDENCIAS';
/*!40101 SET character_set_client = @saved_cs_client */;

--
-- Dumping data for table `xmf_incidencias`
--

LOCK TABLES `xmf_incidencias` WRITE;
/*!40000 ALTER TABLE `xmf_incidencias` DISABLE KEYS */;
INSERT INTO `xmf_incidencias` VALUES (1,'La casilla se instalo antes de las 7 am.','','2018-04-02 14:02:07','2018-04-02 14:02:07'),(2,'Falto material electoral (Boletas, tinta indeleble, listados nominales).','','2018-04-02 14:02:07','2018-04-02 14:02:07'),(3,'Se impidio el acceso a la casilla a los Representantes de Partido sin causa 8 justificada.','','2018-04-02 14:02:07','2018-04-02 14:02:07'),(4,'Se expulso de la casilla a los Representantes de Partido sin causa 11 justificada.','','2018-04-02 14:02:07','2018-04-02 14:02:07'),(5,'Se instalo la casilla, sin causa justificada, en lugar distinto al seﬁalado por el 14 Consejo Distrital.','','2018-04-02 14:02:07','2018-04-02 14:02:07'),(6,'Se recibio la votacion por personas distintas a las facultadas por la ley.','','2018-04-02 14:02:07','2018-04-02 14:02:07'),(7,'Se permitio sufragar a ciudadanos que no contaban con su credencial para votar con fotografia.','','2018-04-02 14:02:07','2018-04-02 14:02:07'),(8,'Se permitio sufragar a ciudadanos cuyo nombre no aparecio en la Lista Nominal de Electores con fotografia.','','2018-04-02 14:02:07','2018-04-02 14:02:07'),(9,'No se permitio sufragar a ciudadanos que contaban con sentencia favorable del Tribunal Electoral (JDC)','','2018-04-02 14:02:07','2018-04-02 14:02:07'),(10,'Se impidio el ejercicio del derecho al voto a los ciudadanos sin causa justificada.','','2018-04-02 14:02:07','2018-04-02 14:02:07'),(11,'Se ejercio violencia fisica o presién sobre los miembros de la Mesa Directiva de Casilla, Representantes de los Partidos o Electores.','','2018-04-02 14:02:07','2018-04-02 14:02:07'),(12,'Se cerro la votacion antes de las 17:00 horas sin que se hubiera agotado el listado nominal.','','2018-04-02 14:02:07','2018-04-02 14:02:07'),(13,'Medio dolo o error en el computo de los votos, lo cual fue determinante para el resultado de la votacion.','','2018-04-02 14:02:07','2018-04-02 14:02:07'),(14,'Se permitio la presencia de personas no acreditadas en la casilla.','','2018-04-02 14:02:07','2018-04-02 14:02:07'),(15,'Se realizo el escrutinio y computo local diferente al determinado por el Consejo Distrital','','2018-04-02 14:02:07','2018-04-02 14:02:07'),(16,'Exististieron Irregularidades graves, plenamente acreditadas y no reparables durante la jornada electoral','','2018-04-02 14:02:07','2018-04-02 14:02:07');
/*!40000 ALTER TABLE `xmf_incidencias` ENABLE KEYS */;
UNLOCK TABLES;

--
-- Table structure for table `xmf_partidos`
--

DROP TABLE IF EXISTS `xmf_partidos`;
/*!40101 SET @saved_cs_client     = @@character_set_client */;
/*!40101 SET character_set_client = utf8 */;
CREATE TABLE `xmf_partidos` (
  `id` int(10) unsigned NOT NULL AUTO_INCREMENT,
  `nombre` text DEFAULT NULL,
  `formula` text DEFAULT NULL,
  `is_coalicion` tinyint(1) NOT NULL DEFAULT 0,
  `has_parent` tinyint(1) NOT NULL DEFAULT 0,
  `parent_id` int(10) unsigned DEFAULT NULL,
  `is_funcionario` tinyint(1) NOT NULL DEFAULT 0,
  `funcionario_name` char(55) DEFAULT NULL,
  `funcionario_lastname` char(55) DEFAULT NULL,
  `description` text DEFAULT NULL,
  `created` datetime DEFAULT NULL,
  `modified` datetime DEFAULT NULL,
  `bloque` int(11) DEFAULT NULL,
  `orden` int(11) DEFAULT NULL,
  PRIMARY KEY (`id`)
) ENGINE=InnoDB AUTO_INCREMENT=39 DEFAULT CHARSET=utf8mb4 COMMENT='INFORMACION PARTIDOS';
/*!40101 SET character_set_client = @saved_cs_client */;

--
-- Dumping data for table `xmf_partidos`
--

LOCK TABLES `xmf_partidos` WRITE;
/*!40000 ALTER TABLE `xmf_partidos` DISABLE KEYS */;
INSERT INTO `xmf_partidos` VALUES (1,'PAN-PRD-MC','PAN',0,0,NULL,1,'RICARDO','ANAYA CORTES','','2018-04-02 14:02:07','2018-04-02 14:02:07',1,50),(2,'PRI-PVE-PANAL','PRI',0,0,NULL,1,'JOSÉ ANTONIO','MEADE KURIBREÑA','','2018-04-02 14:02:07','2018-04-02 14:02:07',1,51),(3,'PAN-PRD-MC','PRD',0,0,NULL,1,'RICARDO','ANAYA CORTES','','2018-04-02 14:02:07','2018-04-02 14:02:07',1,52),(4,'PRI-PVE-PANAL','PVE',0,0,NULL,1,'JOSÉ ANTONIO','MEADE KURIBREÑA','','2018-04-02 14:02:07','2018-04-02 14:02:07',2,53),(5,'MORENA-PT-PES','PT',0,0,NULL,1,'ANDRÉS MANUEL','LÓPEZ OBRADOR','','2018-04-02 14:02:07','2018-04-02 14:02:07',2,55),(6,'PAN-PRD-MC','MC',0,0,NULL,1,'RICARDO','ANAYA CORTES','','2018-04-02 14:02:07','2018-04-02 14:02:07',2,54),(7,'PRI-PVE-PANAL','PANAL',0,0,NULL,1,'JOSÉ ANTONIO','MEADE KURIBREÑA','','2018-04-02 14:02:07','2018-04-02 14:02:07',3,55),(8,'MORENA-PT-PES','MORENA',0,0,NULL,1,'ANDRÉS MANUEL','LÓPEZ OBRADOR','','2018-04-02 14:02:07','2018-04-02 14:02:07',3,56),(9,'MORENA-PT-PES','PES',0,0,NULL,1,'ANDRÉS MANUEL','LÓPEZ OBRADOR','','2018-04-02 14:02:07','2018-04-02 14:02:07',3,57),(10,'PAN-PRD-MC','PAN PRD MC',1,0,NULL,0,'','','','2018-04-02 14:02:07','2018-04-02 14:02:07',NULL,10),(11,'PAN-PRD-MC','PAN PRD',1,1,10,0,'','','','2018-04-02 14:02:07','2018-04-02 14:02:07',NULL,11),(12,'PAN-PRD-MC','PAN MC',1,1,10,0,'','','','2018-04-02 14:02:07','2018-04-02 14:02:07',NULL,12),(13,'PAN-PRD-MC','PRD MC',1,1,10,0,'','','','2018-04-02 14:02:07','2018-04-02 14:02:07',NULL,13),(14,'PRI-PVE-PANAL','PRI PVE PANAL',1,0,NULL,0,'','','','2018-04-02 14:02:07','2018-04-02 14:02:07',NULL,20),(15,'PRI-PVE-PANAL','PRI PVE',1,1,14,0,'','','','2018-04-02 14:02:07','2018-04-02 14:02:07',NULL,21),(16,'PRI-PVE-PANAL','PRI PANAL',1,1,14,0,'','','','2018-04-02 14:02:07','2018-04-02 14:02:07',NULL,22),(17,'PRI-PVE-PANAL','PVE PANAL',1,1,14,0,'','','','2018-04-02 14:02:07','2018-04-02 14:02:07',NULL,23),(18,'Presidente','Presidente',0,0,NULL,1,'name','lastname','','2018-04-02 14:02:07','2018-04-02 14:02:07',4,1),(19,'Secretario','Secretario',0,0,NULL,1,'name','lastname','','2018-04-02 14:02:07','2018-04-02 14:02:07',4,2),(20,'Escrutador I','Escrutador I',0,0,NULL,1,'name','lastname','','2018-04-02 14:02:07','2018-04-02 14:02:07',5,1),(21,'Escrutador II','Escrutador II',0,0,NULL,1,'name','lastname','','2018-04-02 14:02:07','2018-04-02 14:02:07',5,2),(22,'Suplente I','Suplente I',0,0,NULL,1,'name','lastname','','2018-04-02 14:02:07','2018-04-02 14:02:07',6,1),(23,'Suplente II','Suplente II',0,0,NULL,1,'name','lastname','','2018-04-02 14:02:07','2018-04-02 14:02:07',6,2),(24,'Suplente III','Suplente III',0,0,NULL,1,'name','lastname','','2018-04-02 14:02:07','2018-04-02 14:02:07',6,3),(25,'Secretario II','Secretario II',0,0,0,1,NULL,NULL,NULL,NULL,NULL,4,3),(26,'Escrutador III','Escrutador III',0,0,0,1,NULL,NULL,NULL,NULL,NULL,5,3),(27,'MORENA-PT-PES','MORENA PT PES',1,0,NULL,0,'','','','2018-04-17 20:10:46','2018-04-17 20:10:46',NULL,30),(28,'MORENA-PT-PES','MORENA PES',1,1,27,0,'','','','2018-04-17 20:16:57','2018-04-17 20:16:57',NULL,31),(29,'MORENA-PT-PES','MORENA PT',1,1,27,0,'','','','2018-04-17 20:20:15','2018-04-17 20:20:15',NULL,32),(30,'MORENA-PT-PES','PT PES',1,1,27,0,'','','','2018-04-17 20:23:06','2018-04-17 20:23:06',NULL,33),(31,'Margarita Zavala','Margarita Zavala',0,0,0,0,'MARGARITA ESTER','ZAVALA GÓMEZ DEL CAMPO','','2018-04-17 21:14:21','2018-04-17 21:14:21',NULL,61),(32,'Bronco','Bronco',0,0,0,0,'JAIME HELIODORO','RODRÍGUEZ CALDERÓN','','2018-04-17 21:14:29','2018-04-17 21:14:29',NULL,60),(33,'Votos Nulos','Votos Nulos',0,0,0,0,'','','','2018-04-17 21:14:35','2018-04-17 21:14:35',NULL,90),(34,'No Registrados','No Registrados',0,0,0,0,'','','','2018-04-17 21:14:39','2018-04-17 21:14:39',NULL,80),(36,'MORENA-PT','MORENA-PT',1,0,0,0,'LÓPEZ OBRADOR','LÓPEZ OBRADOR',NULL,NULL,NULL,NULL,59),(37,'MORENA-PT','MORENA',0,0,NULL,1,'ANDRÉS MANUEL','LÓPEZ OBRADOR','','2018-04-02 14:02:07','2018-04-02 14:02:07',3,56),(38,'MORENA-PT','PT',0,0,NULL,1,'ANDRÉS MANUEL','LÓPEZ OBRADOR','','2018-04-02 14:02:07','2018-04-02 14:02:07',2,55);
/*!40000 ALTER TABLE `xmf_partidos` ENABLE KEYS */;
UNLOCK TABLES;

--
-- Table structure for table `xmf_presences_references`
--

DROP TABLE IF EXISTS `xmf_presences_references`;
/*!40101 SET @saved_cs_client     = @@character_set_client */;
/*!40101 SET character_set_client = utf8 */;
CREATE TABLE `xmf_presences_references` (
  `id` int(10) unsigned NOT NULL AUTO_INCREMENT,
  `xmf_casillas_id` int(10) unsigned NOT NULL,
  `xmf_partidos_id` int(10) unsigned NOT NULL,
  `is_present` tinyint(1) DEFAULT NULL,
  `created` datetime DEFAULT NULL,
  `modified` datetime DEFAULT NULL,
  PRIMARY KEY (`id`)
) ENGINE=InnoDB AUTO_INCREMENT=19 DEFAULT CHARSET=utf8mb4;
/*!40101 SET character_set_client = @saved_cs_client */;

--
-- Dumping data for table `xmf_presences_references`
--

LOCK TABLES `xmf_presences_references` WRITE;
/*!40000 ALTER TABLE `xmf_presences_references` DISABLE KEYS */;
INSERT INTO `xmf_presences_references` VALUES (1,27,1,1,'2018-06-21 21:30:24','2018-06-21 21:30:24'),(2,27,2,1,'2018-06-21 21:30:24','2018-06-21 21:30:24'),(3,27,3,0,'2018-06-21 21:30:24','2018-06-21 21:30:24'),(4,27,4,0,'2018-06-21 21:30:24','2018-06-21 21:30:24'),(5,27,5,1,'2018-06-21 21:30:24','2018-06-21 21:30:24'),(6,27,6,1,'2018-06-21 21:30:24','2018-06-21 21:30:24'),(7,27,7,1,'2018-06-21 21:30:24','2018-06-21 21:30:24'),(8,27,8,1,'2018-06-21 21:30:24','2018-06-21 21:30:24'),(9,27,9,0,'2018-06-21 21:30:24','2018-06-21 21:30:24'),(10,27,18,1,'2018-06-21 21:30:24','2018-06-21 21:30:24'),(11,27,19,0,'2018-06-21 21:30:24','2018-06-21 21:30:24'),(12,27,20,0,'2018-06-21 21:30:24','2018-06-21 21:30:24'),(13,27,21,1,'2018-06-21 21:30:24','2018-06-21 21:30:24'),(14,27,22,1,'2018-06-21 21:30:24','2018-06-21 21:30:24'),(15,27,23,0,'2018-06-21 21:30:24','2018-06-21 21:30:24'),(16,27,24,1,'2018-06-21 21:30:24','2018-06-21 21:30:24'),(17,27,25,1,'2018-06-21 21:30:24','2018-06-21 21:30:24'),(18,27,26,0,'2018-06-21 21:30:24','2018-06-21 21:30:24');
/*!40000 ALTER TABLE `xmf_presences_references` ENABLE KEYS */;
UNLOCK TABLES;

--
-- Temporary table structure for view `xmf_primer_reporte`
--

DROP TABLE IF EXISTS `xmf_primer_reporte`;
/*!50001 DROP VIEW IF EXISTS `xmf_primer_reporte`*/;
SET @saved_cs_client     = @@character_set_client;
SET character_set_client = utf8;
/*!50001 CREATE TABLE `xmf_primer_reporte` (
  `representante` tinyint NOT NULL,
  `xmf_casillas_id` tinyint NOT NULL,
  `xmf_partidos_id` tinyint NOT NULL,
  `nombre` tinyint NOT NULL,
  `bloque` tinyint NOT NULL,
  `orden` tinyint NOT NULL,
  `is_present` tinyint NOT NULL,
  `casilla` tinyint NOT NULL,
  `lugar_indicado` tinyint NOT NULL,
  `gente_fila` tinyint NOT NULL,
  `nombres_fila` tinyint NOT NULL
) ENGINE=MyISAM */;
SET character_set_client = @saved_cs_client;

--
-- Temporary table structure for view `xmf_primer_reporte_tab`
--

DROP TABLE IF EXISTS `xmf_primer_reporte_tab`;
/*!50001 DROP VIEW IF EXISTS `xmf_primer_reporte_tab`*/;
SET @saved_cs_client     = @@character_set_client;
SET character_set_client = utf8;
/*!50001 CREATE TABLE `xmf_primer_reporte_tab` (
  `xmf_casillas_id` tinyint NOT NULL,
  `name` tinyint NOT NULL,
  `rg_telefono` tinyint NOT NULL,
  `rc_telefono` tinyint NOT NULL
) ENGINE=MyISAM */;
SET character_set_client = @saved_cs_client;

--
-- Temporary table structure for view `xmf_reapers`
--

DROP TABLE IF EXISTS `xmf_reapers`;
/*!50001 DROP VIEW IF EXISTS `xmf_reapers`*/;
SET @saved_cs_client     = @@character_set_client;
SET character_set_client = utf8;
/*!50001 CREATE TABLE `xmf_reapers` (
  `casillas_index` tinyint NOT NULL,
  `name` tinyint NOT NULL,
  `municipio` tinyint NOT NULL,
  `seccion` tinyint NOT NULL,
  `clave_agrupamiento` tinyint NOT NULL,
  `tipo_casilla` tinyint NOT NULL,
  `urbana` tinyint NOT NULL,
  `distrito` tinyint NOT NULL,
  `locacion` tinyint NOT NULL,
  `hora_instalacion` tinyint NOT NULL,
  `hora_inicio` tinyint NOT NULL,
  `hora_cierre` tinyint NOT NULL,
  `nombre` tinyint NOT NULL,
  `formula` tinyint NOT NULL,
  `is_coalicion` tinyint NOT NULL,
  `is_funcionario` tinyint NOT NULL,
  `has_parent` tinyint NOT NULL,
  `parent_id` tinyint NOT NULL,
  `tipo` tinyint NOT NULL,
  `bloque` tinyint NOT NULL,
  `orden` tinyint NOT NULL,
  `id` tinyint NOT NULL,
  `xmf_casillas_id` tinyint NOT NULL,
  `xmf_tipo_votaciones_id` tinyint NOT NULL,
  `xmf_partidos_id` tinyint NOT NULL,
  `votes` tinyint NOT NULL
) ENGINE=MyISAM */;
SET character_set_client = @saved_cs_client;

--
-- Table structure for table `xmf_reports`
--

DROP TABLE IF EXISTS `xmf_reports`;
/*!40101 SET @saved_cs_client     = @@character_set_client */;
/*!40101 SET character_set_client = utf8 */;
CREATE TABLE `xmf_reports` (
  `id` int(10) unsigned NOT NULL AUTO_INCREMENT,
  `xmf_reports_controls_id` int(10) unsigned NOT NULL,
  `xmf_reports_definitions_id` int(10) unsigned NOT NULL,
  `xmf_casillas_id` int(10) unsigned NOT NULL,
  `xmf_partidos_id` int(10) unsigned NOT NULL,
  `xmf_tipo_votaciones_id` int(10) unsigned NOT NULL,
  `created` datetime DEFAULT NULL,
  `modified` datetime DEFAULT NULL,
  PRIMARY KEY (`id`)
) ENGINE=InnoDB DEFAULT CHARSET=utf8mb4;
/*!40101 SET character_set_client = @saved_cs_client */;

--
-- Dumping data for table `xmf_reports`
--

LOCK TABLES `xmf_reports` WRITE;
/*!40000 ALTER TABLE `xmf_reports` DISABLE KEYS */;
/*!40000 ALTER TABLE `xmf_reports` ENABLE KEYS */;
UNLOCK TABLES;

--
-- Table structure for table `xmf_reports_cierre`
--

DROP TABLE IF EXISTS `xmf_reports_cierre`;
/*!40101 SET @saved_cs_client     = @@character_set_client */;
/*!40101 SET character_set_client = utf8 */;
CREATE TABLE `xmf_reports_cierre` (
  `id` int(11) NOT NULL AUTO_INCREMENT,
  `xmf_casillas_id` int(11) NOT NULL,
  `hr_cierre` time DEFAULT NULL,
  `habia_gente_fila` tinyint(2) DEFAULT NULL,
  `votantes` int(11) DEFAULT NULL,
  `promovidos` int(11) DEFAULT NULL,
  `info_validada` tinyint(2) DEFAULT NULL,
  `created` datetime DEFAULT NULL,
  `modified` datetime DEFAULT NULL,
  PRIMARY KEY (`id`)
) ENGINE=InnoDB DEFAULT CHARSET=utf8mb4;
/*!40101 SET character_set_client = @saved_cs_client */;

--
-- Dumping data for table `xmf_reports_cierre`
--

LOCK TABLES `xmf_reports_cierre` WRITE;
/*!40000 ALTER TABLE `xmf_reports_cierre` DISABLE KEYS */;
/*!40000 ALTER TABLE `xmf_reports_cierre` ENABLE KEYS */;
UNLOCK TABLES;

--
-- Table structure for table `xmf_reports_config_definitions`
--

DROP TABLE IF EXISTS `xmf_reports_config_definitions`;
/*!40101 SET @saved_cs_client     = @@character_set_client */;
/*!40101 SET character_set_client = utf8 */;
CREATE TABLE `xmf_reports_config_definitions` (
  `id` int(10) unsigned NOT NULL AUTO_INCREMENT,
  `xmf_reports_definitions_id` int(10) unsigned NOT NULL,
  `field_name` char(1) DEFAULT NULL,
  `description` text DEFAULT NULL,
  `created` datetime DEFAULT NULL,
  `modified` datetime DEFAULT NULL,
  PRIMARY KEY (`id`)
) ENGINE=InnoDB DEFAULT CHARSET=utf8mb4;
/*!40101 SET character_set_client = @saved_cs_client */;

--
-- Dumping data for table `xmf_reports_config_definitions`
--

LOCK TABLES `xmf_reports_config_definitions` WRITE;
/*!40000 ALTER TABLE `xmf_reports_config_definitions` DISABLE KEYS */;
/*!40000 ALTER TABLE `xmf_reports_config_definitions` ENABLE KEYS */;
UNLOCK TABLES;

--
-- Table structure for table `xmf_reports_controls`
--

DROP TABLE IF EXISTS `xmf_reports_controls`;
/*!40101 SET @saved_cs_client     = @@character_set_client */;
/*!40101 SET character_set_client = utf8 */;
CREATE TABLE `xmf_reports_controls` (
  `id` int(10) unsigned NOT NULL AUTO_INCREMENT,
  `xmf_reports_id` int(10) unsigned NOT NULL,
  `xmf_users_id` int(10) unsigned NOT NULL,
  `xmf_roles_id` int(10) unsigned NOT NULL,
  `is_user_config` tinyint(1) DEFAULT 0,
  `is_role_config` tinyint(1) DEFAULT 1,
  `xmf_validations_id` int(10) unsigned NOT NULL,
  `created` datetime DEFAULT NULL,
  `modified` datetime DEFAULT NULL,
  PRIMARY KEY (`id`)
) ENGINE=InnoDB DEFAULT CHARSET=utf8mb4;
/*!40101 SET character_set_client = @saved_cs_client */;

--
-- Dumping data for table `xmf_reports_controls`
--

LOCK TABLES `xmf_reports_controls` WRITE;
/*!40000 ALTER TABLE `xmf_reports_controls` DISABLE KEYS */;
/*!40000 ALTER TABLE `xmf_reports_controls` ENABLE KEYS */;
UNLOCK TABLES;

--
-- Table structure for table `xmf_reports_definitions`
--

DROP TABLE IF EXISTS `xmf_reports_definitions`;
/*!40101 SET @saved_cs_client     = @@character_set_client */;
/*!40101 SET character_set_client = utf8 */;
CREATE TABLE `xmf_reports_definitions` (
  `id` int(10) unsigned NOT NULL AUTO_INCREMENT,
  `name` char(50) DEFAULT NULL,
  `description` text DEFAULT NULL,
  `created` datetime DEFAULT NULL,
  `modified` datetime DEFAULT NULL,
  PRIMARY KEY (`id`)
) ENGINE=InnoDB AUTO_INCREMENT=5 DEFAULT CHARSET=utf8mb4;
/*!40101 SET character_set_client = @saved_cs_client */;

--
-- Dumping data for table `xmf_reports_definitions`
--

LOCK TABLES `xmf_reports_definitions` WRITE;
/*!40000 ALTER TABLE `xmf_reports_definitions` DISABLE KEYS */;
INSERT INTO `xmf_reports_definitions` VALUES (1,'first','reporte_primero','2018-04-02 14:02:07','2018-04-02 14:02:07'),(2,'second','reporte_segundo','2018-04-02 14:02:07','2018-04-02 14:02:07'),(3,'third','reporte_tercero','2018-04-02 14:02:07','2018-04-02 14:02:07'),(4,'fourth','reporte_final','2018-04-02 14:02:07','2018-04-02 14:02:07');
/*!40000 ALTER TABLE `xmf_reports_definitions` ENABLE KEYS */;
UNLOCK TABLES;

--
-- Table structure for table `xmf_reports_segundo_tercero`
--

DROP TABLE IF EXISTS `xmf_reports_segundo_tercero`;
/*!40101 SET @saved_cs_client     = @@character_set_client */;
/*!40101 SET character_set_client = utf8 */;
CREATE TABLE `xmf_reports_segundo_tercero` (
  `id` int(11) NOT NULL AUTO_INCREMENT,
  `votantes_segundo` int(11) DEFAULT NULL,
  `promovidos_segundo` int(11) DEFAULT NULL,
  `hr_voto_segundo` time DEFAULT NULL,
  `votantes_tercero` int(11) DEFAULT NULL,
  `promovidos_tercero` int(11) DEFAULT NULL,
  `hr_voto_tercero` time DEFAULT NULL,
  `info_validada` tinyint(2) DEFAULT NULL,
  `created` datetime DEFAULT NULL,
  `modified` datetime DEFAULT NULL,
  `xmf_casillas_id` int(11) DEFAULT NULL,
  PRIMARY KEY (`id`)
) ENGINE=InnoDB DEFAULT CHARSET=utf8mb4;
/*!40101 SET character_set_client = @saved_cs_client */;

--
-- Dumping data for table `xmf_reports_segundo_tercero`
--

LOCK TABLES `xmf_reports_segundo_tercero` WRITE;
/*!40000 ALTER TABLE `xmf_reports_segundo_tercero` DISABLE KEYS */;
/*!40000 ALTER TABLE `xmf_reports_segundo_tercero` ENABLE KEYS */;
UNLOCK TABLES;

--
-- Table structure for table `xmf_tipo_votaciones`
--

DROP TABLE IF EXISTS `xmf_tipo_votaciones`;
/*!40101 SET @saved_cs_client     = @@character_set_client */;
/*!40101 SET character_set_client = utf8 */;
CREATE TABLE `xmf_tipo_votaciones` (
  `id` int(10) unsigned NOT NULL AUTO_INCREMENT,
  `tipo` char(50) DEFAULT NULL,
  `description` text DEFAULT NULL,
  `created` datetime DEFAULT NULL,
  `modified` datetime DEFAULT NULL,
  PRIMARY KEY (`id`)
) ENGINE=InnoDB AUTO_INCREMENT=7 DEFAULT CHARSET=utf8mb4;
/*!40101 SET character_set_client = @saved_cs_client */;

--
-- Dumping data for table `xmf_tipo_votaciones`
--

LOCK TABLES `xmf_tipo_votaciones` WRITE;
/*!40000 ALTER TABLE `xmf_tipo_votaciones` DISABLE KEYS */;
INSERT INTO `xmf_tipo_votaciones` VALUES (1,'Presidente','','2018-04-02 14:02:07','2018-04-02 14:02:07'),(2,'Senador','','2018-04-02 14:02:07','2018-04-02 14:02:07'),(3,'Diputado','','2018-04-02 14:02:07','2018-04-02 14:02:07'),(4,'Ayuntamiento','','2018-04-02 14:02:07','2018-04-02 14:02:07');
/*!40000 ALTER TABLE `xmf_tipo_votaciones` ENABLE KEYS */;
UNLOCK TABLES;

--
-- Table structure for table `xmf_validations`
--

DROP TABLE IF EXISTS `xmf_validations`;
/*!40101 SET @saved_cs_client     = @@character_set_client */;
/*!40101 SET character_set_client = utf8 */;
CREATE TABLE `xmf_validations` (
  `id` int(10) unsigned NOT NULL AUTO_INCREMENT,
  `reports_id` int(10) unsigned NOT NULL,
  `level` tinyint(4) NOT NULL,
  `level_validation` tinyint(1) DEFAULT NULL,
  `created` datetime DEFAULT NULL,
  `modified` datetime DEFAULT NULL,
  PRIMARY KEY (`id`)
) ENGINE=InnoDB DEFAULT CHARSET=utf8mb4;
/*!40101 SET character_set_client = @saved_cs_client */;

--
-- Dumping data for table `xmf_validations`
--

LOCK TABLES `xmf_validations` WRITE;
/*!40000 ALTER TABLE `xmf_validations` DISABLE KEYS */;
/*!40000 ALTER TABLE `xmf_validations` ENABLE KEYS */;
UNLOCK TABLES;

--
-- Table structure for table `xmf_validations_configs`
--

DROP TABLE IF EXISTS `xmf_validations_configs`;
/*!40101 SET @saved_cs_client     = @@character_set_client */;
/*!40101 SET character_set_client = utf8 */;
CREATE TABLE `xmf_validations_configs` (
  `id` int(10) unsigned NOT NULL AUTO_INCREMENT,
  `top_level` tinyint(4) NOT NULL,
  `role_id` char(36) DEFAULT NULL,
  `created` datetime DEFAULT NULL,
  `modified` datetime DEFAULT NULL,
  PRIMARY KEY (`id`)
) ENGINE=InnoDB DEFAULT CHARSET=utf8mb4;
/*!40101 SET character_set_client = @saved_cs_client */;

--
-- Dumping data for table `xmf_validations_configs`
--

LOCK TABLES `xmf_validations_configs` WRITE;
/*!40000 ALTER TABLE `xmf_validations_configs` DISABLE KEYS */;
/*!40000 ALTER TABLE `xmf_validations_configs` ENABLE KEYS */;
UNLOCK TABLES;

--
-- Table structure for table `xmf_validations_logs`
--

DROP TABLE IF EXISTS `xmf_validations_logs`;
/*!40101 SET @saved_cs_client     = @@character_set_client */;
/*!40101 SET character_set_client = utf8 */;
CREATE TABLE `xmf_validations_logs` (
  `id` int(10) unsigned NOT NULL AUTO_INCREMENT,
  `xmf_reports_id` int(10) unsigned NOT NULL,
  `xmf_validations_id` int(10) unsigned NOT NULL,
  `xmf_validations_configs_id` int(10) unsigned NOT NULL,
  `level` tinyint(4) NOT NULL,
  `level_validation` tinyint(1) DEFAULT NULL,
  `created` datetime DEFAULT NULL,
  `modified` datetime DEFAULT NULL,
  PRIMARY KEY (`id`)
) ENGINE=InnoDB DEFAULT CHARSET=utf8mb4;
/*!40101 SET character_set_client = @saved_cs_client */;

--
-- Dumping data for table `xmf_validations_logs`
--

LOCK TABLES `xmf_validations_logs` WRITE;
/*!40000 ALTER TABLE `xmf_validations_logs` DISABLE KEYS */;
/*!40000 ALTER TABLE `xmf_validations_logs` ENABLE KEYS */;
UNLOCK TABLES;

--
-- Temporary table structure for view `xmf_view_count_header`
--

DROP TABLE IF EXISTS `xmf_view_count_header`;
/*!50001 DROP VIEW IF EXISTS `xmf_view_count_header`*/;
SET @saved_cs_client     = @@character_set_client;
SET character_set_client = utf8;
/*!50001 CREATE TABLE `xmf_view_count_header` (
  `status` tinyint NOT NULL,
  `rg_id` tinyint NOT NULL,
  `presencias` tinyint NOT NULL,
  `ausencias` tinyint NOT NULL,
  `instaladas` tinyint NOT NULL,
  `abiertas` tinyint NOT NULL,
  `cerradas` tinyint NOT NULL
) ENGINE=MyISAM */;
SET character_set_client = @saved_cs_client;

--
-- Temporary table structure for view `xmf_view_reporte_segundos_terceros`
--

DROP TABLE IF EXISTS `xmf_view_reporte_segundos_terceros`;
/*!50001 DROP VIEW IF EXISTS `xmf_view_reporte_segundos_terceros`*/;
SET @saved_cs_client     = @@character_set_client;
SET character_set_client = utf8;
/*!50001 CREATE TABLE `xmf_view_reporte_segundos_terceros` (
  `xmf_casillas_id` tinyint NOT NULL,
  `name` tinyint NOT NULL,
  `votantes_segundo` tinyint NOT NULL,
  `promovidos_segundo` tinyint NOT NULL,
  `votantes_tercero` tinyint NOT NULL,
  `promovidos_tercero` tinyint NOT NULL,
  `is_twelve` tinyint NOT NULL,
  `is_thirdteen` tinyint NOT NULL
) ENGINE=MyISAM */;
SET character_set_client = @saved_cs_client;

--
-- Table structure for table `xmf_votes`
--

DROP TABLE IF EXISTS `xmf_votes`;
/*!40101 SET @saved_cs_client     = @@character_set_client */;
/*!40101 SET character_set_client = utf8 */;
CREATE TABLE `xmf_votes` (
  `id` int(10) unsigned NOT NULL AUTO_INCREMENT,
  `xmf_casillas_id` int(10) unsigned NOT NULL,
  `xmf_tipo_votaciones_id` int(10) unsigned NOT NULL,
  `xmf_partidos_id` int(10) unsigned NOT NULL,
  `votes` int(10) unsigned NOT NULL,
  `created` datetime DEFAULT NULL,
  `modified` datetime DEFAULT NULL,
  PRIMARY KEY (`id`)
) ENGINE=InnoDB AUTO_INCREMENT=53 DEFAULT CHARSET=utf8mb4;
/*!40101 SET character_set_client = @saved_cs_client */;

--
-- Dumping data for table `xmf_votes`
--

LOCK TABLES `xmf_votes` WRITE;
/*!40000 ALTER TABLE `xmf_votes` DISABLE KEYS */;
INSERT INTO `xmf_votes` VALUES (27,65,4,1,50,'2018-06-15 02:08:21','2018-06-15 02:08:21'),(28,65,4,2,50,'2018-06-15 02:08:21','2018-06-15 02:08:21'),(29,65,4,3,50,'2018-06-15 02:08:21','2018-06-15 02:08:21'),(30,65,4,4,50,'2018-06-15 02:08:21','2018-06-15 02:08:21'),(31,65,4,38,50,'2018-06-15 02:08:21','2018-06-15 02:08:21'),(32,65,4,6,50,'2018-06-15 02:08:21','2018-06-15 02:08:21'),(33,65,4,7,50,'2018-06-15 02:08:21','2018-06-15 02:08:21'),(34,65,4,37,50,'2018-06-15 02:08:21','2018-06-15 02:08:21'),(35,65,4,9,50,'2018-06-15 02:08:21','2018-06-15 02:08:21'),(36,65,4,10,50,'2018-06-15 02:08:21','2018-06-15 02:08:21'),(37,65,4,11,50,'2018-06-15 02:08:21','2018-06-15 02:08:21'),(38,65,4,12,50,'2018-06-15 02:08:21','2018-06-15 02:08:21'),(39,65,4,13,50,'2018-06-15 02:08:21','2018-06-15 02:08:21'),(40,65,4,14,50,'2018-06-15 02:08:21','2018-06-15 02:08:21'),(41,65,4,15,50,'2018-06-15 02:08:21','2018-06-15 02:08:21'),(42,65,4,16,50,'2018-06-15 02:08:21','2018-06-15 02:08:21'),(43,65,4,17,50,'2018-06-15 02:08:21','2018-06-15 02:08:21'),(44,65,4,27,0,'2018-06-15 02:08:21','2018-06-15 02:08:21'),(45,65,4,29,0,'2018-06-15 02:08:21','2018-06-15 02:08:21'),(46,65,4,30,0,'2018-06-15 02:08:21','2018-06-15 02:08:21'),(47,65,4,28,0,'2018-06-15 02:08:22','2018-06-15 02:08:22'),(48,65,4,31,0,'2018-06-15 02:08:22','2018-06-15 02:08:22'),(49,65,4,32,0,'2018-06-15 02:08:22','2018-06-15 02:08:22'),(50,65,4,34,50,'2018-06-15 02:08:22','2018-06-15 02:08:22'),(51,65,4,33,50,'2018-06-15 02:08:22','2018-06-15 02:08:22'),(52,65,4,36,50,'2018-06-15 02:08:22','2018-06-15 02:08:22');
/*!40000 ALTER TABLE `xmf_votes` ENABLE KEYS */;
UNLOCK TABLES;

--
-- Final view structure for view `xmf_primer_reporte`
--

/*!50001 DROP TABLE IF EXISTS `xmf_primer_reporte`*/;
/*!50001 DROP VIEW IF EXISTS `xmf_primer_reporte`*/;
/*!50001 SET @saved_cs_client          = @@character_set_client */;
/*!50001 SET @saved_cs_results         = @@character_set_results */;
/*!50001 SET @saved_col_connection     = @@collation_connection */;
/*!50001 SET character_set_client      = utf8 */;
/*!50001 SET character_set_results     = utf8 */;
/*!50001 SET collation_connection      = utf8_general_ci */;
/*!50001 CREATE ALGORITHM=UNDEFINED */
/*!50013 DEFINER=`root`@`localhost` SQL SECURITY DEFINER */
/*!50001 VIEW `xmf_primer_reporte` AS (select concat(`p`.`funcionario_name`,' ',`p`.`funcionario_lastname`) AS `representante`,`r`.`xmf_casillas_id` AS `xmf_casillas_id`,`r`.`xmf_partidos_id` AS `xmf_partidos_id`,`p`.`formula` AS `nombre`,`p`.`bloque` AS `bloque`,`p`.`orden` AS `orden`,`r`.`is_present` AS `is_present`,`c`.`name` AS `casilla`,`c`.`lugar_indicado` AS `lugar_indicado`,`c`.`gente_fila` AS `gente_fila`,`c`.`nombres_fila` AS `nombres_fila` from (`xmf_partidos` `p` join (`xmf_casillas` `c` join `xmf_presences_references` `r` on(`r`.`xmf_casillas_id` = `c`.`id`)) on(`r`.`xmf_partidos_id` = `p`.`id`)) order by `p`.`bloque`,`p`.`orden`) */;
/*!50001 SET character_set_client      = @saved_cs_client */;
/*!50001 SET character_set_results     = @saved_cs_results */;
/*!50001 SET collation_connection      = @saved_col_connection */;

--
-- Final view structure for view `xmf_primer_reporte_tab`
--

/*!50001 DROP TABLE IF EXISTS `xmf_primer_reporte_tab`*/;
/*!50001 DROP VIEW IF EXISTS `xmf_primer_reporte_tab`*/;
/*!50001 SET @saved_cs_client          = @@character_set_client */;
/*!50001 SET @saved_cs_results         = @@character_set_results */;
/*!50001 SET @saved_col_connection     = @@collation_connection */;
/*!50001 SET character_set_client      = utf8 */;
/*!50001 SET character_set_results     = utf8 */;
/*!50001 SET collation_connection      = utf8_general_ci */;
/*!50001 CREATE ALGORITHM=UNDEFINED */
/*!50013 DEFINER=`root`@`localhost` SQL SECURITY DEFINER */
/*!50001 VIEW `xmf_primer_reporte_tab` AS (select distinct `pr`.`xmf_casillas_id` AS `xmf_casillas_id`,`c`.`name` AS `name`,`c`.`rg_telefono` AS `rg_telefono`,`c`.`rc_telefono` AS `rc_telefono` from (`xmf_presences_references` `pr` join `xmf_casillas` `c` on(`pr`.`xmf_casillas_id` = `c`.`id`))) */;
/*!50001 SET character_set_client      = @saved_cs_client */;
/*!50001 SET character_set_results     = @saved_cs_results */;
/*!50001 SET collation_connection      = @saved_col_connection */;

--
-- Final view structure for view `xmf_reapers`
--

/*!50001 DROP TABLE IF EXISTS `xmf_reapers`*/;
/*!50001 DROP VIEW IF EXISTS `xmf_reapers`*/;
/*!50001 SET @saved_cs_client          = @@character_set_client */;
/*!50001 SET @saved_cs_results         = @@character_set_results */;
/*!50001 SET @saved_col_connection     = @@collation_connection */;
/*!50001 SET character_set_client      = utf8 */;
/*!50001 SET character_set_results     = utf8 */;
/*!50001 SET collation_connection      = utf8_general_ci */;
/*!50001 CREATE ALGORITHM=UNDEFINED */
/*!50013 DEFINER=`root`@`localhost` SQL SECURITY DEFINER */
/*!50001 VIEW `xmf_reapers` AS (select `cas`.`id` AS `casillas_index`,`cas`.`name` AS `name`,`cas`.`municipio` AS `municipio`,`cas`.`seccion` AS `seccion`,`cas`.`clave_agrupamiento` AS `clave_agrupamiento`,`cas`.`tipo_casilla` AS `tipo_casilla`,`cas`.`urbana` AS `urbana`,`cas`.`distrito` AS `distrito`,`cas`.`locacion` AS `locacion`,`cas`.`hora_instalacion` AS `hora_instalacion`,`cas`.`hora_inicio` AS `hora_inicio`,`cas`.`hora_cierre` AS `hora_cierre`,`partition`.`nombre` AS `nombre`,`partition`.`formula` AS `formula`,`partition`.`is_coalicion` AS `is_coalicion`,`partition`.`is_funcionario` AS `is_funcionario`,`partition`.`has_parent` AS `has_parent`,`partition`.`parent_id` AS `parent_id`,`tvt`.`tipo` AS `tipo`,`partition`.`bloque` AS `bloque`,`partition`.`orden` AS `orden`,`vts`.`id` AS `id`,`vts`.`xmf_casillas_id` AS `xmf_casillas_id`,`vts`.`xmf_tipo_votaciones_id` AS `xmf_tipo_votaciones_id`,`vts`.`xmf_partidos_id` AS `xmf_partidos_id`,`vts`.`votes` AS `votes` from (((`xmf_casillas` `cas` join `xmf_partidos` `partition`) join `xmf_tipo_votaciones` `tvt`) left join `xmf_votes` `vts` on(`cas`.`id` = `vts`.`xmf_casillas_id` and `vts`.`xmf_tipo_votaciones_id` = `tvt`.`id` and `vts`.`xmf_partidos_id` = `partition`.`id`))) */;
/*!50001 SET character_set_client      = @saved_cs_client */;
/*!50001 SET character_set_results     = @saved_cs_results */;
/*!50001 SET collation_connection      = @saved_col_connection */;

--
-- Final view structure for view `xmf_view_count_header`
--

/*!50001 DROP TABLE IF EXISTS `xmf_view_count_header`*/;
/*!50001 DROP VIEW IF EXISTS `xmf_view_count_header`*/;
/*!50001 SET @saved_cs_client          = @@character_set_client */;
/*!50001 SET @saved_cs_results         = @@character_set_results */;
/*!50001 SET @saved_col_connection     = @@collation_connection */;
/*!50001 SET character_set_client      = utf8 */;
/*!50001 SET character_set_results     = utf8 */;
/*!50001 SET collation_connection      = utf8_general_ci */;
/*!50001 CREATE ALGORITHM=UNDEFINED */
/*!50013 DEFINER=`root`@`localhost` SQL SECURITY DEFINER */
/*!50001 VIEW `xmf_view_count_header` AS (select `xmf_casillas`.`status` AS `status`,`xmf_casillas`.`rg_id` AS `rg_id`,case when `xmf_casillas`.`status` = 'P' and `xmf_casillas`.`hora_presencia` is not null then count(`xmf_casillas`.`id`) end AS `presencias`,case when `xmf_casillas`.`status` is null and `xmf_casillas`.`hora_presencia` is null then count(`xmf_casillas`.`id`) end AS `ausencias`,case when `xmf_casillas`.`status` = 'I' and `xmf_casillas`.`hora_instalacion` is not null then count(`xmf_casillas`.`id`) end AS `instaladas`,case when `xmf_casillas`.`status` = 'V' and `xmf_casillas`.`hora_inicio` is not null then count(`xmf_casillas`.`id`) end AS `abiertas`,case when `xmf_casillas`.`status` = 'X' and `xmf_casillas`.`hora_cierre` is not null then count(`xmf_casillas`.`id`) end AS `cerradas` from `xmf_casillas` group by `xmf_casillas`.`status`,`xmf_casillas`.`rg_id`) */;
/*!50001 SET character_set_client      = @saved_cs_client */;
/*!50001 SET character_set_results     = @saved_cs_results */;
/*!50001 SET collation_connection      = @saved_col_connection */;

--
-- Final view structure for view `xmf_view_reporte_segundos_terceros`
--

/*!50001 DROP TABLE IF EXISTS `xmf_view_reporte_segundos_terceros`*/;
/*!50001 DROP VIEW IF EXISTS `xmf_view_reporte_segundos_terceros`*/;
/*!50001 SET @saved_cs_client          = @@character_set_client */;
/*!50001 SET @saved_cs_results         = @@character_set_results */;
/*!50001 SET @saved_col_connection     = @@collation_connection */;
/*!50001 SET character_set_client      = utf8mb4 */;
/*!50001 SET character_set_results     = utf8mb4 */;
/*!50001 SET collation_connection      = utf8mb4_general_ci */;
/*!50001 CREATE ALGORITHM=UNDEFINED */
/*!50013 DEFINER=`ambagasdowa`@`localhost` SQL SECURITY DEFINER */
/*!50001 VIEW `xmf_view_reporte_segundos_terceros` AS with report as (select `rpt`.`xmf_casillas_id` AS `xmf_casillas_id`,`cas`.`name` AS `name`,`rpt`.`votantes_segundo` AS `votantes_segundo`,`rpt`.`promovidos_segundo` AS `promovidos_segundo`,`rpt`.`votantes_tercero` AS `votantes_tercero`,`rpt`.`promovidos_tercero` AS `promovidos_tercero`,case when cast(`rpt`.`created` as time) between cast('00:00:00' as time) and cast('12:00:00' as time) then 1 else 0 end AS `is_twelve`,case when cast(`rpt`.`created` as time) between cast('00:00:00' as time) and cast('15:00:00' as time) then 1 else 0 end AS `is_thirdteen` from (`xmf_reports_segundo_tercero` `rpt` join `xmf_casillas` `cas` on(`cas`.`id` = `rpt`.`xmf_casillas_id`)) where `rpt`.`xmf_casillas_id` is not null and `rpt`.`votantes_segundo` is not null or `rpt`.`votantes_tercero` is not null)select `report`.`xmf_casillas_id` AS `xmf_casillas_id`,`report`.`name` AS `name`,`report`.`votantes_segundo` AS `votantes_segundo`,`report`.`promovidos_segundo` AS `promovidos_segundo`,`report`.`votantes_tercero` AS `votantes_tercero`,`report`.`promovidos_tercero` AS `promovidos_tercero`,`report`.`is_twelve` AS `is_twelve`,`report`.`is_thirdteen` AS `is_thirdteen` from `report` */;
/*!50001 SET character_set_client      = @saved_cs_client */;
/*!50001 SET character_set_results     = @saved_cs_results */;
/*!50001 SET collation_connection      = @saved_col_connection */;
/*!40103 SET TIME_ZONE=@OLD_TIME_ZONE */;

/*!40101 SET SQL_MODE=@OLD_SQL_MODE */;
/*!40014 SET FOREIGN_KEY_CHECKS=@OLD_FOREIGN_KEY_CHECKS */;
/*!40014 SET UNIQUE_CHECKS=@OLD_UNIQUE_CHECKS */;
/*!40101 SET CHARACTER_SET_CLIENT=@OLD_CHARACTER_SET_CLIENT */;
/*!40101 SET CHARACTER_SET_RESULTS=@OLD_CHARACTER_SET_RESULTS */;
/*!40101 SET COLLATION_CONNECTION=@OLD_COLLATION_CONNECTION */;
/*!40111 SET SQL_NOTES=@OLD_SQL_NOTES */;

-- Dump completed on 2018-06-25  7:26:30
