-- MySQL dump 10.17  Distrib 10.3.20-MariaDB, for debian-linux-gnu (x86_64)
--
-- Host: localhost    Database: morena_casillas
-- ------------------------------------------------------
-- Server version	10.3.20-MariaDB-1:10.3.20+maria~bionic

/*!40101 SET @OLD_CHARACTER_SET_CLIENT=@@CHARACTER_SET_CLIENT */;
/*!40101 SET @OLD_CHARACTER_SET_RESULTS=@@CHARACTER_SET_RESULTS */;
/*!40101 SET @OLD_COLLATION_CONNECTION=@@COLLATION_CONNECTION */;
/*!40101 SET NAMES utf8mb4 */;
/*!40103 SET @OLD_TIME_ZONE=@@TIME_ZONE */;
/*!40103 SET TIME_ZONE='+00:00' */;
/*!40014 SET @OLD_UNIQUE_CHECKS=@@UNIQUE_CHECKS, UNIQUE_CHECKS=0 */;
/*!40014 SET @OLD_FOREIGN_KEY_CHECKS=@@FOREIGN_KEY_CHECKS, FOREIGN_KEY_CHECKS=0 */;
/*!40101 SET @OLD_SQL_MODE=@@SQL_MODE, SQL_MODE='NO_AUTO_VALUE_ON_ZERO' */;
/*!40111 SET @OLD_SQL_NOTES=@@SQL_NOTES, SQL_NOTES=0 */;

--
-- Table structure for table `acl_phinxlog`
--

DROP TABLE IF EXISTS `acl_phinxlog`;
/*!40101 SET @saved_cs_client     = @@character_set_client */;
/*!40101 SET character_set_client = utf8 */;
CREATE TABLE `acl_phinxlog` (
  `version` bigint(20) NOT NULL,
  `migration_name` varchar(100) DEFAULT NULL,
  `start_time` timestamp NULL DEFAULT NULL,
  `end_time` timestamp NULL DEFAULT NULL,
  `breakpoint` tinyint(1) NOT NULL DEFAULT 0,
  PRIMARY KEY (`version`)
) ENGINE=InnoDB DEFAULT CHARSET=utf8;
/*!40101 SET character_set_client = @saved_cs_client */;

--
-- Dumping data for table `acl_phinxlog`
--

LOCK TABLES `acl_phinxlog` WRITE;
/*!40000 ALTER TABLE `acl_phinxlog` DISABLE KEYS */;
INSERT INTO `acl_phinxlog` VALUES (20141229162641,'CakePhpDbAcl','2018-03-07 06:25:43','2018-03-07 06:25:43',0);
/*!40000 ALTER TABLE `acl_phinxlog` ENABLE KEYS */;
UNLOCK TABLES;

--
-- Table structure for table `acos`
--

DROP TABLE IF EXISTS `acos`;
/*!40101 SET @saved_cs_client     = @@character_set_client */;
/*!40101 SET character_set_client = utf8 */;
CREATE TABLE `acos` (
  `id` int(11) NOT NULL AUTO_INCREMENT,
  `parent_id` int(11) DEFAULT NULL,
  `model` varchar(255) DEFAULT NULL,
  `foreign_key` int(11) DEFAULT NULL,
  `alias` varchar(255) DEFAULT NULL,
  `lft` int(11) DEFAULT NULL,
  `rght` int(11) DEFAULT NULL,
  PRIMARY KEY (`id`),
  KEY `lft` (`lft`,`rght`),
  KEY `alias` (`alias`)
) ENGINE=InnoDB AUTO_INCREMENT=9 DEFAULT CHARSET=utf8;
/*!40101 SET character_set_client = @saved_cs_client */;

--
-- Dumping data for table `acos`
--

LOCK TABLES `acos` WRITE;
/*!40000 ALTER TABLE `acos` DISABLE KEYS */;
INSERT INTO `acos` VALUES (1,NULL,NULL,NULL,'controllers',1,14),(2,1,NULL,NULL,'Articles',2,13),(3,2,NULL,NULL,'index',3,4),(4,2,NULL,NULL,'view',5,6),(5,2,NULL,NULL,'add',7,8),(6,2,NULL,NULL,'edit',9,10),(7,2,NULL,NULL,'delete',11,12),(8,NULL,'Articles',1,NULL,15,16);
/*!40000 ALTER TABLE `acos` ENABLE KEYS */;
UNLOCK TABLES;

--
-- Table structure for table `aros`
--

DROP TABLE IF EXISTS `aros`;
/*!40101 SET @saved_cs_client     = @@character_set_client */;
/*!40101 SET character_set_client = utf8 */;
CREATE TABLE `aros` (
  `id` int(11) NOT NULL AUTO_INCREMENT,
  `parent_id` int(11) DEFAULT NULL,
  `model` varchar(255) DEFAULT NULL,
  `foreign_key` char(36) DEFAULT NULL,
  `alias` varchar(255) DEFAULT NULL,
  `lft` int(11) DEFAULT NULL,
  `rght` int(11) DEFAULT NULL,
  PRIMARY KEY (`id`),
  KEY `lft` (`lft`,`rght`),
  KEY `alias` (`alias`)
) ENGINE=InnoDB AUTO_INCREMENT=6 DEFAULT CHARSET=utf8;
/*!40101 SET character_set_client = @saved_cs_client */;

--
-- Dumping data for table `aros`
--

LOCK TABLES `aros` WRITE;
/*!40000 ALTER TABLE `aros` DISABLE KEYS */;
INSERT INTO `aros` VALUES (1,NULL,'Roles','80687266-6761-43a2-bd98-f42349a9bb63',NULL,1,4),(2,NULL,'Roles','5197c80d-2d30-4225-a757-b31592c9e0f0',NULL,5,6),(3,NULL,'Roles','e687cb91-4cdf-4ab2-992f-e76584199c2e',NULL,7,10),(4,1,'MyUsers','a51e5518-c666-40ca-92db-f27202c07160',NULL,2,3),(5,3,'MyUsers','394e7d5f-ed21-4201-a53a-7a9d3a70f66b',NULL,8,9);
/*!40000 ALTER TABLE `aros` ENABLE KEYS */;
UNLOCK TABLES;

--
-- Table structure for table `aros_acos`
--

DROP TABLE IF EXISTS `aros_acos`;
/*!40101 SET @saved_cs_client     = @@character_set_client */;
/*!40101 SET character_set_client = utf8 */;
CREATE TABLE `aros_acos` (
  `id` int(11) NOT NULL AUTO_INCREMENT,
  `aro_id` int(11) NOT NULL,
  `aco_id` int(11) NOT NULL,
  `_create` varchar(2) NOT NULL DEFAULT '0',
  `_read` varchar(2) NOT NULL DEFAULT '0',
  `_update` varchar(2) NOT NULL DEFAULT '0',
  `_delete` varchar(2) NOT NULL DEFAULT '0',
  PRIMARY KEY (`id`),
  UNIQUE KEY `aro_id` (`aro_id`,`aco_id`),
  KEY `aco_id` (`aco_id`)
) ENGINE=InnoDB AUTO_INCREMENT=6 DEFAULT CHARSET=utf8;
/*!40101 SET character_set_client = @saved_cs_client */;

--
-- Dumping data for table `aros_acos`
--

LOCK TABLES `aros_acos` WRITE;
/*!40000 ALTER TABLE `aros_acos` DISABLE KEYS */;
INSERT INTO `aros_acos` VALUES (1,1,5,'1','1','1','1'),(2,3,4,'1','1','1','1'),(3,1,3,'1','1','1','1'),(4,2,3,'1','1','1','1'),(5,3,3,'1','1','1','1');
/*!40000 ALTER TABLE `aros_acos` ENABLE KEYS */;
UNLOCK TABLES;

--
-- Table structure for table `cake_d_c_users_phinxlog`
--

DROP TABLE IF EXISTS `cake_d_c_users_phinxlog`;
/*!40101 SET @saved_cs_client     = @@character_set_client */;
/*!40101 SET character_set_client = utf8 */;
CREATE TABLE `cake_d_c_users_phinxlog` (
  `version` bigint(20) NOT NULL,
  `migration_name` varchar(100) DEFAULT NULL,
  `start_time` timestamp NULL DEFAULT NULL,
  `end_time` timestamp NULL DEFAULT NULL,
  `breakpoint` tinyint(1) NOT NULL DEFAULT 0,
  PRIMARY KEY (`version`)
) ENGINE=InnoDB DEFAULT CHARSET=utf8;
/*!40101 SET character_set_client = @saved_cs_client */;

--
-- Dumping data for table `cake_d_c_users_phinxlog`
--

LOCK TABLES `cake_d_c_users_phinxlog` WRITE;
/*!40000 ALTER TABLE `cake_d_c_users_phinxlog` DISABLE KEYS */;
INSERT INTO `cake_d_c_users_phinxlog` VALUES (20150513201111,'Initial','2018-03-07 06:25:36','2018-03-07 06:25:36',0),(20161031101316,'AddSecretToUsers','2018-03-07 06:25:36','2018-03-07 06:25:36',0);
/*!40000 ALTER TABLE `cake_d_c_users_phinxlog` ENABLE KEYS */;
UNLOCK TABLES;

--
-- Table structure for table `roles`
--

DROP TABLE IF EXISTS `roles`;
/*!40101 SET @saved_cs_client     = @@character_set_client */;
/*!40101 SET character_set_client = utf8 */;
CREATE TABLE `roles` (
  `id` char(36) NOT NULL,
  `name` char(120) NOT NULL,
  `created` datetime DEFAULT NULL,
  `modified` datetime DEFAULT NULL,
  PRIMARY KEY (`id`)
) ENGINE=InnoDB DEFAULT CHARSET=utf8mb4;
/*!40101 SET character_set_client = @saved_cs_client */;

--
-- Dumping data for table `roles`
--

LOCK TABLES `roles` WRITE;
/*!40000 ALTER TABLE `roles` DISABLE KEYS */;
INSERT INTO `roles` VALUES ('5197c80d-2d30-4225-a757-b31592c9e0f0','Admin','2018-03-07 00:27:41','2018-03-07 00:27:41'),('80687266-6761-43a2-bd98-f42349a9bb63','Captura','2018-03-07 00:27:30','2018-03-07 00:27:30'),('e687cb91-4cdf-4ab2-992f-e76584199c2e','Monitor','2018-03-07 00:27:46','2018-03-07 00:27:46');
/*!40000 ALTER TABLE `roles` ENABLE KEYS */;
UNLOCK TABLES;

--
-- Table structure for table `social_accounts`
--

DROP TABLE IF EXISTS `social_accounts`;
/*!40101 SET @saved_cs_client     = @@character_set_client */;
/*!40101 SET character_set_client = utf8 */;
CREATE TABLE `social_accounts` (
  `id` char(36) NOT NULL,
  `user_id` char(36) NOT NULL,
  `provider` varchar(255) NOT NULL,
  `username` varchar(255) DEFAULT NULL,
  `reference` varchar(255) NOT NULL,
  `avatar` varchar(255) DEFAULT NULL,
  `description` text DEFAULT NULL,
  `link` varchar(255) NOT NULL,
  `token` varchar(500) NOT NULL,
  `token_secret` varchar(500) DEFAULT NULL,
  `token_expires` datetime DEFAULT NULL,
  `active` tinyint(1) NOT NULL DEFAULT 1,
  `data` text NOT NULL,
  `created` datetime NOT NULL,
  `modified` datetime NOT NULL,
  PRIMARY KEY (`id`),
  KEY `user_id` (`user_id`),
  CONSTRAINT `social_accounts_ibfk_1` FOREIGN KEY (`user_id`) REFERENCES `users` (`id`) ON DELETE CASCADE ON UPDATE CASCADE
) ENGINE=InnoDB DEFAULT CHARSET=utf8mb4;
/*!40101 SET character_set_client = @saved_cs_client */;

--
-- Dumping data for table `social_accounts`
--

LOCK TABLES `social_accounts` WRITE;
/*!40000 ALTER TABLE `social_accounts` DISABLE KEYS */;
/*!40000 ALTER TABLE `social_accounts` ENABLE KEYS */;
UNLOCK TABLES;

--
-- Table structure for table `users`
--

DROP TABLE IF EXISTS `users`;
/*!40101 SET @saved_cs_client     = @@character_set_client */;
/*!40101 SET character_set_client = utf8 */;
CREATE TABLE `users` (
  `id` char(36) NOT NULL,
  `username` varchar(255) NOT NULL,
  `email` varchar(255) DEFAULT NULL,
  `password` varchar(255) NOT NULL,
  `first_name` varchar(50) DEFAULT NULL,
  `last_name` varchar(50) DEFAULT NULL,
  `token` varchar(255) DEFAULT NULL,
  `token_expires` datetime DEFAULT NULL,
  `api_token` varchar(255) DEFAULT NULL,
  `activation_date` datetime DEFAULT NULL,
  `secret` varchar(32) DEFAULT NULL,
  `secret_verified` tinyint(1) DEFAULT NULL,
  `tos_date` datetime DEFAULT NULL,
  `active` tinyint(1) NOT NULL DEFAULT 0,
  `is_superuser` tinyint(1) NOT NULL DEFAULT 0,
  `role_id` char(36) DEFAULT NULL,
  `created` datetime NOT NULL,
  `modified` datetime NOT NULL,
  PRIMARY KEY (`id`),
  KEY `role_id` (`role_id`),
  CONSTRAINT `users_ibfk_1` FOREIGN KEY (`role_id`) REFERENCES `roles` (`id`)
) ENGINE=InnoDB DEFAULT CHARSET=utf8mb4;
/*!40101 SET character_set_client = @saved_cs_client */;

--
-- Dumping data for table `users`
--

LOCK TABLES `users` WRITE;
/*!40000 ALTER TABLE `users` DISABLE KEYS */;
INSERT INTO `users` VALUES ('0190mvp-xbw3-dzvh-c55t','693C1',NULL,'$2y$10$7Nr7lHpeouo.3Swq.mM.3uNu0zjJmyyEGxgTOA1F9UYq7dXSFfyHK','EIDY AURORA','BRICEÑO CIME',NULL,NULL,NULL,NULL,NULL,NULL,NULL,1,0,'80687266-6761-43a2-bd98-f42349a9bb63','2018-06-27 20:47:11','2018-06-27 20:47:11'),('03h51nx-bnt4-dd1p-8b1b','691C1',NULL,'$2y$10$7Nr7lHpeouo.3Swq.mM.3uNu0zjJmyyEGxgTOA1F9UYq7dXSFfyHK','AURORA','MORALES RAMIREZ',NULL,NULL,NULL,NULL,NULL,NULL,NULL,1,0,'80687266-6761-43a2-bd98-f42349a9bb63','2018-06-27 20:47:11','2018-06-27 20:47:11'),('0boa68i-k80t-pqh7-uqbt','764B1',NULL,'$2y$10$7Nr7lHpeouo.3Swq.mM.3uNu0zjJmyyEGxgTOA1F9UYq7dXSFfyHK','ANA KAREN','SANTIS MORALES',NULL,NULL,NULL,NULL,NULL,NULL,NULL,1,0,'80687266-6761-43a2-bd98-f42349a9bb63','2018-06-27 20:47:13','2018-06-27 20:47:13'),('0dm8d65-a1p9-lceb-oytu','875C18',NULL,'$2y$10$7Nr7lHpeouo.3Swq.mM.3uNu0zjJmyyEGxgTOA1F9UYq7dXSFfyHK','SANDY JAVIER','YAM MAY',NULL,NULL,NULL,NULL,NULL,NULL,NULL,1,0,'80687266-6761-43a2-bd98-f42349a9bb63','2018-06-27 20:47:13','2018-06-27 20:47:13'),('0fqvfg7-jk5c-jj0d-ekfb','713B1',NULL,'$2y$10$7Nr7lHpeouo.3Swq.mM.3uNu0zjJmyyEGxgTOA1F9UYq7dXSFfyHK','RUBEN ALEJANDRO','CORTES JIMENEZ',NULL,NULL,NULL,NULL,NULL,NULL,NULL,1,0,'80687266-6761-43a2-bd98-f42349a9bb63','2018-06-27 20:47:11','2018-06-27 20:47:11'),('0m6j4z7-weg8-904p-ls94','881C2',NULL,'$2y$10$7Nr7lHpeouo.3Swq.mM.3uNu0zjJmyyEGxgTOA1F9UYq7dXSFfyHK','JIOMARA DE JESUS','GARCIA BARABATA',NULL,NULL,NULL,NULL,NULL,NULL,NULL,1,0,'80687266-6761-43a2-bd98-f42349a9bb63','2018-06-27 20:47:13','2018-06-27 20:47:13'),('0snst3e-pthv-yxsn-uk56','892C1',NULL,'$2y$10$7Nr7lHpeouo.3Swq.mM.3uNu0zjJmyyEGxgTOA1F9UYq7dXSFfyHK','FATIMA EUNICE','WITZIL CUXIN',NULL,NULL,NULL,NULL,NULL,NULL,NULL,1,0,'80687266-6761-43a2-bd98-f42349a9bb63','2018-06-27 20:47:13','2018-06-27 20:47:13'),('0td9jtc-ytpw-245o-aoi0','732C1',NULL,'$2y$10$7Nr7lHpeouo.3Swq.mM.3uNu0zjJmyyEGxgTOA1F9UYq7dXSFfyHK','YALY DEL JESUS','SOSA PECH',NULL,NULL,NULL,NULL,NULL,NULL,NULL,1,0,'80687266-6761-43a2-bd98-f42349a9bb63','2018-06-27 20:47:12','2018-06-27 20:47:12'),('0tru8z6-tjbc-qx3b-432a','693B1',NULL,'$2y$10$7Nr7lHpeouo.3Swq.mM.3uNu0zjJmyyEGxgTOA1F9UYq7dXSFfyHK','JAQUELIN','GARCIA NOH',NULL,NULL,NULL,NULL,NULL,NULL,NULL,1,0,'80687266-6761-43a2-bd98-f42349a9bb63','2018-06-27 20:47:11','2018-06-27 20:47:11'),('10aw84q-txkm-nzfh-kor4','725C2',NULL,'$2y$10$7Nr7lHpeouo.3Swq.mM.3uNu0zjJmyyEGxgTOA1F9UYq7dXSFfyHK','AURA OSCIEL','SOSA LOPEZ',NULL,NULL,NULL,NULL,NULL,NULL,NULL,1,0,'80687266-6761-43a2-bd98-f42349a9bb63','2018-06-27 20:47:12','2018-06-27 20:47:12'),('12ez1re-dyg9-nvba-jjuf','874C3',NULL,'$2y$10$7Nr7lHpeouo.3Swq.mM.3uNu0zjJmyyEGxgTOA1F9UYq7dXSFfyHK','BREIDA SAIRELI','ATAXCA BORGES',NULL,NULL,NULL,NULL,NULL,NULL,NULL,1,0,'80687266-6761-43a2-bd98-f42349a9bb63','2018-06-27 20:47:13','2018-06-27 20:47:13'),('17z2udw-3v0d-lgd4-3ndj','ulisesM',NULL,'$2y$10$A2d8Ndnrtm360ipRiXNjmOksr82CF64HcUiK2adXB8r43VgQkjnhG','ULISES','MEJÍA',NULL,NULL,NULL,NULL,NULL,NULL,NULL,1,1,'5197c80d-2d30-4225-a757-b31592c9e0f0','2018-06-27 21:43:12','2018-06-27 21:43:12'),('19fpj3c-7tjq-mf9r-xu6s','762B1',NULL,'$2y$10$7Nr7lHpeouo.3Swq.mM.3uNu0zjJmyyEGxgTOA1F9UYq7dXSFfyHK','ESTELA ANGELINA','SOSA COCOM',NULL,NULL,NULL,NULL,NULL,NULL,NULL,1,0,'80687266-6761-43a2-bd98-f42349a9bb63','2018-06-27 20:47:13','2018-06-27 20:47:13'),('1lulio2-qsev-oy2i-wmnx','764C1',NULL,'$2y$10$7Nr7lHpeouo.3Swq.mM.3uNu0zjJmyyEGxgTOA1F9UYq7dXSFfyHK','ANA QUELY','SANTIS MORALES',NULL,NULL,NULL,NULL,NULL,NULL,NULL,1,0,'80687266-6761-43a2-bd98-f42349a9bb63','2018-06-27 20:47:14','2018-06-27 20:47:14'),('1nnuvhv-1arz-xjnq-a6ee','750B1',NULL,'$2y$10$7Nr7lHpeouo.3Swq.mM.3uNu0zjJmyyEGxgTOA1F9UYq7dXSFfyHK','LANDY ROCILI','BOLIO CAAMAL',NULL,NULL,NULL,NULL,NULL,NULL,NULL,1,0,'80687266-6761-43a2-bd98-f42349a9bb63','2018-06-27 20:47:14','2018-06-27 20:47:14'),('23osal2-1i0s-59hc-sw1n','677B1',NULL,'$2y$10$7Nr7lHpeouo.3Swq.mM.3uNu0zjJmyyEGxgTOA1F9UYq7dXSFfyHK','MARIA DEL CARMEN','HURTADO ALVAREZ',NULL,NULL,NULL,NULL,NULL,NULL,NULL,1,0,'80687266-6761-43a2-bd98-f42349a9bb63','2018-06-27 20:47:11','2018-06-27 20:47:11'),('269vosd-d8py-26p4-ah0w','733C1',NULL,'$2y$10$7Nr7lHpeouo.3Swq.mM.3uNu0zjJmyyEGxgTOA1F9UYq7dXSFfyHK','ESTEFANI DE LOS ANGELES','CANUL CARRETA',NULL,NULL,NULL,NULL,NULL,NULL,NULL,1,0,'80687266-6761-43a2-bd98-f42349a9bb63','2018-06-27 20:47:13','2018-06-27 20:47:13'),('2at6h3s-nsnx-8qa8-sdzl','885C1',NULL,'$2y$10$7Nr7lHpeouo.3Swq.mM.3uNu0zjJmyyEGxgTOA1F9UYq7dXSFfyHK','TRINIDAD DEL ROSARIO','JIMENEZ CASTELLANOS',NULL,NULL,NULL,NULL,NULL,NULL,NULL,1,0,'80687266-6761-43a2-bd98-f42349a9bb63','2018-06-27 20:47:13','2018-06-27 20:47:13'),('2igfdyf-bz0a-fku2-fcj8','877B1',NULL,'$2y$10$7Nr7lHpeouo.3Swq.mM.3uNu0zjJmyyEGxgTOA1F9UYq7dXSFfyHK','SERGIO','JIMENEZ LOPEZ',NULL,NULL,NULL,NULL,NULL,NULL,NULL,1,0,'80687266-6761-43a2-bd98-f42349a9bb63','2018-06-27 20:47:13','2018-06-27 20:47:13'),('2kh6mhh-1td3-wsar-cxji','909B1',NULL,'$2y$10$7Nr7lHpeouo.3Swq.mM.3uNu0zjJmyyEGxgTOA1F9UYq7dXSFfyHK','LA CRUZ OBET','HERNANDEZ DE',NULL,NULL,NULL,NULL,NULL,NULL,NULL,1,0,'80687266-6761-43a2-bd98-f42349a9bb63','2018-06-27 20:47:13','2018-06-27 20:47:13'),('2m25wso-qp9x-b5k1-xnoa','759C1',NULL,'$2y$10$7Nr7lHpeouo.3Swq.mM.3uNu0zjJmyyEGxgTOA1F9UYq7dXSFfyHK','WENDY PAOLA','GALA CASTILLO',NULL,NULL,NULL,NULL,NULL,NULL,NULL,1,0,'80687266-6761-43a2-bd98-f42349a9bb63','2018-06-27 20:47:14','2018-06-27 20:47:14'),('2o0i014-7qyc-2ayf-8fiv','874C5',NULL,'$2y$10$7Nr7lHpeouo.3Swq.mM.3uNu0zjJmyyEGxgTOA1F9UYq7dXSFfyHK','NALLELY','CANSECO REYES',NULL,NULL,NULL,NULL,NULL,NULL,NULL,1,0,'80687266-6761-43a2-bd98-f42349a9bb63','2018-06-27 20:47:13','2018-06-27 20:47:13'),('2s0zm9v-gc59-sxrx-7alp','886C1',NULL,'$2y$10$7Nr7lHpeouo.3Swq.mM.3uNu0zjJmyyEGxgTOA1F9UYq7dXSFfyHK','LUIS ALBERTO','VARELA XOOL',NULL,NULL,NULL,NULL,NULL,NULL,NULL,1,0,'80687266-6761-43a2-bd98-f42349a9bb63','2018-06-27 20:47:13','2018-06-27 20:47:13'),('2s6f22i-olji-9vxw-vws8','875C1',NULL,'$2y$10$7Nr7lHpeouo.3Swq.mM.3uNu0zjJmyyEGxgTOA1F9UYq7dXSFfyHK','PALOMA','RIVAS COBOS',NULL,NULL,NULL,NULL,NULL,NULL,NULL,1,0,'80687266-6761-43a2-bd98-f42349a9bb63','2018-06-27 20:47:13','2018-06-27 20:47:13'),('3khd8mk-a2gq-hszi-ocmm','734C1',NULL,'$2y$10$7Nr7lHpeouo.3Swq.mM.3uNu0zjJmyyEGxgTOA1F9UYq7dXSFfyHK','ENRIQUE','SANCHEZ GOMEZ',NULL,NULL,NULL,NULL,NULL,NULL,NULL,1,0,'80687266-6761-43a2-bd98-f42349a9bb63','2018-06-27 20:47:12','2018-06-27 20:47:12'),('3lu8v93-o8d1-30hj-7kja','888C1',NULL,'$2y$10$7Nr7lHpeouo.3Swq.mM.3uNu0zjJmyyEGxgTOA1F9UYq7dXSFfyHK','ROBERTO','TORRES LUCHO',NULL,NULL,NULL,NULL,NULL,NULL,NULL,1,0,'80687266-6761-43a2-bd98-f42349a9bb63','2018-06-27 20:47:13','2018-06-27 20:47:13'),('3plcgq7-f6tw-rgke-tgc3','680C2',NULL,'$2y$10$7Nr7lHpeouo.3Swq.mM.3uNu0zjJmyyEGxgTOA1F9UYq7dXSFfyHK','ANA RUTH','VAZQUEZ ALCOCER',NULL,NULL,NULL,NULL,NULL,NULL,NULL,1,0,'80687266-6761-43a2-bd98-f42349a9bb63','2018-06-27 20:47:11','2018-06-27 20:47:11'),('3qbnol3-xp55-cjzg-uam6','668B1',NULL,'$2y$10$7Nr7lHpeouo.3Swq.mM.3uNu0zjJmyyEGxgTOA1F9UYq7dXSFfyHK','ZULIA ZOE','MARTINEZ DENEGRI',NULL,NULL,NULL,NULL,NULL,NULL,NULL,1,0,'80687266-6761-43a2-bd98-f42349a9bb63','2018-06-27 20:47:10','2018-06-27 20:47:10'),('3sborja-f9s6-7sdt-pj9w','729C1',NULL,'$2y$10$7Nr7lHpeouo.3Swq.mM.3uNu0zjJmyyEGxgTOA1F9UYq7dXSFfyHK','MARIA GUADALUPE','DIAZ SANCHEZ',NULL,NULL,NULL,NULL,NULL,NULL,NULL,1,0,'80687266-6761-43a2-bd98-f42349a9bb63','2018-06-27 20:47:12','2018-06-27 20:47:12'),('3vfkvxa-2xzu-v9oq-37i3','702C2',NULL,'$2y$10$7Nr7lHpeouo.3Swq.mM.3uNu0zjJmyyEGxgTOA1F9UYq7dXSFfyHK','PABLO EMMANUEL','GONZALEZ MONDRAGON',NULL,NULL,NULL,NULL,NULL,NULL,NULL,1,0,'80687266-6761-43a2-bd98-f42349a9bb63','2018-06-27 20:47:12','2018-06-27 20:47:12'),('3wf8lbc-k9a1-rc53-hf40','684B1',NULL,'$2y$10$7Nr7lHpeouo.3Swq.mM.3uNu0zjJmyyEGxgTOA1F9UYq7dXSFfyHK','DOLORES','PEREZ GONZALEZ',NULL,NULL,NULL,NULL,NULL,NULL,NULL,1,0,'80687266-6761-43a2-bd98-f42349a9bb63','2018-06-27 20:47:11','2018-06-27 20:47:11'),('3wk3ox3-sme8-4v16-9ie8','879C1',NULL,'$2y$10$7Nr7lHpeouo.3Swq.mM.3uNu0zjJmyyEGxgTOA1F9UYq7dXSFfyHK','NATALIA','MONJE GARIBO',NULL,NULL,NULL,NULL,NULL,NULL,NULL,1,0,'80687266-6761-43a2-bd98-f42349a9bb63','2018-06-27 20:47:13','2018-06-27 20:47:13'),('3xzmdzv-09ue-gjcx-6rmx','735B1',NULL,'$2y$10$7Nr7lHpeouo.3Swq.mM.3uNu0zjJmyyEGxgTOA1F9UYq7dXSFfyHK','JOSE LUIS','GALAZ VALDEZ',NULL,NULL,NULL,NULL,NULL,NULL,NULL,1,0,'80687266-6761-43a2-bd98-f42349a9bb63','2018-06-27 20:47:12','2018-06-27 20:47:12'),('44cjk80-f2pe-yox1-x7en','875C4',NULL,'$2y$10$7Nr7lHpeouo.3Swq.mM.3uNu0zjJmyyEGxgTOA1F9UYq7dXSFfyHK','LUCY PALOMO','TOLEDO AGUILAR',NULL,NULL,NULL,NULL,NULL,NULL,NULL,1,0,'80687266-6761-43a2-bd98-f42349a9bb63','2018-06-27 20:47:13','2018-06-27 20:47:13'),('45p8w71-7uws-1tx9-5rvz','915B1',NULL,'$2y$10$7Nr7lHpeouo.3Swq.mM.3uNu0zjJmyyEGxgTOA1F9UYq7dXSFfyHK','CARMEN MARIAN','GUERRA TAME',NULL,NULL,NULL,NULL,NULL,NULL,NULL,1,0,'80687266-6761-43a2-bd98-f42349a9bb63','2018-06-27 20:47:12','2018-06-27 20:47:12'),('4asyxbe-f9i3-h4yu-p871','686C1',NULL,'$2y$10$7Nr7lHpeouo.3Swq.mM.3uNu0zjJmyyEGxgTOA1F9UYq7dXSFfyHK','MIRNA GUADALUPE','RODRIGUEZ PAUL',NULL,NULL,NULL,NULL,NULL,NULL,NULL,1,0,'80687266-6761-43a2-bd98-f42349a9bb63','2018-06-27 20:47:11','2018-06-27 20:47:11'),('4d9xryg-7day-6mcg-5h9k','715B1',NULL,'$2y$10$7Nr7lHpeouo.3Swq.mM.3uNu0zjJmyyEGxgTOA1F9UYq7dXSFfyHK','MARIA DEL PILAR','BANDALA LEON',NULL,NULL,NULL,NULL,NULL,NULL,NULL,1,0,'80687266-6761-43a2-bd98-f42349a9bb63','2018-06-27 20:47:11','2018-06-27 20:47:11'),('4pv15qn-m7it-kqmx-mxig','206C9',NULL,'$2y$10$7Nr7lHpeouo.3Swq.mM.3uNu0zjJmyyEGxgTOA1F9UYq7dXSFfyHK','YORISMA DENI','COBOS ESPINDOLA',NULL,NULL,NULL,NULL,NULL,NULL,NULL,1,0,'80687266-6761-43a2-bd98-f42349a9bb63','2018-06-27 20:47:14','2018-06-27 20:47:14'),('4rbzg27-ypff-s657-mcrt','875C3',NULL,'$2y$10$7Nr7lHpeouo.3Swq.mM.3uNu0zjJmyyEGxgTOA1F9UYq7dXSFfyHK','NOEMI','GOMEZ SALDAÑA',NULL,NULL,NULL,NULL,NULL,NULL,NULL,1,0,'80687266-6761-43a2-bd98-f42349a9bb63','2018-06-27 20:47:13','2018-06-27 20:47:13'),('4zardv4-q9ts-cgg3-emh0','893B1',NULL,'$2y$10$7Nr7lHpeouo.3Swq.mM.3uNu0zjJmyyEGxgTOA1F9UYq7dXSFfyHK','WENDY CRISTINA','BARRERA CHAN',NULL,NULL,NULL,NULL,NULL,NULL,NULL,1,0,'80687266-6761-43a2-bd98-f42349a9bb63','2018-06-27 20:47:12','2018-06-27 20:47:12'),('50ia44s-7823-0m3x-s1ey','883B1',NULL,'$2y$10$7Nr7lHpeouo.3Swq.mM.3uNu0zjJmyyEGxgTOA1F9UYq7dXSFfyHK','VELKIS YASURI','MORALES RODRIGUEZ',NULL,NULL,NULL,NULL,NULL,NULL,NULL,1,0,'80687266-6761-43a2-bd98-f42349a9bb63','2018-06-27 20:47:13','2018-06-27 20:47:13'),('5d5zmx5-cmep-huhn-efm8','M0NIT0R01',NULL,'$2y$10$qQaDRgCZdK/nDzAlNUQaV.N5361oyrLhEmtosT5Lue78ztyzZV.NW','MONITOR','01',NULL,NULL,NULL,NULL,NULL,NULL,NULL,1,0,'e687cb91-4cdf-4ab2-992f-e76584199c2e','2018-06-27 21:02:57','2018-06-27 21:02:57'),('5ddg8w5-pic9-dk1m-zz0r','675B1',NULL,'$2y$10$7Nr7lHpeouo.3Swq.mM.3uNu0zjJmyyEGxgTOA1F9UYq7dXSFfyHK','CARLOS ENRIQUE','GOMEZ BETANCOURT',NULL,NULL,NULL,NULL,NULL,NULL,NULL,1,0,'80687266-6761-43a2-bd98-f42349a9bb63','2018-06-27 20:47:11','2018-06-27 20:47:11'),('5ew78dh-453b-op0l-b4l0','765C1',NULL,'$2y$10$7Nr7lHpeouo.3Swq.mM.3uNu0zjJmyyEGxgTOA1F9UYq7dXSFfyHK','ROSSELY ABELINE','RODRIGUEZ BOLIO',NULL,NULL,NULL,NULL,NULL,NULL,NULL,1,0,'80687266-6761-43a2-bd98-f42349a9bb63','2018-06-27 20:47:14','2018-06-27 20:47:14'),('5fitgue-s3sn-5vau-qqon','698C1',NULL,'$2y$10$7Nr7lHpeouo.3Swq.mM.3uNu0zjJmyyEGxgTOA1F9UYq7dXSFfyHK','XOCHILT','QUIROGA RIVERA',NULL,NULL,NULL,NULL,NULL,NULL,NULL,1,0,'80687266-6761-43a2-bd98-f42349a9bb63','2018-06-27 20:47:12','2018-06-27 20:47:12'),('5fjovq6-inuc-7e5x-j0uf','774B1',NULL,'$2y$10$7Nr7lHpeouo.3Swq.mM.3uNu0zjJmyyEGxgTOA1F9UYq7dXSFfyHK','MANUEL','BUSTOS GUTIERREZ',NULL,NULL,NULL,NULL,NULL,NULL,NULL,1,0,'80687266-6761-43a2-bd98-f42349a9bb63','2018-06-27 20:47:14','2018-06-27 20:47:14'),('5gfv2ae-ii7a-19xl-nkb6','680C4',NULL,'$2y$10$7Nr7lHpeouo.3Swq.mM.3uNu0zjJmyyEGxgTOA1F9UYq7dXSFfyHK','JESUS OMAR','ORTIZ LOPEZ',NULL,NULL,NULL,NULL,NULL,NULL,NULL,1,0,'80687266-6761-43a2-bd98-f42349a9bb63','2018-06-27 20:47:11','2018-06-27 20:47:11'),('5nel4h1-lrvc-23ol-yot4','699B1',NULL,'$2y$10$7Nr7lHpeouo.3Swq.mM.3uNu0zjJmyyEGxgTOA1F9UYq7dXSFfyHK','EDITH ITZEL GERALDINE','SANTOYO QUIAM',NULL,NULL,NULL,NULL,NULL,NULL,NULL,1,0,'80687266-6761-43a2-bd98-f42349a9bb63','2018-06-27 20:47:12','2018-06-27 20:47:12'),('5pwd8c0-zw0d-cmwm-69yy','880C1',NULL,'$2y$10$7Nr7lHpeouo.3Swq.mM.3uNu0zjJmyyEGxgTOA1F9UYq7dXSFfyHK','MARIA DE LOS ANGELES','GRANGUILLHOME MARTINEZ',NULL,NULL,NULL,NULL,NULL,NULL,NULL,1,0,'80687266-6761-43a2-bd98-f42349a9bb63','2018-06-27 20:47:13','2018-06-27 20:47:13'),('5u5z320-ggrp-oegz-c126','726C1',NULL,'$2y$10$7Nr7lHpeouo.3Swq.mM.3uNu0zjJmyyEGxgTOA1F9UYq7dXSFfyHK','DANIEL ADOLFO','CHICLIN HAU',NULL,NULL,NULL,NULL,NULL,NULL,NULL,1,0,'80687266-6761-43a2-bd98-f42349a9bb63','2018-06-27 20:47:11','2018-06-27 20:47:11'),('5v3ik35-wlfh-gog6-06ls','889B1',NULL,'$2y$10$7Nr7lHpeouo.3Swq.mM.3uNu0zjJmyyEGxgTOA1F9UYq7dXSFfyHK','DAISY MARGARITA','MENDEZ TRIGUEROS',NULL,NULL,NULL,NULL,NULL,NULL,NULL,1,0,'80687266-6761-43a2-bd98-f42349a9bb63','2018-06-27 20:47:13','2018-06-27 20:47:13'),('60t4vrw-d2hj-jpw3-fdop','697C1',NULL,'$2y$10$7Nr7lHpeouo.3Swq.mM.3uNu0zjJmyyEGxgTOA1F9UYq7dXSFfyHK','VICENTE','COLLADO SANCHEZ',NULL,NULL,NULL,NULL,NULL,NULL,NULL,1,0,'80687266-6761-43a2-bd98-f42349a9bb63','2018-06-27 20:47:12','2018-06-27 20:47:12'),('61dt3sb-bkcl-mxiz-w108','888B1',NULL,'$2y$10$7Nr7lHpeouo.3Swq.mM.3uNu0zjJmyyEGxgTOA1F9UYq7dXSFfyHK','RODOLFO','VINAGRE HERNANDEZ',NULL,NULL,NULL,NULL,NULL,NULL,NULL,1,0,'80687266-6761-43a2-bd98-f42349a9bb63','2018-06-27 20:47:13','2018-06-27 20:47:13'),('64nf3ib-vw52-c42z-xb2v','685C1',NULL,'$2y$10$7Nr7lHpeouo.3Swq.mM.3uNu0zjJmyyEGxgTOA1F9UYq7dXSFfyHK','GICELA DEL CARMEN','SALAS LOPEZ',NULL,NULL,NULL,NULL,NULL,NULL,NULL,1,0,'80687266-6761-43a2-bd98-f42349a9bb63','2018-06-27 20:47:11','2018-06-27 20:47:11'),('65vuk2h-q67j-500s-0k1f','726B1',NULL,'$2y$10$7Nr7lHpeouo.3Swq.mM.3uNu0zjJmyyEGxgTOA1F9UYq7dXSFfyHK','BENJAMIN','PORTILLO JIMENEZ',NULL,NULL,NULL,NULL,NULL,NULL,NULL,1,0,'80687266-6761-43a2-bd98-f42349a9bb63','2018-06-27 20:47:11','2018-06-27 20:47:11'),('6foxvo4-cwxk-k6t0-2mlm','736C1',NULL,'$2y$10$7Nr7lHpeouo.3Swq.mM.3uNu0zjJmyyEGxgTOA1F9UYq7dXSFfyHK','ALEJANDRO DE JESUS','RIOS HERNANDEZ',NULL,NULL,NULL,NULL,NULL,NULL,NULL,1,0,'80687266-6761-43a2-bd98-f42349a9bb63','2018-06-27 20:47:12','2018-06-27 20:47:12'),('6l2000i-c8g0-jj55-09b4','875C6',NULL,'$2y$10$7Nr7lHpeouo.3Swq.mM.3uNu0zjJmyyEGxgTOA1F9UYq7dXSFfyHK','VICTOR','AVILA GUZMAN',NULL,NULL,NULL,NULL,NULL,NULL,NULL,1,0,'80687266-6761-43a2-bd98-f42349a9bb63','2018-06-27 20:47:13','2018-06-27 20:47:13'),('6n504v3-tstn-3iiz-4p8z','725B1',NULL,'$2y$10$7Nr7lHpeouo.3Swq.mM.3uNu0zjJmyyEGxgTOA1F9UYq7dXSFfyHK','FRANCISCO','RUIZ SANCHEZ',NULL,NULL,NULL,NULL,NULL,NULL,NULL,1,0,'80687266-6761-43a2-bd98-f42349a9bb63','2018-06-27 20:47:12','2018-06-27 20:47:12'),('6rsz8s1-d1x3-g33m-b9nm','884C1',NULL,'$2y$10$7Nr7lHpeouo.3Swq.mM.3uNu0zjJmyyEGxgTOA1F9UYq7dXSFfyHK','ANA LADY','HERNANDEZ TELLEZ',NULL,NULL,NULL,NULL,NULL,NULL,NULL,1,0,'80687266-6761-43a2-bd98-f42349a9bb63','2018-06-27 20:47:13','2018-06-27 20:47:13'),('6u559p6-3fan-0kpj-a9n0','692B1',NULL,'$2y$10$7Nr7lHpeouo.3Swq.mM.3uNu0zjJmyyEGxgTOA1F9UYq7dXSFfyHK','VERONICA','RIOS GARCIA',NULL,NULL,NULL,NULL,NULL,NULL,NULL,1,0,'80687266-6761-43a2-bd98-f42349a9bb63','2018-06-27 20:47:11','2018-06-27 20:47:11'),('6vhqrdx-imvq-w09e-bm0n','875C25',NULL,'$2y$10$7Nr7lHpeouo.3Swq.mM.3uNu0zjJmyyEGxgTOA1F9UYq7dXSFfyHK','JESUS KARELY','CRUZ CEBREROS',NULL,NULL,NULL,NULL,NULL,NULL,NULL,1,0,'80687266-6761-43a2-bd98-f42349a9bb63','2018-06-27 20:47:13','2018-06-27 20:47:13'),('6z8zmkn-t6zc-lqfa-6j6a','768C5',NULL,'$2y$10$7Nr7lHpeouo.3Swq.mM.3uNu0zjJmyyEGxgTOA1F9UYq7dXSFfyHK','RANGEL','AGUILAR MENDOZA',NULL,NULL,NULL,NULL,NULL,NULL,NULL,1,0,'80687266-6761-43a2-bd98-f42349a9bb63','2018-06-27 20:47:14','2018-06-27 20:47:14'),('72bddfd3-7d2b-4638-92ca-d101259a1399','ADMIN3','cyaber@vosr.com','$2y$10$/5WCyjtPZEhQNQ8KJj7YjukSAh0djDxetXMgtmzCACyzQuzJMkdEm','Carlos','Lopez','',NULL,'',NULL,'',1,NULL,1,1,'5197c80d-2d30-4225-a757-b31592c9e0f0','2018-05-16 02:07:05','2018-05-16 02:07:05'),('73jlxmq-7fs7-wob7-hc9k','743B1',NULL,'$2y$10$7Nr7lHpeouo.3Swq.mM.3uNu0zjJmyyEGxgTOA1F9UYq7dXSFfyHK','AURELIO JAVIER','GONZALEZ SULU',NULL,NULL,NULL,NULL,NULL,NULL,NULL,1,0,'80687266-6761-43a2-bd98-f42349a9bb63','2018-06-27 20:47:14','2018-06-27 20:47:14'),('7685ue4-mlyi-69bg-crf1','904B1',NULL,'$2y$10$7Nr7lHpeouo.3Swq.mM.3uNu0zjJmyyEGxgTOA1F9UYq7dXSFfyHK','SANTIAGO ALEJANDRO','SILVEIRA CETZ',NULL,NULL,NULL,NULL,NULL,NULL,NULL,1,0,'80687266-6761-43a2-bd98-f42349a9bb63','2018-06-27 20:47:12','2018-06-27 20:47:12'),('776n2f7-tqvp-1jil-9iox','874C8',NULL,'$2y$10$7Nr7lHpeouo.3Swq.mM.3uNu0zjJmyyEGxgTOA1F9UYq7dXSFfyHK','ANGEL EDUARDO','MARTINEZ TINAJERO',NULL,NULL,NULL,NULL,NULL,NULL,NULL,1,0,'80687266-6761-43a2-bd98-f42349a9bb63','2018-06-27 20:47:13','2018-06-27 20:47:13'),('77aw53p-n6o2-eonf-48bn','741B1',NULL,'$2y$10$7Nr7lHpeouo.3Swq.mM.3uNu0zjJmyyEGxgTOA1F9UYq7dXSFfyHK','VICTOR FERNANDO','FLORES BAAS',NULL,NULL,NULL,NULL,NULL,NULL,NULL,1,0,'80687266-6761-43a2-bd98-f42349a9bb63','2018-06-27 20:47:12','2018-06-27 20:47:12'),('7fsxb17-4ql3-5fcl-oob5','723B1',NULL,'$2y$10$7Nr7lHpeouo.3Swq.mM.3uNu0zjJmyyEGxgTOA1F9UYq7dXSFfyHK','LUCIA YARISBETH','TORRES HERNANDEZ',NULL,NULL,NULL,NULL,NULL,NULL,NULL,1,0,'80687266-6761-43a2-bd98-f42349a9bb63','2018-06-27 20:47:12','2018-06-27 20:47:12'),('7hqf91e-a229-bva1-jjca','M0NIT0R03',NULL,'$2y$10$qQaDRgCZdK/nDzAlNUQaV.N5361oyrLhEmtosT5Lue78ztyzZV.NW','MONITOR','03',NULL,NULL,NULL,NULL,NULL,NULL,NULL,1,0,'e687cb91-4cdf-4ab2-992f-e76584199c2e','2018-06-27 21:02:57','2018-06-27 21:02:57'),('7l2pppk-jvsa-1htv-rmj3','736B1',NULL,'$2y$10$7Nr7lHpeouo.3Swq.mM.3uNu0zjJmyyEGxgTOA1F9UYq7dXSFfyHK','JOSE BENJAMIN','MEDINA MIRELES',NULL,NULL,NULL,NULL,NULL,NULL,NULL,1,0,'80687266-6761-43a2-bd98-f42349a9bb63','2018-06-27 20:47:12','2018-06-27 20:47:12'),('7qtvg20-k1bd-l8ua-v3fp','718C2',NULL,'$2y$10$7Nr7lHpeouo.3Swq.mM.3uNu0zjJmyyEGxgTOA1F9UYq7dXSFfyHK','DANIEL FELICIANO','MIS DZUL',NULL,NULL,NULL,NULL,NULL,NULL,NULL,1,0,'80687266-6761-43a2-bd98-f42349a9bb63','2018-06-27 20:47:11','2018-06-27 20:47:11'),('7sq8gun-fb61-2fhu-ugmz','722B1',NULL,'$2y$10$7Nr7lHpeouo.3Swq.mM.3uNu0zjJmyyEGxgTOA1F9UYq7dXSFfyHK','DAVID ABRAHAM','URIBE SALAZAR',NULL,NULL,NULL,NULL,NULL,NULL,NULL,1,0,'80687266-6761-43a2-bd98-f42349a9bb63','2018-06-27 20:47:11','2018-06-27 20:47:11'),('7t6pwmy-eur5-cjs7-damo','206C14',NULL,'$2y$10$7Nr7lHpeouo.3Swq.mM.3uNu0zjJmyyEGxgTOA1F9UYq7dXSFfyHK','CLAUDIA','RAMIREZ MARTINEZ',NULL,NULL,NULL,NULL,NULL,NULL,NULL,1,0,'80687266-6761-43a2-bd98-f42349a9bb63','2018-06-27 20:47:14','2018-06-27 20:47:14'),('7vucak2-ktzk-7ysc-a6vz','694B1',NULL,'$2y$10$7Nr7lHpeouo.3Swq.mM.3uNu0zjJmyyEGxgTOA1F9UYq7dXSFfyHK','CLAUDIA ANGELICA','MORENO VILLEGAS',NULL,NULL,NULL,NULL,NULL,NULL,NULL,1,0,'80687266-6761-43a2-bd98-f42349a9bb63','2018-06-27 20:47:12','2018-06-27 20:47:12'),('7w4ys1m-3ftc-7gyc-sld0','698B1',NULL,'$2y$10$7Nr7lHpeouo.3Swq.mM.3uNu0zjJmyyEGxgTOA1F9UYq7dXSFfyHK','ROCIO DEL CARMEN','GOMEZ CRUZ',NULL,NULL,NULL,NULL,NULL,NULL,NULL,1,0,'80687266-6761-43a2-bd98-f42349a9bb63','2018-06-27 20:47:12','2018-06-27 20:47:12'),('82fo8ba-4i6d-7s8j-q40s','875C15',NULL,'$2y$10$7Nr7lHpeouo.3Swq.mM.3uNu0zjJmyyEGxgTOA1F9UYq7dXSFfyHK','FABIOLA','SOLIS GUTIERREZ',NULL,NULL,NULL,NULL,NULL,NULL,NULL,1,0,'80687266-6761-43a2-bd98-f42349a9bb63','2018-06-27 20:47:13','2018-06-27 20:47:13'),('85gt593-9hlz-h4un-yu0k','206C13',NULL,'$2y$10$7Nr7lHpeouo.3Swq.mM.3uNu0zjJmyyEGxgTOA1F9UYq7dXSFfyHK','LEOCADIO VALERIO','HERRERA CARRILLO',NULL,NULL,NULL,NULL,NULL,NULL,NULL,1,0,'80687266-6761-43a2-bd98-f42349a9bb63','2018-06-27 20:47:14','2018-06-27 20:47:14'),('86e06920-6035-419d-906f-cc672f90adm2','ADMIN2',NULL,'$2y$10$/5WCyjtPZEhQNQ8KJj7YjukSAh0djDxetXMgtmzCACyzQuzJMkdEm','ULISES','MEJIA',NULL,NULL,NULL,NULL,NULL,NULL,NULL,1,1,'5197c80d-2d30-4225-a757-b31592c9e0f0','2018-05-06 17:20:39','2018-05-06 17:20:39'),('86e06920-6035-419d-906f-cc672f90eadm','ADMIN1',NULL,'$2y$10$/5WCyjtPZEhQNQ8KJj7YjukSAh0djDxetXMgtmzCACyzQuzJMkdEm','CRISTINA','TORRES',NULL,NULL,NULL,NULL,NULL,NULL,NULL,1,1,'5197c80d-2d30-4225-a757-b31592c9e0f0','2018-05-06 17:14:41','2018-05-06 17:14:41'),('88ywef3-zx4w-zf8n-valy','679C1',NULL,'$2y$10$7Nr7lHpeouo.3Swq.mM.3uNu0zjJmyyEGxgTOA1F9UYq7dXSFfyHK','MARIO ROBERTO','SANCHEZ LOPEZ',NULL,NULL,NULL,NULL,NULL,NULL,NULL,1,0,'80687266-6761-43a2-bd98-f42349a9bb63','2018-06-27 20:47:11','2018-06-27 20:47:11'),('897i00x-yw2t-ha8u-o00n','890B1',NULL,'$2y$10$7Nr7lHpeouo.3Swq.mM.3uNu0zjJmyyEGxgTOA1F9UYq7dXSFfyHK','MIGUEL ANGEL','CERNA ARGUELLES',NULL,NULL,NULL,NULL,NULL,NULL,NULL,1,0,'80687266-6761-43a2-bd98-f42349a9bb63','2018-06-27 20:47:13','2018-06-27 20:47:13'),('8cbodf3-q5sc-3o0f-61ar','874B1',NULL,'$2y$10$7Nr7lHpeouo.3Swq.mM.3uNu0zjJmyyEGxgTOA1F9UYq7dXSFfyHK','YEIMI MARCELA','ACOSTA CORDOVA',NULL,NULL,NULL,NULL,NULL,NULL,NULL,1,0,'80687266-6761-43a2-bd98-f42349a9bb63','2018-06-27 20:47:13','2018-06-27 20:47:13'),('8cyrw9z-ehiu-zt65-z6qd','206C2',NULL,'$2y$10$7Nr7lHpeouo.3Swq.mM.3uNu0zjJmyyEGxgTOA1F9UYq7dXSFfyHK','ROBERTO','MUÑOZ CANTON',NULL,NULL,NULL,NULL,NULL,NULL,NULL,1,0,'80687266-6761-43a2-bd98-f42349a9bb63','2018-06-27 20:47:14','2018-06-27 20:47:14'),('8dtjjzw-m6bv-x37n-1hq5','878C1',NULL,'$2y$10$7Nr7lHpeouo.3Swq.mM.3uNu0zjJmyyEGxgTOA1F9UYq7dXSFfyHK','VICTORIA CANDELARIA','FLORES HERRERA',NULL,NULL,NULL,NULL,NULL,NULL,NULL,1,0,'80687266-6761-43a2-bd98-f42349a9bb63','2018-06-27 20:47:13','2018-06-27 20:47:13'),('8i8zdl0-2vfs-6594-zrhd','671C1',NULL,'$2y$10$7Nr7lHpeouo.3Swq.mM.3uNu0zjJmyyEGxgTOA1F9UYq7dXSFfyHK','VIRGINIA','SALOME BARRIOS',NULL,NULL,NULL,NULL,NULL,NULL,NULL,1,0,'80687266-6761-43a2-bd98-f42349a9bb63','2018-06-27 20:47:11','2018-06-27 20:47:11'),('8m1ofdj-vrsf-kjdh-u4di','881C1',NULL,'$2y$10$7Nr7lHpeouo.3Swq.mM.3uNu0zjJmyyEGxgTOA1F9UYq7dXSFfyHK','DULCE DANIELA','COLIN GUTIERREZ',NULL,NULL,NULL,NULL,NULL,NULL,NULL,1,0,'80687266-6761-43a2-bd98-f42349a9bb63','2018-06-27 20:47:13','2018-06-27 20:47:13'),('8ruloji-ucot-5zwz-yrnm','709C3',NULL,'$2y$10$7Nr7lHpeouo.3Swq.mM.3uNu0zjJmyyEGxgTOA1F9UYq7dXSFfyHK','RODRIGO ALFREDO','ITZA SULUB',NULL,NULL,NULL,NULL,NULL,NULL,NULL,1,0,'80687266-6761-43a2-bd98-f42349a9bb63','2018-06-27 20:47:12','2018-06-27 20:47:12'),('8sqgor9-w4d3-qksa-xgi7','717C1',NULL,'$2y$10$7Nr7lHpeouo.3Swq.mM.3uNu0zjJmyyEGxgTOA1F9UYq7dXSFfyHK','JUAN CARLOS','RUIZ GONZALEZ',NULL,NULL,NULL,NULL,NULL,NULL,NULL,1,0,'80687266-6761-43a2-bd98-f42349a9bb63','2018-06-27 20:47:11','2018-06-27 20:47:11'),('8x7k6pj-kx4c-lvmf-cqc1','874C12',NULL,'$2y$10$7Nr7lHpeouo.3Swq.mM.3uNu0zjJmyyEGxgTOA1F9UYq7dXSFfyHK','EFRAIN','CARRILLO AGUILAR',NULL,NULL,NULL,NULL,NULL,NULL,NULL,1,0,'80687266-6761-43a2-bd98-f42349a9bb63','2018-06-27 20:47:13','2018-06-27 20:47:13'),('91vzxcr-h36a-43cy-5ag1','731B1',NULL,'$2y$10$7Nr7lHpeouo.3Swq.mM.3uNu0zjJmyyEGxgTOA1F9UYq7dXSFfyHK','JEANNETTE','HABIB HADAD',NULL,NULL,NULL,NULL,NULL,NULL,NULL,1,0,'80687266-6761-43a2-bd98-f42349a9bb63','2018-06-27 20:47:12','2018-06-27 20:47:12'),('920fjxo-yzon-hrmy-l5hj','875C12',NULL,'$2y$10$7Nr7lHpeouo.3Swq.mM.3uNu0zjJmyyEGxgTOA1F9UYq7dXSFfyHK','CLAUDIA IVETTE','GARCIA HERNANDEZ',NULL,NULL,NULL,NULL,NULL,NULL,NULL,1,0,'80687266-6761-43a2-bd98-f42349a9bb63','2018-06-27 20:47:13','2018-06-27 20:47:13'),('939wxm5-p427-1gne-j3f3','681C2',NULL,'$2y$10$7Nr7lHpeouo.3Swq.mM.3uNu0zjJmyyEGxgTOA1F9UYq7dXSFfyHK','MARTIN ALBERTO','RIVERO NOVELO',NULL,NULL,NULL,NULL,NULL,NULL,NULL,1,0,'80687266-6761-43a2-bd98-f42349a9bb63','2018-06-27 20:47:11','2018-06-27 20:47:11'),('97648qs-a42e-qvq3-68ev','875B1',NULL,'$2y$10$7Nr7lHpeouo.3Swq.mM.3uNu0zjJmyyEGxgTOA1F9UYq7dXSFfyHK','ANA LAURA','GALARZA GALARZA',NULL,NULL,NULL,NULL,NULL,NULL,NULL,1,0,'80687266-6761-43a2-bd98-f42349a9bb63','2018-06-27 20:47:13','2018-06-27 20:47:13'),('97eakzf-nwnq-rdxk-89ld','874C11',NULL,'$2y$10$7Nr7lHpeouo.3Swq.mM.3uNu0zjJmyyEGxgTOA1F9UYq7dXSFfyHK','BRISEYDA','CHAVEZ REYES',NULL,NULL,NULL,NULL,NULL,NULL,NULL,1,0,'80687266-6761-43a2-bd98-f42349a9bb63','2018-06-27 20:47:13','2018-06-27 20:47:13'),('9fgo3u3-v6l4-ws0v-ca0b','874C7',NULL,'$2y$10$7Nr7lHpeouo.3Swq.mM.3uNu0zjJmyyEGxgTOA1F9UYq7dXSFfyHK','WENDY MARGELI','MAS AZCORRA',NULL,NULL,NULL,NULL,NULL,NULL,NULL,1,0,'80687266-6761-43a2-bd98-f42349a9bb63','2018-06-27 20:47:13','2018-06-27 20:47:13'),('9fivjwn-0i8a-cr1y-rc3e','768C3',NULL,'$2y$10$7Nr7lHpeouo.3Swq.mM.3uNu0zjJmyyEGxgTOA1F9UYq7dXSFfyHK','CRISTOBAL','MARTINEZ LOPEZ',NULL,NULL,NULL,NULL,NULL,NULL,NULL,1,0,'80687266-6761-43a2-bd98-f42349a9bb63','2018-06-27 20:47:14','2018-06-27 20:47:14'),('9mighc6-vanv-43wb-pcry','697B1',NULL,'$2y$10$7Nr7lHpeouo.3Swq.mM.3uNu0zjJmyyEGxgTOA1F9UYq7dXSFfyHK','GLENDA LILIA','DE LA CRUZ NARANJO',NULL,NULL,NULL,NULL,NULL,NULL,NULL,1,0,'80687266-6761-43a2-bd98-f42349a9bb63','2018-06-27 20:47:12','2018-06-27 20:47:12'),('9xrgh1o-ege9-gwws-jzx3','702C3',NULL,'$2y$10$7Nr7lHpeouo.3Swq.mM.3uNu0zjJmyyEGxgTOA1F9UYq7dXSFfyHK','GLORIA','ARRIAGA MORFIN',NULL,NULL,NULL,NULL,NULL,NULL,NULL,1,0,'80687266-6761-43a2-bd98-f42349a9bb63','2018-06-27 20:47:12','2018-06-27 20:47:12'),('9yrkxfm-9n93-xl9h-aqnu','748C1',NULL,'$2y$10$7Nr7lHpeouo.3Swq.mM.3uNu0zjJmyyEGxgTOA1F9UYq7dXSFfyHK','JUAN FERNANDO','RODRIGUEZ BOLIO',NULL,NULL,NULL,NULL,NULL,NULL,NULL,1,0,'80687266-6761-43a2-bd98-f42349a9bb63','2018-06-27 20:47:14','2018-06-27 20:47:14'),('9z539ao-y930-tgji-d7ds','694C1',NULL,'$2y$10$7Nr7lHpeouo.3Swq.mM.3uNu0zjJmyyEGxgTOA1F9UYq7dXSFfyHK','FABIOLA','CAPORALI ALVARADO',NULL,NULL,NULL,NULL,NULL,NULL,NULL,1,0,'80687266-6761-43a2-bd98-f42349a9bb63','2018-06-27 20:47:12','2018-06-27 20:47:12'),('a0h93se-26m1-aauh-dj08','903B1',NULL,'$2y$10$7Nr7lHpeouo.3Swq.mM.3uNu0zjJmyyEGxgTOA1F9UYq7dXSFfyHK','DAVID FRANCISCO','FELIX PEREZ',NULL,NULL,NULL,NULL,NULL,NULL,NULL,1,0,'80687266-6761-43a2-bd98-f42349a9bb63','2018-06-27 20:47:11','2018-06-27 20:47:11'),('a2xfdi4-zz6j-q7gi-a7a0','206C4',NULL,'$2y$10$7Nr7lHpeouo.3Swq.mM.3uNu0zjJmyyEGxgTOA1F9UYq7dXSFfyHK','MARIA INES','CARRASCO SAMOS',NULL,NULL,NULL,NULL,NULL,NULL,NULL,1,0,'80687266-6761-43a2-bd98-f42349a9bb63','2018-06-27 20:47:14','2018-06-27 20:47:14'),('a5zjbvc-8nj8-97gg-9f3m','681C6',NULL,'$2y$10$7Nr7lHpeouo.3Swq.mM.3uNu0zjJmyyEGxgTOA1F9UYq7dXSFfyHK','YASSER ALBERTO','VARELA NOVELO',NULL,NULL,NULL,NULL,NULL,NULL,NULL,1,0,'80687266-6761-43a2-bd98-f42349a9bb63','2018-06-27 20:47:11','2018-06-27 20:47:11'),('af6zj4g-tt6m-5hjb-apea','914B1',NULL,'$2y$10$7Nr7lHpeouo.3Swq.mM.3uNu0zjJmyyEGxgTOA1F9UYq7dXSFfyHK','GABRIELA DE LA CRUZ','VIVAS PUC',NULL,NULL,NULL,NULL,NULL,NULL,NULL,1,0,'80687266-6761-43a2-bd98-f42349a9bb63','2018-06-27 20:47:12','2018-06-27 20:47:12'),('agwl6gb-v7lt-4gsy-ig9v','206S1',NULL,'$2y$10$7Nr7lHpeouo.3Swq.mM.3uNu0zjJmyyEGxgTOA1F9UYq7dXSFfyHK','DEYNA','POOT CHAN',NULL,NULL,NULL,NULL,NULL,NULL,NULL,1,0,'80687266-6761-43a2-bd98-f42349a9bb63','2018-06-27 20:47:13','2018-06-27 20:47:13'),('ajwke3r-fe60-1bxp-2kxn','724B1',NULL,'$2y$10$7Nr7lHpeouo.3Swq.mM.3uNu0zjJmyyEGxgTOA1F9UYq7dXSFfyHK','BARBARA JANET','MAR VAZQUEZ',NULL,NULL,NULL,NULL,NULL,NULL,NULL,1,0,'80687266-6761-43a2-bd98-f42349a9bb63','2018-06-27 20:47:12','2018-06-27 20:47:12'),('aqupo7v-folo-dayt-94tg','740B1',NULL,'$2y$10$7Nr7lHpeouo.3Swq.mM.3uNu0zjJmyyEGxgTOA1F9UYq7dXSFfyHK','YAENA','DIAZ PERALTA',NULL,NULL,NULL,NULL,NULL,NULL,NULL,1,0,'80687266-6761-43a2-bd98-f42349a9bb63','2018-06-27 20:47:12','2018-06-27 20:47:12'),('asw8cju-1ar1-tsc1-spd2','740C1',NULL,'$2y$10$7Nr7lHpeouo.3Swq.mM.3uNu0zjJmyyEGxgTOA1F9UYq7dXSFfyHK','JUAN CARLOS','MERINO LEYVA',NULL,NULL,NULL,NULL,NULL,NULL,NULL,1,0,'80687266-6761-43a2-bd98-f42349a9bb63','2018-06-27 20:47:12','2018-06-27 20:47:12'),('attxcsl-av5n-uk0w-mag9','875C11',NULL,'$2y$10$7Nr7lHpeouo.3Swq.mM.3uNu0zjJmyyEGxgTOA1F9UYq7dXSFfyHK','DIANA LORELY','GUEVARA FARIAS',NULL,NULL,NULL,NULL,NULL,NULL,NULL,1,0,'80687266-6761-43a2-bd98-f42349a9bb63','2018-06-27 20:47:13','2018-06-27 20:47:13'),('ax7y9gq-5vhp-vdpp-cbvg','678C1',NULL,'$2y$10$7Nr7lHpeouo.3Swq.mM.3uNu0zjJmyyEGxgTOA1F9UYq7dXSFfyHK','MERCEDES MARBELLA','LOPEZ REJON',NULL,NULL,NULL,NULL,NULL,NULL,NULL,1,0,'80687266-6761-43a2-bd98-f42349a9bb63','2018-06-27 20:47:11','2018-06-27 20:47:11'),('ay0lywy-a433-ryli-in28','876C1',NULL,'$2y$10$7Nr7lHpeouo.3Swq.mM.3uNu0zjJmyyEGxgTOA1F9UYq7dXSFfyHK','DIEGO ANTONIO','SOSA CANCINO',NULL,NULL,NULL,NULL,NULL,NULL,NULL,1,0,'80687266-6761-43a2-bd98-f42349a9bb63','2018-06-27 20:47:13','2018-06-27 20:47:13'),('aymhcci-d3dn-17tu-7qth','M0NIT0R04',NULL,'$2y$10$qQaDRgCZdK/nDzAlNUQaV.N5361oyrLhEmtosT5Lue78ztyzZV.NW','MONITOR','04',NULL,NULL,NULL,NULL,NULL,NULL,NULL,1,0,'e687cb91-4cdf-4ab2-992f-e76584199c2e','2018-06-27 21:02:57','2018-06-27 21:02:57'),('b0emmlc-cgxa-mg02-5f9p','725C1',NULL,'$2y$10$7Nr7lHpeouo.3Swq.mM.3uNu0zjJmyyEGxgTOA1F9UYq7dXSFfyHK','YESENIA','MARTHEN ZACARIAS',NULL,NULL,NULL,NULL,NULL,NULL,NULL,1,0,'80687266-6761-43a2-bd98-f42349a9bb63','2018-06-27 20:47:12','2018-06-27 20:47:12'),('b5suxth-6etv-uzou-85ul','676B1',NULL,'$2y$10$7Nr7lHpeouo.3Swq.mM.3uNu0zjJmyyEGxgTOA1F9UYq7dXSFfyHK','GABRIEL','GOMEZ CRUZ',NULL,NULL,NULL,NULL,NULL,NULL,NULL,1,0,'80687266-6761-43a2-bd98-f42349a9bb63','2018-06-27 20:47:11','2018-06-27 20:47:11'),('baeu83s-dmn4-1ymu-rrus','905B1',NULL,'$2y$10$7Nr7lHpeouo.3Swq.mM.3uNu0zjJmyyEGxgTOA1F9UYq7dXSFfyHK','JUAN EMMANUEL','PAT VERGARA',NULL,NULL,NULL,NULL,NULL,NULL,NULL,1,0,'80687266-6761-43a2-bd98-f42349a9bb63','2018-06-27 20:47:11','2018-06-27 20:47:11'),('bd66rjy-j217-r07g-zqeb','772B1',NULL,'$2y$10$7Nr7lHpeouo.3Swq.mM.3uNu0zjJmyyEGxgTOA1F9UYq7dXSFfyHK','DELTA IVONNE','ROSADO CANO',NULL,NULL,NULL,NULL,NULL,NULL,NULL,1,0,'80687266-6761-43a2-bd98-f42349a9bb63','2018-06-27 20:47:14','2018-06-27 20:47:14'),('bd6btvy-k9qn-0sko-srjt','714C1',NULL,'$2y$10$7Nr7lHpeouo.3Swq.mM.3uNu0zjJmyyEGxgTOA1F9UYq7dXSFfyHK','JAZMIN','VALENCIA PATRACA',NULL,NULL,NULL,NULL,NULL,NULL,NULL,1,0,'80687266-6761-43a2-bd98-f42349a9bb63','2018-06-27 20:47:11','2018-06-27 20:47:11'),('bf0s929-077p-62zn-7htn','681C3',NULL,'$2y$10$7Nr7lHpeouo.3Swq.mM.3uNu0zjJmyyEGxgTOA1F9UYq7dXSFfyHK','MONTSERRAT','MENDOZA RAMIREZ',NULL,NULL,NULL,NULL,NULL,NULL,NULL,1,0,'80687266-6761-43a2-bd98-f42349a9bb63','2018-06-27 20:47:11','2018-06-27 20:47:11'),('blarji4-f1ir-4mt4-3mpr','674C2',NULL,'$2y$10$7Nr7lHpeouo.3Swq.mM.3uNu0zjJmyyEGxgTOA1F9UYq7dXSFfyHK','LLENILAY BERSABE','LIEVANO DOMINGUEZ',NULL,NULL,NULL,NULL,NULL,NULL,NULL,1,0,'80687266-6761-43a2-bd98-f42349a9bb63','2018-06-27 20:47:12','2018-06-27 20:47:12'),('bomgfql-jjns-9bpm-laxk','917B1',NULL,'$2y$10$7Nr7lHpeouo.3Swq.mM.3uNu0zjJmyyEGxgTOA1F9UYq7dXSFfyHK','OLGA MARGARITA','GOMEZ LOEZA',NULL,NULL,NULL,NULL,NULL,NULL,NULL,1,0,'80687266-6761-43a2-bd98-f42349a9bb63','2018-06-27 20:47:12','2018-06-27 20:47:12'),('bsjg30h-swsu-t7ov-eoz2','890C1',NULL,'$2y$10$7Nr7lHpeouo.3Swq.mM.3uNu0zjJmyyEGxgTOA1F9UYq7dXSFfyHK','MARIA CONSUELO','TEP UC',NULL,NULL,NULL,NULL,NULL,NULL,NULL,1,0,'80687266-6761-43a2-bd98-f42349a9bb63','2018-06-27 20:47:13','2018-06-27 20:47:13'),('c0nnlce-oy5d-mq15-g1wq','874C1',NULL,'$2y$10$7Nr7lHpeouo.3Swq.mM.3uNu0zjJmyyEGxgTOA1F9UYq7dXSFfyHK','NANCY LIZBETH','TINAJERO FUERTE',NULL,NULL,NULL,NULL,NULL,NULL,NULL,1,0,'80687266-6761-43a2-bd98-f42349a9bb63','2018-06-27 20:47:13','2018-06-27 20:47:13'),('c2lejcg-117c-hla3-bjvv','875C23',NULL,'$2y$10$7Nr7lHpeouo.3Swq.mM.3uNu0zjJmyyEGxgTOA1F9UYq7dXSFfyHK','MARTIN DEL JESUS','CRUZ GUZMAN',NULL,NULL,NULL,NULL,NULL,NULL,NULL,1,0,'80687266-6761-43a2-bd98-f42349a9bb63','2018-06-27 20:47:13','2018-06-27 20:47:13'),('c679537-z920-ma0g-k0m8','875C10',NULL,'$2y$10$7Nr7lHpeouo.3Swq.mM.3uNu0zjJmyyEGxgTOA1F9UYq7dXSFfyHK','GLORICELI','XOOL SIERRA',NULL,NULL,NULL,NULL,NULL,NULL,NULL,1,0,'80687266-6761-43a2-bd98-f42349a9bb63','2018-06-27 20:47:13','2018-06-27 20:47:13'),('cc7ab27e-db85-4442-ad27-4fe8aee6571c','ADMIN4','cyberio@gmail.com','$2y$10$/5WCyjtPZEhQNQ8KJj7YjukSAh0djDxetXMgtmzCACyzQuzJMkdEm','J. Alberto','Baizabal','',NULL,'',NULL,'',0,NULL,1,1,'5197c80d-2d30-4225-a757-b31592c9e0f0','2018-05-16 01:50:46','2018-05-16 01:50:46'),('cf1xxke-nrik-186f-yhvb','761B1',NULL,'$2y$10$7Nr7lHpeouo.3Swq.mM.3uNu0zjJmyyEGxgTOA1F9UYq7dXSFfyHK','KARLA JOSEFINA','PARRA LOPEZ',NULL,NULL,NULL,NULL,NULL,NULL,NULL,1,0,'80687266-6761-43a2-bd98-f42349a9bb63','2018-06-27 20:47:13','2018-06-27 20:47:13'),('cgo2rb0-hs0f-jgbz-gu88','875C2',NULL,'$2y$10$7Nr7lHpeouo.3Swq.mM.3uNu0zjJmyyEGxgTOA1F9UYq7dXSFfyHK','JUANA','HERNANDEZ TELLEZ',NULL,NULL,NULL,NULL,NULL,NULL,NULL,1,0,'80687266-6761-43a2-bd98-f42349a9bb63','2018-06-27 20:47:13','2018-06-27 20:47:13'),('co2wgu6-8pi3-7r7n-dk7p','683B1',NULL,'$2y$10$7Nr7lHpeouo.3Swq.mM.3uNu0zjJmyyEGxgTOA1F9UYq7dXSFfyHK','ADALID','PEREZ GONZALEZ',NULL,NULL,NULL,NULL,NULL,NULL,NULL,1,0,'80687266-6761-43a2-bd98-f42349a9bb63','2018-06-27 20:47:11','2018-06-27 20:47:11'),('ctt7c2u-bg4m-ktbp-trha','710C1',NULL,'$2y$10$7Nr7lHpeouo.3Swq.mM.3uNu0zjJmyyEGxgTOA1F9UYq7dXSFfyHK','JOSE FRANCISCO','PECH SANSORES',NULL,NULL,NULL,NULL,NULL,NULL,NULL,1,0,'80687266-6761-43a2-bd98-f42349a9bb63','2018-06-27 20:47:11','2018-06-27 20:47:11'),('czgoepb-shly-slen-p9ro','686B1',NULL,'$2y$10$7Nr7lHpeouo.3Swq.mM.3uNu0zjJmyyEGxgTOA1F9UYq7dXSFfyHK','CRISTEL','HERNANDEZ LOPEZ',NULL,NULL,NULL,NULL,NULL,NULL,NULL,1,0,'80687266-6761-43a2-bd98-f42349a9bb63','2018-06-27 20:47:11','2018-06-27 20:47:11'),('d48v5to-jkhe-aei2-jw77','707B1',NULL,'$2y$10$7Nr7lHpeouo.3Swq.mM.3uNu0zjJmyyEGxgTOA1F9UYq7dXSFfyHK','NINEVE','RODRIGUEZ AGUILAR',NULL,NULL,NULL,NULL,NULL,NULL,NULL,1,0,'80687266-6761-43a2-bd98-f42349a9bb63','2018-06-27 20:47:12','2018-06-27 20:47:12'),('d69s6nd-4chz-76fx-y9yc','669B1',NULL,'$2y$10$7Nr7lHpeouo.3Swq.mM.3uNu0zjJmyyEGxgTOA1F9UYq7dXSFfyHK','MONTSERRAT','LOPEZ GOMEZ',NULL,NULL,NULL,NULL,NULL,NULL,NULL,1,0,'80687266-6761-43a2-bd98-f42349a9bb63','2018-06-27 20:47:11','2018-06-27 20:47:11'),('dm8b1vt-09v0-md4m-exai','727C1',NULL,'$2y$10$7Nr7lHpeouo.3Swq.mM.3uNu0zjJmyyEGxgTOA1F9UYq7dXSFfyHK','PERLA ISABEL','VALDESPINO SOLIS',NULL,NULL,NULL,NULL,NULL,NULL,NULL,1,0,'80687266-6761-43a2-bd98-f42349a9bb63','2018-06-27 20:47:11','2018-06-27 20:47:11'),('dniioff-iwtb-2k3q-a25e','920B1',NULL,'$2y$10$7Nr7lHpeouo.3Swq.mM.3uNu0zjJmyyEGxgTOA1F9UYq7dXSFfyHK','MAURO ENRIQUE','MOGUEL MARTIN',NULL,NULL,NULL,NULL,NULL,NULL,NULL,1,0,'80687266-6761-43a2-bd98-f42349a9bb63','2018-06-27 20:47:12','2018-06-27 20:47:12'),('dr40657-6tsi-vcvk-vit3','771B1',NULL,'$2y$10$7Nr7lHpeouo.3Swq.mM.3uNu0zjJmyyEGxgTOA1F9UYq7dXSFfyHK','ANA MARIA','CHIMAL TEH',NULL,NULL,NULL,NULL,NULL,NULL,NULL,1,0,'80687266-6761-43a2-bd98-f42349a9bb63','2018-06-27 20:47:14','2018-06-27 20:47:14'),('dun87il-nfq0-ibs5-s1bg','875C9',NULL,'$2y$10$7Nr7lHpeouo.3Swq.mM.3uNu0zjJmyyEGxgTOA1F9UYq7dXSFfyHK','ROBERT','PALMA HERNANDEZ',NULL,NULL,NULL,NULL,NULL,NULL,NULL,1,0,'80687266-6761-43a2-bd98-f42349a9bb63','2018-06-27 20:47:13','2018-06-27 20:47:13'),('eecwc59-picf-rcao-bj72','763S1',NULL,'$2y$10$7Nr7lHpeouo.3Swq.mM.3uNu0zjJmyyEGxgTOA1F9UYq7dXSFfyHK','JESUS ROBERTO','ESQUIVEL TEC',NULL,NULL,NULL,NULL,NULL,NULL,NULL,1,0,'80687266-6761-43a2-bd98-f42349a9bb63','2018-06-27 20:47:13','2018-06-27 20:47:13'),('eeuw0xg-3c31-1dyt-qy99','875C17',NULL,'$2y$10$7Nr7lHpeouo.3Swq.mM.3uNu0zjJmyyEGxgTOA1F9UYq7dXSFfyHK','RUBI DEL CARMEN','TAMAY MISS',NULL,NULL,NULL,NULL,NULL,NULL,NULL,1,0,'80687266-6761-43a2-bd98-f42349a9bb63','2018-06-27 20:47:13','2018-06-27 20:47:13'),('efa3c8z-q8d0-wceb-m900','M0NIT0R05',NULL,'$2y$10$qQaDRgCZdK/nDzAlNUQaV.N5361oyrLhEmtosT5Lue78ztyzZV.NW','MONITOR','05',NULL,NULL,NULL,NULL,NULL,NULL,NULL,1,0,'e687cb91-4cdf-4ab2-992f-e76584199c2e','2018-06-27 21:02:57','2018-06-27 21:02:57'),('emr84aa-nfgw-hmai-v1gh','901B1',NULL,'$2y$10$7Nr7lHpeouo.3Swq.mM.3uNu0zjJmyyEGxgTOA1F9UYq7dXSFfyHK','ALMA HIPOLITA','SANCHEZ RENDON',NULL,NULL,NULL,NULL,NULL,NULL,NULL,1,0,'80687266-6761-43a2-bd98-f42349a9bb63','2018-06-27 20:47:12','2018-06-27 20:47:12'),('er61bxu-6f0a-6dpm-mi1s','738C1',NULL,'$2y$10$7Nr7lHpeouo.3Swq.mM.3uNu0zjJmyyEGxgTOA1F9UYq7dXSFfyHK','DAVID','HERNANDEZ GUTIERREZ',NULL,NULL,NULL,NULL,NULL,NULL,NULL,1,0,'80687266-6761-43a2-bd98-f42349a9bb63','2018-06-27 20:47:12','2018-06-27 20:47:12'),('evspwax-w1rf-g92a-hcdj','897B1',NULL,'$2y$10$7Nr7lHpeouo.3Swq.mM.3uNu0zjJmyyEGxgTOA1F9UYq7dXSFfyHK','JORGE JUAN','DZIB POOL',NULL,NULL,NULL,NULL,NULL,NULL,NULL,1,0,'80687266-6761-43a2-bd98-f42349a9bb63','2018-06-27 20:47:12','2018-06-27 20:47:12'),('fbuja75-lbed-pz1u-ju2b','673B1',NULL,'$2y$10$7Nr7lHpeouo.3Swq.mM.3uNu0zjJmyyEGxgTOA1F9UYq7dXSFfyHK','MIGUEL','ORGANISTA IXBA',NULL,NULL,NULL,NULL,NULL,NULL,NULL,1,0,'80687266-6761-43a2-bd98-f42349a9bb63','2018-06-27 20:47:11','2018-06-27 20:47:11'),('fd3jvzk-j2n8-kwk4-8nh4','727B1',NULL,'$2y$10$7Nr7lHpeouo.3Swq.mM.3uNu0zjJmyyEGxgTOA1F9UYq7dXSFfyHK','BRENDA VERONICA','BALAM PAT',NULL,NULL,NULL,NULL,NULL,NULL,NULL,1,0,'80687266-6761-43a2-bd98-f42349a9bb63','2018-06-27 20:47:11','2018-06-27 20:47:11'),('ff2bmhe-pvur-odet-vueb','719B1',NULL,'$2y$10$7Nr7lHpeouo.3Swq.mM.3uNu0zjJmyyEGxgTOA1F9UYq7dXSFfyHK','CAROLINA','MONTUY GONZALEZ',NULL,NULL,NULL,NULL,NULL,NULL,NULL,1,0,'80687266-6761-43a2-bd98-f42349a9bb63','2018-06-27 20:47:11','2018-06-27 20:47:11'),('ffmnopp-ytrg-q6z2-w282','721B1',NULL,'$2y$10$7Nr7lHpeouo.3Swq.mM.3uNu0zjJmyyEGxgTOA1F9UYq7dXSFfyHK','FELIPA FRINE','CHARINES LORIA',NULL,NULL,NULL,NULL,NULL,NULL,NULL,1,0,'80687266-6761-43a2-bd98-f42349a9bb63','2018-06-27 20:47:11','2018-06-27 20:47:11'),('fkdswma-45nv-svwz-k5bj','682B1',NULL,'$2y$10$7Nr7lHpeouo.3Swq.mM.3uNu0zjJmyyEGxgTOA1F9UYq7dXSFfyHK','YARAQUENDI','GOMEZ ANDRADE',NULL,NULL,NULL,NULL,NULL,NULL,NULL,1,0,'80687266-6761-43a2-bd98-f42349a9bb63','2018-06-27 20:47:11','2018-06-27 20:47:11'),('for3vao-k816-2sky-njxg','887B1',NULL,'$2y$10$7Nr7lHpeouo.3Swq.mM.3uNu0zjJmyyEGxgTOA1F9UYq7dXSFfyHK','DAFNE CRISTAL','ABAD ROMERO',NULL,NULL,NULL,NULL,NULL,NULL,NULL,1,0,'80687266-6761-43a2-bd98-f42349a9bb63','2018-06-27 20:47:13','2018-06-27 20:47:13'),('fs3d9j3-gpwu-ujlo-9ndl','757B1',NULL,'$2y$10$7Nr7lHpeouo.3Swq.mM.3uNu0zjJmyyEGxgTOA1F9UYq7dXSFfyHK','ROBERTO CARLOS','TRUJANO SALCIDO',NULL,NULL,NULL,NULL,NULL,NULL,NULL,1,0,'80687266-6761-43a2-bd98-f42349a9bb63','2018-06-27 20:47:14','2018-06-27 20:47:14'),('fsnwae9-3xdd-ushd-ooww','769B1',NULL,'$2y$10$7Nr7lHpeouo.3Swq.mM.3uNu0zjJmyyEGxgTOA1F9UYq7dXSFfyHK','JOSE LUIS','LOPEZ REBOYEDO',NULL,NULL,NULL,NULL,NULL,NULL,NULL,1,0,'80687266-6761-43a2-bd98-f42349a9bb63','2018-06-27 20:47:14','2018-06-27 20:47:14'),('fuu6oe3-upne-1thk-wki9','720C2',NULL,'$2y$10$7Nr7lHpeouo.3Swq.mM.3uNu0zjJmyyEGxgTOA1F9UYq7dXSFfyHK','GUADALUPE','CHAN CHAN',NULL,NULL,NULL,NULL,NULL,NULL,NULL,1,0,'80687266-6761-43a2-bd98-f42349a9bb63','2018-06-27 20:47:11','2018-06-27 20:47:11'),('fw8zk80-dqew-z1z8-qnp7','754B1',NULL,'$2y$10$7Nr7lHpeouo.3Swq.mM.3uNu0zjJmyyEGxgTOA1F9UYq7dXSFfyHK','HUGO ENRIQUE','ANGEL GALEANA',NULL,NULL,NULL,NULL,NULL,NULL,NULL,1,0,'80687266-6761-43a2-bd98-f42349a9bb63','2018-06-27 20:47:14','2018-06-27 20:47:14'),('fwptste-1f6n-n88p-qa19','694C5',NULL,'$2y$10$7Nr7lHpeouo.3Swq.mM.3uNu0zjJmyyEGxgTOA1F9UYq7dXSFfyHK','PATRICIA','HERNANDEZ LAZARO',NULL,NULL,NULL,NULL,NULL,NULL,NULL,1,0,'80687266-6761-43a2-bd98-f42349a9bb63','2018-06-27 20:47:12','2018-06-27 20:47:12'),('g1kjnap-hduu-pzgl-s8g7','680C1',NULL,'$2y$10$7Nr7lHpeouo.3Swq.mM.3uNu0zjJmyyEGxgTOA1F9UYq7dXSFfyHK','CLAUDIA YUNUEN','MENDOZA AGUIRRE',NULL,NULL,NULL,NULL,NULL,NULL,NULL,1,0,'80687266-6761-43a2-bd98-f42349a9bb63','2018-06-27 20:47:11','2018-06-27 20:47:11'),('g4e270i-5sv2-s5fo-ws8b','875C8',NULL,'$2y$10$7Nr7lHpeouo.3Swq.mM.3uNu0zjJmyyEGxgTOA1F9UYq7dXSFfyHK','MYRIAM','RAMIREZ NAVARRETE',NULL,NULL,NULL,NULL,NULL,NULL,NULL,1,0,'80687266-6761-43a2-bd98-f42349a9bb63','2018-06-27 20:47:13','2018-06-27 20:47:13'),('gg8zsmw-yxvo-vi66-lvme','876C5',NULL,'$2y$10$7Nr7lHpeouo.3Swq.mM.3uNu0zjJmyyEGxgTOA1F9UYq7dXSFfyHK','LUIS MANUEL','AGUIRRE MEZA',NULL,NULL,NULL,NULL,NULL,NULL,NULL,1,0,'80687266-6761-43a2-bd98-f42349a9bb63','2018-06-27 20:47:13','2018-06-27 20:47:13'),('glds213-feay-tvgc-xji5','685B1',NULL,'$2y$10$7Nr7lHpeouo.3Swq.mM.3uNu0zjJmyyEGxgTOA1F9UYq7dXSFfyHK','ERIKA YURIDIA','GUTIERREZ REYES',NULL,NULL,NULL,NULL,NULL,NULL,NULL,1,0,'80687266-6761-43a2-bd98-f42349a9bb63','2018-06-27 20:47:11','2018-06-27 20:47:11'),('gok0yge-fxq2-budp-hqbm','M0NIT0R07',NULL,'$2y$10$qQaDRgCZdK/nDzAlNUQaV.N5361oyrLhEmtosT5Lue78ztyzZV.NW','MONITOR','07',NULL,NULL,NULL,NULL,NULL,NULL,NULL,1,0,'e687cb91-4cdf-4ab2-992f-e76584199c2e','2018-06-27 21:02:57','2018-06-27 21:02:57'),('gqxezv4-fs65-3isw-8p4j','737C1',NULL,'$2y$10$7Nr7lHpeouo.3Swq.mM.3uNu0zjJmyyEGxgTOA1F9UYq7dXSFfyHK','MARIA','LUNA SARAOS',NULL,NULL,NULL,NULL,NULL,NULL,NULL,1,0,'80687266-6761-43a2-bd98-f42349a9bb63','2018-06-27 20:47:12','2018-06-27 20:47:12'),('gu7nvin-qdhf-22dl-kno5','682C1',NULL,'$2y$10$7Nr7lHpeouo.3Swq.mM.3uNu0zjJmyyEGxgTOA1F9UYq7dXSFfyHK','ANGEL ABRAHAM','DZIB HAU',NULL,NULL,NULL,NULL,NULL,NULL,NULL,1,0,'80687266-6761-43a2-bd98-f42349a9bb63','2018-06-27 20:47:11','2018-06-27 20:47:11'),('gxkv1eb-yqx6-40w1-w13c','875C16',NULL,'$2y$10$7Nr7lHpeouo.3Swq.mM.3uNu0zjJmyyEGxgTOA1F9UYq7dXSFfyHK','MIRIAM ABIGAIL','XOOL YAM',NULL,NULL,NULL,NULL,NULL,NULL,NULL,1,0,'80687266-6761-43a2-bd98-f42349a9bb63','2018-06-27 20:47:13','2018-06-27 20:47:13'),('h1myjjs-hn2o-gsi3-oj4u','874C6',NULL,'$2y$10$7Nr7lHpeouo.3Swq.mM.3uNu0zjJmyyEGxgTOA1F9UYq7dXSFfyHK','CINDY LYNETTE','KUK REYES',NULL,NULL,NULL,NULL,NULL,NULL,NULL,1,0,'80687266-6761-43a2-bd98-f42349a9bb63','2018-06-27 20:47:13','2018-06-27 20:47:13'),('h29pubw-hq1l-f8pz-3qal','894B1',NULL,'$2y$10$7Nr7lHpeouo.3Swq.mM.3uNu0zjJmyyEGxgTOA1F9UYq7dXSFfyHK','VICTORIA','RAMOS PEREZ',NULL,NULL,NULL,NULL,NULL,NULL,NULL,1,0,'80687266-6761-43a2-bd98-f42349a9bb63','2018-06-27 20:47:12','2018-06-27 20:47:12'),('h52a0fe-3tp5-su62-2blm','749B1',NULL,'$2y$10$7Nr7lHpeouo.3Swq.mM.3uNu0zjJmyyEGxgTOA1F9UYq7dXSFfyHK','NOEMI ISABEL','CHUC BRITO',NULL,NULL,NULL,NULL,NULL,NULL,NULL,1,0,'80687266-6761-43a2-bd98-f42349a9bb63','2018-06-27 20:47:14','2018-06-27 20:47:14'),('h79enpw-kx5y-3qoa-1zd1','911B1',NULL,'$2y$10$7Nr7lHpeouo.3Swq.mM.3uNu0zjJmyyEGxgTOA1F9UYq7dXSFfyHK','MARTHA','REYES HERNANDEZ',NULL,NULL,NULL,NULL,NULL,NULL,NULL,1,0,'80687266-6761-43a2-bd98-f42349a9bb63','2018-06-27 20:47:11','2018-06-27 20:47:11'),('hdv4gg1-kuzh-czc1-agwt','773C1',NULL,'$2y$10$7Nr7lHpeouo.3Swq.mM.3uNu0zjJmyyEGxgTOA1F9UYq7dXSFfyHK','MARIA TERESA','GONZALEZ REYES',NULL,NULL,NULL,NULL,NULL,NULL,NULL,1,0,'80687266-6761-43a2-bd98-f42349a9bb63','2018-06-27 20:47:14','2018-06-27 20:47:14'),('hfg66tr-dq99-ekfj-ezvx','770B1',NULL,'$2y$10$7Nr7lHpeouo.3Swq.mM.3uNu0zjJmyyEGxgTOA1F9UYq7dXSFfyHK','FERNANDO','ALVAREZ MACOSAY',NULL,NULL,NULL,NULL,NULL,NULL,NULL,1,0,'80687266-6761-43a2-bd98-f42349a9bb63','2018-06-27 20:47:14','2018-06-27 20:47:14'),('hgdzg78-bjg9-hyhr-nj48','921B1',NULL,'$2y$10$7Nr7lHpeouo.3Swq.mM.3uNu0zjJmyyEGxgTOA1F9UYq7dXSFfyHK','IMELDA FRANCISCA','HERRERA MISS',NULL,NULL,NULL,NULL,NULL,NULL,NULL,1,0,'80687266-6761-43a2-bd98-f42349a9bb63','2018-06-27 20:47:12','2018-06-27 20:47:12'),('hlq90h8-gvd5-t861-8nyy','681C1',NULL,'$2y$10$7Nr7lHpeouo.3Swq.mM.3uNu0zjJmyyEGxgTOA1F9UYq7dXSFfyHK','LUIS','MIRANDA SALMERON',NULL,NULL,NULL,NULL,NULL,NULL,NULL,1,0,'80687266-6761-43a2-bd98-f42349a9bb63','2018-06-27 20:47:11','2018-06-27 20:47:11'),('hrsvtd3-3god-dq97-5dfz','700B1',NULL,'$2y$10$7Nr7lHpeouo.3Swq.mM.3uNu0zjJmyyEGxgTOA1F9UYq7dXSFfyHK','FRANCISCA','HERNANDEZ DAMIAN',NULL,NULL,NULL,NULL,NULL,NULL,NULL,1,0,'80687266-6761-43a2-bd98-f42349a9bb63','2018-06-27 20:47:12','2018-06-27 20:47:12'),('htb509q-lxe5-a0on-9tyt','738B1',NULL,'$2y$10$7Nr7lHpeouo.3Swq.mM.3uNu0zjJmyyEGxgTOA1F9UYq7dXSFfyHK','AURORA','GONZALEZ RODRIGUEZ',NULL,NULL,NULL,NULL,NULL,NULL,NULL,1,0,'80687266-6761-43a2-bd98-f42349a9bb63','2018-06-27 20:47:12','2018-06-27 20:47:12'),('htngcvx-68nn-0fvs-mno8','687C1',NULL,'$2y$10$7Nr7lHpeouo.3Swq.mM.3uNu0zjJmyyEGxgTOA1F9UYq7dXSFfyHK','JOSE MIGUEL','SOLANO GARCIA',NULL,NULL,NULL,NULL,NULL,NULL,NULL,1,0,'80687266-6761-43a2-bd98-f42349a9bb63','2018-06-27 20:47:11','2018-06-27 20:47:11'),('hw3qi4u-q3q1-1gcw-7qsu','720B1',NULL,'$2y$10$7Nr7lHpeouo.3Swq.mM.3uNu0zjJmyyEGxgTOA1F9UYq7dXSFfyHK','HECTOR','SOSA JAVALOIS',NULL,NULL,NULL,NULL,NULL,NULL,NULL,1,0,'80687266-6761-43a2-bd98-f42349a9bb63','2018-06-27 20:47:11','2018-06-27 20:47:11'),('hzcmnwv-b2n4-dgz8-ej0h','734B1',NULL,'$2y$10$7Nr7lHpeouo.3Swq.mM.3uNu0zjJmyyEGxgTOA1F9UYq7dXSFfyHK','ANA PAULINA','SERRANO GONZALEZ',NULL,NULL,NULL,NULL,NULL,NULL,NULL,1,0,'80687266-6761-43a2-bd98-f42349a9bb63','2018-06-27 20:47:12','2018-06-27 20:47:12'),('hzw2ei3-cewr-l3cy-cn0i','cristinaT',NULL,'$2y$10$Tt7QO3QyKR0VRX3JkYDLPOnzrNQOUiQyQKhl2lcXGpwyq9ui8uCbS','CRISTINA','TORRES',NULL,NULL,NULL,NULL,NULL,NULL,NULL,1,1,'5197c80d-2d30-4225-a757-b31592c9e0f0','2018-06-27 21:43:12','2018-06-27 21:43:12'),('i0m23qz-ygl6-po57-ujvw','732B1',NULL,'$2y$10$7Nr7lHpeouo.3Swq.mM.3uNu0zjJmyyEGxgTOA1F9UYq7dXSFfyHK','MARIA FERNANDA','COLIN RAMIREZ',NULL,NULL,NULL,NULL,NULL,NULL,NULL,1,0,'80687266-6761-43a2-bd98-f42349a9bb63','2018-06-27 20:47:12','2018-06-27 20:47:12'),('i1l67yi-jgjz-72lu-080x','886B1',NULL,'$2y$10$7Nr7lHpeouo.3Swq.mM.3uNu0zjJmyyEGxgTOA1F9UYq7dXSFfyHK','CARIME DEL ROCIO','RICO CHAN',NULL,NULL,NULL,NULL,NULL,NULL,NULL,1,0,'80687266-6761-43a2-bd98-f42349a9bb63','2018-06-27 20:47:13','2018-06-27 20:47:13'),('i3ggxzb-r3et-eve1-m1qh','696B1',NULL,'$2y$10$7Nr7lHpeouo.3Swq.mM.3uNu0zjJmyyEGxgTOA1F9UYq7dXSFfyHK','ANA MARISOL','PALMA SOLARES',NULL,NULL,NULL,NULL,NULL,NULL,NULL,1,0,'80687266-6761-43a2-bd98-f42349a9bb63','2018-06-27 20:47:12','2018-06-27 20:47:12'),('i95llwa-vck9-sj9x-c129','771C1',NULL,'$2y$10$7Nr7lHpeouo.3Swq.mM.3uNu0zjJmyyEGxgTOA1F9UYq7dXSFfyHK','FLOR ALEJANDRA','OSEGUERA ANGUIANO',NULL,NULL,NULL,NULL,NULL,NULL,NULL,1,0,'80687266-6761-43a2-bd98-f42349a9bb63','2018-06-27 20:47:14','2018-06-27 20:47:14'),('icnvhdf-qn0r-s0te-wuca','874C14',NULL,'$2y$10$7Nr7lHpeouo.3Swq.mM.3uNu0zjJmyyEGxgTOA1F9UYq7dXSFfyHK','ANGEL JAVIER','MARTINEZ VALADEZ',NULL,NULL,NULL,NULL,NULL,NULL,NULL,1,0,'80687266-6761-43a2-bd98-f42349a9bb63','2018-06-27 20:47:13','2018-06-27 20:47:13'),('in57i3i-u3vb-hh7a-lml9','675C2',NULL,'$2y$10$7Nr7lHpeouo.3Swq.mM.3uNu0zjJmyyEGxgTOA1F9UYq7dXSFfyHK','NICOLAS','MENDIOLA LEON',NULL,NULL,NULL,NULL,NULL,NULL,NULL,1,0,'80687266-6761-43a2-bd98-f42349a9bb63','2018-06-27 20:47:11','2018-06-27 20:47:11'),('ipgnj8p-3crf-tcrf-0d7u','718C1',NULL,'$2y$10$7Nr7lHpeouo.3Swq.mM.3uNu0zjJmyyEGxgTOA1F9UYq7dXSFfyHK','ANA PATRICIA','GARCIA CALLES',NULL,NULL,NULL,NULL,NULL,NULL,NULL,1,0,'80687266-6761-43a2-bd98-f42349a9bb63','2018-06-27 20:47:11','2018-06-27 20:47:11'),('it1srwx-9msy-r80e-t1hc','690B1',NULL,'$2y$10$7Nr7lHpeouo.3Swq.mM.3uNu0zjJmyyEGxgTOA1F9UYq7dXSFfyHK','HUGO ALBERTO','SANCHEZ RICARDEZ',NULL,NULL,NULL,NULL,NULL,NULL,NULL,1,0,'80687266-6761-43a2-bd98-f42349a9bb63','2018-06-27 20:47:11','2018-06-27 20:47:11'),('izyfjhl-d3ko-ssud-4m1c','920S1',NULL,'$2y$10$7Nr7lHpeouo.3Swq.mM.3uNu0zjJmyyEGxgTOA1F9UYq7dXSFfyHK','MAURICIO','LOPEZ MARTINEZ',NULL,NULL,NULL,NULL,NULL,NULL,NULL,1,0,'80687266-6761-43a2-bd98-f42349a9bb63','2018-06-27 20:47:12','2018-06-27 20:47:12'),('j1x64mf-7hyf-2bzj-4clt','672B1',NULL,'$2y$10$7Nr7lHpeouo.3Swq.mM.3uNu0zjJmyyEGxgTOA1F9UYq7dXSFfyHK','DIANA LUCRECIA','RIVERA ORTIZ',NULL,NULL,NULL,NULL,NULL,NULL,NULL,1,0,'80687266-6761-43a2-bd98-f42349a9bb63','2018-06-27 20:47:11','2018-06-27 20:47:11'),('j5gqan9-0idb-2tk2-2j8u','678B1',NULL,'$2y$10$7Nr7lHpeouo.3Swq.mM.3uNu0zjJmyyEGxgTOA1F9UYq7dXSFfyHK','GABRIEL','CANCHE CEL',NULL,NULL,NULL,NULL,NULL,NULL,NULL,1,0,'80687266-6761-43a2-bd98-f42349a9bb63','2018-06-27 20:47:11','2018-06-27 20:47:11'),('j9x8jol-qi7u-109s-klrx','744B1',NULL,'$2y$10$7Nr7lHpeouo.3Swq.mM.3uNu0zjJmyyEGxgTOA1F9UYq7dXSFfyHK','MARISOL','AGUILAR JIMENEZ',NULL,NULL,NULL,NULL,NULL,NULL,NULL,1,0,'80687266-6761-43a2-bd98-f42349a9bb63','2018-06-27 20:47:14','2018-06-27 20:47:14'),('ji5330c-e2aw-uds3-6rkx','875C21',NULL,'$2y$10$7Nr7lHpeouo.3Swq.mM.3uNu0zjJmyyEGxgTOA1F9UYq7dXSFfyHK','ANA BERTHA','GONZALEZ MARDUEÑO',NULL,NULL,NULL,NULL,NULL,NULL,NULL,1,0,'80687266-6761-43a2-bd98-f42349a9bb63','2018-06-27 20:47:13','2018-06-27 20:47:13'),('jk42s6z-8irw-jqej-j3wz','704C1',NULL,'$2y$10$7Nr7lHpeouo.3Swq.mM.3uNu0zjJmyyEGxgTOA1F9UYq7dXSFfyHK','ELSY DEL CARMEN','LOPEZ MORALES',NULL,NULL,NULL,NULL,NULL,NULL,NULL,1,0,'80687266-6761-43a2-bd98-f42349a9bb63','2018-06-27 20:47:12','2018-06-27 20:47:12'),('jqjsvzd-1c31-jqca-9kxe','912B1',NULL,'$2y$10$7Nr7lHpeouo.3Swq.mM.3uNu0zjJmyyEGxgTOA1F9UYq7dXSFfyHK','MARTHA','PEREZ SARGENTO',NULL,NULL,NULL,NULL,NULL,NULL,NULL,1,0,'80687266-6761-43a2-bd98-f42349a9bb63','2018-06-27 20:47:12','2018-06-27 20:47:12'),('jqp9htf-duvd-rv5g-x96f','763B1',NULL,'$2y$10$7Nr7lHpeouo.3Swq.mM.3uNu0zjJmyyEGxgTOA1F9UYq7dXSFfyHK','YURBEN JERUSALEN','MARTIN PADILLA',NULL,NULL,NULL,NULL,NULL,NULL,NULL,1,0,'80687266-6761-43a2-bd98-f42349a9bb63','2018-06-27 20:47:13','2018-06-27 20:47:13'),('k0elkqn-fxe4-71kh-utlp','881B1',NULL,'$2y$10$7Nr7lHpeouo.3Swq.mM.3uNu0zjJmyyEGxgTOA1F9UYq7dXSFfyHK','CRISTELL LUCERO','PEREZ AMBROSIO',NULL,NULL,NULL,NULL,NULL,NULL,NULL,1,0,'80687266-6761-43a2-bd98-f42349a9bb63','2018-06-27 20:47:13','2018-06-27 20:47:13'),('k29fufl-fr6i-6b0l-hlv7','206B1',NULL,'$2y$10$7Nr7lHpeouo.3Swq.mM.3uNu0zjJmyyEGxgTOA1F9UYq7dXSFfyHK','GUADALUPE','GALARZA GALARZA',NULL,NULL,NULL,NULL,NULL,NULL,NULL,1,0,'80687266-6761-43a2-bd98-f42349a9bb63','2018-06-27 20:47:14','2018-06-27 20:47:14'),('k3jj4un-qwql-tnkx-vywx','668C1',NULL,'$2y$10$7Nr7lHpeouo.3Swq.mM.3uNu0zjJmyyEGxgTOA1F9UYq7dXSFfyHK','CARLOS ALFONSO','VILLASANA BERNAL',NULL,NULL,NULL,NULL,NULL,NULL,NULL,1,0,'80687266-6761-43a2-bd98-f42349a9bb63','2018-06-27 20:47:11','2018-06-27 20:47:11'),('k7rb9hd-eo0z-8gyx-12ed','874C2',NULL,'$2y$10$7Nr7lHpeouo.3Swq.mM.3uNu0zjJmyyEGxgTOA1F9UYq7dXSFfyHK','HILARIA DEL SOCORRO','AKE CAAMAL',NULL,NULL,NULL,NULL,NULL,NULL,NULL,1,0,'80687266-6761-43a2-bd98-f42349a9bb63','2018-06-27 20:47:13','2018-06-27 20:47:13'),('k9a3gxx-ljlu-kg5k-9v98','694C4',NULL,'$2y$10$7Nr7lHpeouo.3Swq.mM.3uNu0zjJmyyEGxgTOA1F9UYq7dXSFfyHK','MARIA ESTEFANIA','IBARRA CHAMI',NULL,NULL,NULL,NULL,NULL,NULL,NULL,1,0,'80687266-6761-43a2-bd98-f42349a9bb63','2018-06-27 20:47:12','2018-06-27 20:47:12'),('kao8uqd-j51a-u5e3-jtcr','875C19',NULL,'$2y$10$7Nr7lHpeouo.3Swq.mM.3uNu0zjJmyyEGxgTOA1F9UYq7dXSFfyHK','MIGUEL ANGEL','OCHOA RODRIGUEZ',NULL,NULL,NULL,NULL,NULL,NULL,NULL,1,0,'80687266-6761-43a2-bd98-f42349a9bb63','2018-06-27 20:47:13','2018-06-27 20:47:13'),('kb6bd07-j35u-i0gh-7bk0','874C4',NULL,'$2y$10$7Nr7lHpeouo.3Swq.mM.3uNu0zjJmyyEGxgTOA1F9UYq7dXSFfyHK','MARCO ANTONIO','MARTINEZ HERRERA',NULL,NULL,NULL,NULL,NULL,NULL,NULL,1,0,'80687266-6761-43a2-bd98-f42349a9bb63','2018-06-27 20:47:13','2018-06-27 20:47:13'),('kfj5sjf-8bxt-c3fa-er36','708C1',NULL,'$2y$10$7Nr7lHpeouo.3Swq.mM.3uNu0zjJmyyEGxgTOA1F9UYq7dXSFfyHK','JORGE CARLOS','AGUILAR ENCALADA',NULL,NULL,NULL,NULL,NULL,NULL,NULL,1,0,'80687266-6761-43a2-bd98-f42349a9bb63','2018-06-27 20:47:12','2018-06-27 20:47:12'),('kj8yt5g-zusl-z1xy-3ty7','891C1',NULL,'$2y$10$7Nr7lHpeouo.3Swq.mM.3uNu0zjJmyyEGxgTOA1F9UYq7dXSFfyHK','MARIANA','CASTAÑEDA FUENTES',NULL,NULL,NULL,NULL,NULL,NULL,NULL,1,0,'80687266-6761-43a2-bd98-f42349a9bb63','2018-06-27 20:47:13','2018-06-27 20:47:13'),('kjw3ifd-gq55-ojm4-m93j','680C3',NULL,'$2y$10$7Nr7lHpeouo.3Swq.mM.3uNu0zjJmyyEGxgTOA1F9UYq7dXSFfyHK','LORENZO','CANCHE CEL',NULL,NULL,NULL,NULL,NULL,NULL,NULL,1,0,'80687266-6761-43a2-bd98-f42349a9bb63','2018-06-27 20:47:11','2018-06-27 20:47:11'),('kk8r6z4-qt9s-mvg2-wj3d','694C3',NULL,'$2y$10$7Nr7lHpeouo.3Swq.mM.3uNu0zjJmyyEGxgTOA1F9UYq7dXSFfyHK','STEPHANIE CELESTE','AGUILAR HERNANDEZ',NULL,NULL,NULL,NULL,NULL,NULL,NULL,1,0,'80687266-6761-43a2-bd98-f42349a9bb63','2018-06-27 20:47:12','2018-06-27 20:47:12'),('kktouoz-t8m0-rud0-hpmx','206C10',NULL,'$2y$10$7Nr7lHpeouo.3Swq.mM.3uNu0zjJmyyEGxgTOA1F9UYq7dXSFfyHK','MAYRA JANNET','JIMENEZ GUILLEN',NULL,NULL,NULL,NULL,NULL,NULL,NULL,1,0,'80687266-6761-43a2-bd98-f42349a9bb63','2018-06-27 20:47:14','2018-06-27 20:47:14'),('km6hyf5-dtg2-5mcl-2xgc','767B1',NULL,'$2y$10$7Nr7lHpeouo.3Swq.mM.3uNu0zjJmyyEGxgTOA1F9UYq7dXSFfyHK','JUAN CARLOS','HOY CHIMAL',NULL,NULL,NULL,NULL,NULL,NULL,NULL,1,0,'80687266-6761-43a2-bd98-f42349a9bb63','2018-06-27 20:47:14','2018-06-27 20:47:14'),('kosp6ah-7o2m-k3r3-a5a7','206C8',NULL,'$2y$10$7Nr7lHpeouo.3Swq.mM.3uNu0zjJmyyEGxgTOA1F9UYq7dXSFfyHK','NIDIA','REYES MORALES',NULL,NULL,NULL,NULL,NULL,NULL,NULL,1,0,'80687266-6761-43a2-bd98-f42349a9bb63','2018-06-27 20:47:14','2018-06-27 20:47:14'),('ks0n01t-adoi-kjom-cy3g','884B1',NULL,'$2y$10$7Nr7lHpeouo.3Swq.mM.3uNu0zjJmyyEGxgTOA1F9UYq7dXSFfyHK','CESAR IGNACIO','TORRES HERNANDEZ',NULL,NULL,NULL,NULL,NULL,NULL,NULL,1,0,'80687266-6761-43a2-bd98-f42349a9bb63','2018-06-27 20:47:13','2018-06-27 20:47:13'),('kvb7jg6-1tmg-uuo3-bu1n','718B1',NULL,'$2y$10$7Nr7lHpeouo.3Swq.mM.3uNu0zjJmyyEGxgTOA1F9UYq7dXSFfyHK','ANGELA BEATRIZ','CALDELAS HERNANDEZ',NULL,NULL,NULL,NULL,NULL,NULL,NULL,1,0,'80687266-6761-43a2-bd98-f42349a9bb63','2018-06-27 20:47:11','2018-06-27 20:47:11'),('l50mmtc-q1zi-sdg6-5c2m','722C1',NULL,'$2y$10$7Nr7lHpeouo.3Swq.mM.3uNu0zjJmyyEGxgTOA1F9UYq7dXSFfyHK','NATAN ISAEL','SALDAÑA CUEVAS',NULL,NULL,NULL,NULL,NULL,NULL,NULL,1,0,'80687266-6761-43a2-bd98-f42349a9bb63','2018-06-27 20:47:12','2018-06-27 20:47:12'),('l7dyzrc-24z6-eqwz-1s4h','681B1',NULL,'$2y$10$7Nr7lHpeouo.3Swq.mM.3uNu0zjJmyyEGxgTOA1F9UYq7dXSFfyHK','GENNY','LARA MORALES',NULL,NULL,NULL,NULL,NULL,NULL,NULL,1,0,'80687266-6761-43a2-bd98-f42349a9bb63','2018-06-27 20:47:11','2018-06-27 20:47:11'),('lcs1r5v-kq7n-46hl-ojuj','876B1',NULL,'$2y$10$7Nr7lHpeouo.3Swq.mM.3uNu0zjJmyyEGxgTOA1F9UYq7dXSFfyHK','SARAIN','RAMIREZ CRUZ',NULL,NULL,NULL,NULL,NULL,NULL,NULL,1,0,'80687266-6761-43a2-bd98-f42349a9bb63','2018-06-27 20:47:13','2018-06-27 20:47:13'),('lgcm1y9-swmr-rc72-wzdn','681C4',NULL,'$2y$10$7Nr7lHpeouo.3Swq.mM.3uNu0zjJmyyEGxgTOA1F9UYq7dXSFfyHK','JORGE CARLOS','CASTRO TZEC',NULL,NULL,NULL,NULL,NULL,NULL,NULL,1,0,'80687266-6761-43a2-bd98-f42349a9bb63','2018-06-27 20:47:11','2018-06-27 20:47:11'),('li8zu8z-0725-wemk-h9ct','705C1',NULL,'$2y$10$7Nr7lHpeouo.3Swq.mM.3uNu0zjJmyyEGxgTOA1F9UYq7dXSFfyHK','ZULMA','SANTOS HERRERA',NULL,NULL,NULL,NULL,NULL,NULL,NULL,1,0,'80687266-6761-43a2-bd98-f42349a9bb63','2018-06-27 20:47:12','2018-06-27 20:47:12'),('lltczaf-g0lv-7gfq-7gxd','768B1',NULL,'$2y$10$7Nr7lHpeouo.3Swq.mM.3uNu0zjJmyyEGxgTOA1F9UYq7dXSFfyHK','GLORIA GUADALUPE','MAY PECH',NULL,NULL,NULL,NULL,NULL,NULL,NULL,1,0,'80687266-6761-43a2-bd98-f42349a9bb63','2018-06-27 20:47:14','2018-06-27 20:47:14'),('ln7fb3m-oi3a-zdkl-en0q','898B1',NULL,'$2y$10$7Nr7lHpeouo.3Swq.mM.3uNu0zjJmyyEGxgTOA1F9UYq7dXSFfyHK','MARIA GENEROSA','CANUL DZIB',NULL,NULL,NULL,NULL,NULL,NULL,NULL,1,0,'80687266-6761-43a2-bd98-f42349a9bb63','2018-06-27 20:47:12','2018-06-27 20:47:12'),('lt4oxus-hvbv-o86o-vl9h','759B1',NULL,'$2y$10$7Nr7lHpeouo.3Swq.mM.3uNu0zjJmyyEGxgTOA1F9UYq7dXSFfyHK','NEIFRI DE LOS ANGELES','LEON CHARINES',NULL,NULL,NULL,NULL,NULL,NULL,NULL,1,0,'80687266-6761-43a2-bd98-f42349a9bb63','2018-06-27 20:47:14','2018-06-27 20:47:14'),('ltgo0ke-0ncb-6k7g-u0cg','M0NIT0R06',NULL,'$2y$10$qQaDRgCZdK/nDzAlNUQaV.N5361oyrLhEmtosT5Lue78ztyzZV.NW','MONITOR','06',NULL,NULL,NULL,NULL,NULL,NULL,NULL,1,0,'e687cb91-4cdf-4ab2-992f-e76584199c2e','2018-06-27 21:02:57','2018-06-27 21:02:57'),('lybzgv0-y0zi-yxn6-bglk','M0NIT0R08',NULL,'$2y$10$qQaDRgCZdK/nDzAlNUQaV.N5361oyrLhEmtosT5Lue78ztyzZV.NW','MONITOR','08',NULL,NULL,NULL,NULL,NULL,NULL,NULL,1,0,'e687cb91-4cdf-4ab2-992f-e76584199c2e','2018-06-27 21:02:57','2018-06-27 21:02:57'),('lyfb4po-za1u-oxsl-3oi2','672C1',NULL,'$2y$10$7Nr7lHpeouo.3Swq.mM.3uNu0zjJmyyEGxgTOA1F9UYq7dXSFfyHK','RICARDO','VILLA CORONA',NULL,NULL,NULL,NULL,NULL,NULL,NULL,1,0,'80687266-6761-43a2-bd98-f42349a9bb63','2018-06-27 20:47:11','2018-06-27 20:47:11'),('lzmhhng-joel-mxnq-6jd0','891B1',NULL,'$2y$10$7Nr7lHpeouo.3Swq.mM.3uNu0zjJmyyEGxgTOA1F9UYq7dXSFfyHK','EDGAR BERNAN','YAM MAY',NULL,NULL,NULL,NULL,NULL,NULL,NULL,1,0,'80687266-6761-43a2-bd98-f42349a9bb63','2018-06-27 20:47:13','2018-06-27 20:47:13'),('m0tyrmc-cph7-664m-qd7i','907B1',NULL,'$2y$10$7Nr7lHpeouo.3Swq.mM.3uNu0zjJmyyEGxgTOA1F9UYq7dXSFfyHK','FRANCISCA DEL CARMEN','MUÑOZ DOMINGUEZ',NULL,NULL,NULL,NULL,NULL,NULL,NULL,1,0,'80687266-6761-43a2-bd98-f42349a9bb63','2018-06-27 20:47:12','2018-06-27 20:47:12'),('m0wrw2o-kvqu-a8hl-f152','885B1',NULL,'$2y$10$7Nr7lHpeouo.3Swq.mM.3uNu0zjJmyyEGxgTOA1F9UYq7dXSFfyHK','WENDY YAZURY','TZIU PEREZ',NULL,NULL,NULL,NULL,NULL,NULL,NULL,1,0,'80687266-6761-43a2-bd98-f42349a9bb63','2018-06-27 20:47:13','2018-06-27 20:47:13'),('m3ymcvl-o7rx-8mox-9nv1','711C1',NULL,'$2y$10$7Nr7lHpeouo.3Swq.mM.3uNu0zjJmyyEGxgTOA1F9UYq7dXSFfyHK','RUBI ILIANA','BURGOS SEGURA',NULL,NULL,NULL,NULL,NULL,NULL,NULL,1,0,'80687266-6761-43a2-bd98-f42349a9bb63','2018-06-27 20:47:11','2018-06-27 20:47:11'),('m8m8rl6-lh3a-n308-idgg','M0NIT0R09',NULL,'$2y$10$qQaDRgCZdK/nDzAlNUQaV.N5361oyrLhEmtosT5Lue78ztyzZV.NW','MONITOR','09',NULL,NULL,NULL,NULL,NULL,NULL,NULL,1,0,'e687cb91-4cdf-4ab2-992f-e76584199c2e','2018-06-27 21:02:58','2018-06-27 21:02:58'),('m8p7hx8-75a7-1y93-cpad','206C7',NULL,'$2y$10$7Nr7lHpeouo.3Swq.mM.3uNu0zjJmyyEGxgTOA1F9UYq7dXSFfyHK','ALEJANDRA','VARGAS ZAMBRANO',NULL,NULL,NULL,NULL,NULL,NULL,NULL,1,0,'80687266-6761-43a2-bd98-f42349a9bb63','2018-06-27 20:47:14','2018-06-27 20:47:14'),('mcguie6-6gih-bjmb-s6nx','675C3',NULL,'$2y$10$7Nr7lHpeouo.3Swq.mM.3uNu0zjJmyyEGxgTOA1F9UYq7dXSFfyHK','JUAN CARLOS','MENDOZA ZAVALA',NULL,NULL,NULL,NULL,NULL,NULL,NULL,1,0,'80687266-6761-43a2-bd98-f42349a9bb63','2018-06-27 20:47:11','2018-06-27 20:47:11'),('mihzmw8-6yc7-8ak5-3478','721C1',NULL,'$2y$10$7Nr7lHpeouo.3Swq.mM.3uNu0zjJmyyEGxgTOA1F9UYq7dXSFfyHK','IGNACIO','ESPINOSA GIRON',NULL,NULL,NULL,NULL,NULL,NULL,NULL,1,0,'80687266-6761-43a2-bd98-f42349a9bb63','2018-06-27 20:47:11','2018-06-27 20:47:11'),('mnk2caz-n16q-mjzf-9j8x','689B1',NULL,'$2y$10$7Nr7lHpeouo.3Swq.mM.3uNu0zjJmyyEGxgTOA1F9UYq7dXSFfyHK','ISAMI KRISTELL','MARTINEZ JIMENEZ',NULL,NULL,NULL,NULL,NULL,NULL,NULL,1,0,'80687266-6761-43a2-bd98-f42349a9bb63','2018-06-27 20:47:11','2018-06-27 20:47:11'),('moq6ier-fw8g-wk82-4wfg','875C20',NULL,'$2y$10$7Nr7lHpeouo.3Swq.mM.3uNu0zjJmyyEGxgTOA1F9UYq7dXSFfyHK','GERARDO','ESCOBAR CRUZ',NULL,NULL,NULL,NULL,NULL,NULL,NULL,1,0,'80687266-6761-43a2-bd98-f42349a9bb63','2018-06-27 20:47:13','2018-06-27 20:47:13'),('mqa5n3a-zvid-eguv-ezmx','702C1',NULL,'$2y$10$7Nr7lHpeouo.3Swq.mM.3uNu0zjJmyyEGxgTOA1F9UYq7dXSFfyHK','BRENDA LIZET','URGELL ARIAS',NULL,NULL,NULL,NULL,NULL,NULL,NULL,1,0,'80687266-6761-43a2-bd98-f42349a9bb63','2018-06-27 20:47:12','2018-06-27 20:47:12'),('mr7lhj4-anov-fhxy-r7ur','747B1',NULL,'$2y$10$7Nr7lHpeouo.3Swq.mM.3uNu0zjJmyyEGxgTOA1F9UYq7dXSFfyHK','MARTHA BEATRIZ','FERNANDEZ JACINTO',NULL,NULL,NULL,NULL,NULL,NULL,NULL,1,0,'80687266-6761-43a2-bd98-f42349a9bb63','2018-06-27 20:47:14','2018-06-27 20:47:14'),('mrg565n-y6dl-jizp-rju3','739B1',NULL,'$2y$10$7Nr7lHpeouo.3Swq.mM.3uNu0zjJmyyEGxgTOA1F9UYq7dXSFfyHK','OMAR','BECERRA DAVILA',NULL,NULL,NULL,NULL,NULL,NULL,NULL,1,0,'80687266-6761-43a2-bd98-f42349a9bb63','2018-06-27 20:47:12','2018-06-27 20:47:12'),('muw2yfr-cssw-l7xo-0enz','669C1',NULL,'$2y$10$7Nr7lHpeouo.3Swq.mM.3uNu0zjJmyyEGxgTOA1F9UYq7dXSFfyHK','LETICIA','CALDERON LUNA',NULL,NULL,NULL,NULL,NULL,NULL,NULL,1,0,'80687266-6761-43a2-bd98-f42349a9bb63','2018-06-27 20:47:11','2018-06-27 20:47:11'),('mv1gtom-namd-d4qd-whul','683C1',NULL,'$2y$10$7Nr7lHpeouo.3Swq.mM.3uNu0zjJmyyEGxgTOA1F9UYq7dXSFfyHK','NATALI','VALDEZ PEREZ',NULL,NULL,NULL,NULL,NULL,NULL,NULL,1,0,'80687266-6761-43a2-bd98-f42349a9bb63','2018-06-27 20:47:11','2018-06-27 20:47:11'),('n65l3do-h3z9-5vpp-rduw','729C2',NULL,'$2y$10$7Nr7lHpeouo.3Swq.mM.3uNu0zjJmyyEGxgTOA1F9UYq7dXSFfyHK','JAZMIN','TORRES HERNANDEZ',NULL,NULL,NULL,NULL,NULL,NULL,NULL,1,0,'80687266-6761-43a2-bd98-f42349a9bb63','2018-06-27 20:47:12','2018-06-27 20:47:12'),('n7qf00w-9p28-g624-15ee','769C1',NULL,'$2y$10$7Nr7lHpeouo.3Swq.mM.3uNu0zjJmyyEGxgTOA1F9UYq7dXSFfyHK','ERNESTO','ABONCE ROSALES',NULL,NULL,NULL,NULL,NULL,NULL,NULL,1,0,'80687266-6761-43a2-bd98-f42349a9bb63','2018-06-27 20:47:14','2018-06-27 20:47:14'),('natnpc1-onev-5eu0-3f0p','741C1',NULL,'$2y$10$7Nr7lHpeouo.3Swq.mM.3uNu0zjJmyyEGxgTOA1F9UYq7dXSFfyHK','JOSE DE JESUS','GONGORA REJON',NULL,NULL,NULL,NULL,NULL,NULL,NULL,1,0,'80687266-6761-43a2-bd98-f42349a9bb63','2018-06-27 20:47:12','2018-06-27 20:47:12'),('ni4d1wa-scgz-vtpc-177d','916B1',NULL,'$2y$10$7Nr7lHpeouo.3Swq.mM.3uNu0zjJmyyEGxgTOA1F9UYq7dXSFfyHK','ALEJANDRA ARISBET','MORENO RODRIGUEZ',NULL,NULL,NULL,NULL,NULL,NULL,NULL,1,0,'80687266-6761-43a2-bd98-f42349a9bb63','2018-06-27 20:47:12','2018-06-27 20:47:12'),('noy6ju4-97wm-l2t7-wxsk','206C11',NULL,'$2y$10$7Nr7lHpeouo.3Swq.mM.3uNu0zjJmyyEGxgTOA1F9UYq7dXSFfyHK','FRANCISCO LIBORIO','BASTO CERON',NULL,NULL,NULL,NULL,NULL,NULL,NULL,1,0,'80687266-6761-43a2-bd98-f42349a9bb63','2018-06-27 20:47:14','2018-06-27 20:47:14'),('o9elzex-pme1-3jah-ibt7','892C2',NULL,'$2y$10$7Nr7lHpeouo.3Swq.mM.3uNu0zjJmyyEGxgTOA1F9UYq7dXSFfyHK','MARIO ALBERTO','MARTIN SALAZAR',NULL,NULL,NULL,NULL,NULL,NULL,NULL,1,0,'80687266-6761-43a2-bd98-f42349a9bb63','2018-06-27 20:47:13','2018-06-27 20:47:13'),('o9ifzdk-86e8-i2ut-ohpb','707C1',NULL,'$2y$10$7Nr7lHpeouo.3Swq.mM.3uNu0zjJmyyEGxgTOA1F9UYq7dXSFfyHK','EDGAR JOSUE','TEJERO RAMIREZ',NULL,NULL,NULL,NULL,NULL,NULL,NULL,1,0,'80687266-6761-43a2-bd98-f42349a9bb63','2018-06-27 20:47:12','2018-06-27 20:47:12'),('o9lbt9z-dl3c-g8mz-wvhx','879B1',NULL,'$2y$10$7Nr7lHpeouo.3Swq.mM.3uNu0zjJmyyEGxgTOA1F9UYq7dXSFfyHK','NORMA LETICIA','CORONA ROSAS',NULL,NULL,NULL,NULL,NULL,NULL,NULL,1,0,'80687266-6761-43a2-bd98-f42349a9bb63','2018-06-27 20:47:13','2018-06-27 20:47:13'),('oay2s96-ha0n-upaq-k42q','878B1',NULL,'$2y$10$7Nr7lHpeouo.3Swq.mM.3uNu0zjJmyyEGxgTOA1F9UYq7dXSFfyHK','OCTAVIO','LOPEZ ENCISO',NULL,NULL,NULL,NULL,NULL,NULL,NULL,1,0,'80687266-6761-43a2-bd98-f42349a9bb63','2018-06-27 20:47:13','2018-06-27 20:47:13'),('oehf0km-n8ib-j20g-o3q8','694C2',NULL,'$2y$10$7Nr7lHpeouo.3Swq.mM.3uNu0zjJmyyEGxgTOA1F9UYq7dXSFfyHK','OCTAVIO AMADO','ENCALADA CARRERA',NULL,NULL,NULL,NULL,NULL,NULL,NULL,1,0,'80687266-6761-43a2-bd98-f42349a9bb63','2018-06-27 20:47:12','2018-06-27 20:47:12'),('ollatri-05xe-e28f-nhhc','688C1',NULL,'$2y$10$7Nr7lHpeouo.3Swq.mM.3uNu0zjJmyyEGxgTOA1F9UYq7dXSFfyHK','ANDRES','PEREZ CRUZ',NULL,NULL,NULL,NULL,NULL,NULL,NULL,1,0,'80687266-6761-43a2-bd98-f42349a9bb63','2018-06-27 20:47:11','2018-06-27 20:47:11'),('or3itlk-83ot-ydjm-6f3t','876C4',NULL,'$2y$10$7Nr7lHpeouo.3Swq.mM.3uNu0zjJmyyEGxgTOA1F9UYq7dXSFfyHK','MA GUADALUPE','RODRIGUEZ GARCIA',NULL,NULL,NULL,NULL,NULL,NULL,NULL,1,0,'80687266-6761-43a2-bd98-f42349a9bb63','2018-06-27 20:47:13','2018-06-27 20:47:13'),('osshnlt-wnyi-tz8v-jz53','680C5',NULL,'$2y$10$7Nr7lHpeouo.3Swq.mM.3uNu0zjJmyyEGxgTOA1F9UYq7dXSFfyHK','RAUL ERMILO','YERVES LOPEZ',NULL,NULL,NULL,NULL,NULL,NULL,NULL,1,0,'80687266-6761-43a2-bd98-f42349a9bb63','2018-06-27 20:47:11','2018-06-27 20:47:11'),('p4u9cl6-cr58-toon-bpd4','671B1',NULL,'$2y$10$7Nr7lHpeouo.3Swq.mM.3uNu0zjJmyyEGxgTOA1F9UYq7dXSFfyHK','TANIA PATRICIA','OCHOA MEDINA',NULL,NULL,NULL,NULL,NULL,NULL,NULL,1,0,'80687266-6761-43a2-bd98-f42349a9bb63','2018-06-27 20:47:11','2018-06-27 20:47:11'),('p4vr7ph-i7fn-d4ee-4zot','708B1',NULL,'$2y$10$7Nr7lHpeouo.3Swq.mM.3uNu0zjJmyyEGxgTOA1F9UYq7dXSFfyHK','NINIVE ANAHI','RIVERO VILLAMIL',NULL,NULL,NULL,NULL,NULL,NULL,NULL,1,0,'80687266-6761-43a2-bd98-f42349a9bb63','2018-06-27 20:47:12','2018-06-27 20:47:12'),('paa38l9-ak9u-nshy-o7y1','883C1',NULL,'$2y$10$7Nr7lHpeouo.3Swq.mM.3uNu0zjJmyyEGxgTOA1F9UYq7dXSFfyHK','GLORIA','HERNANDEZ CORDOVA',NULL,NULL,NULL,NULL,NULL,NULL,NULL,1,0,'80687266-6761-43a2-bd98-f42349a9bb63','2018-06-27 20:47:13','2018-06-27 20:47:13'),('plkxgdh-34i6-rvml-nl8s','206C5',NULL,'$2y$10$7Nr7lHpeouo.3Swq.mM.3uNu0zjJmyyEGxgTOA1F9UYq7dXSFfyHK','GUADALUPE','GUZMAN GOMEZ',NULL,NULL,NULL,NULL,NULL,NULL,NULL,1,0,'80687266-6761-43a2-bd98-f42349a9bb63','2018-06-27 20:47:14','2018-06-27 20:47:14'),('pqdtm0p-4ukt-drvq-r4vb','875C5',NULL,'$2y$10$7Nr7lHpeouo.3Swq.mM.3uNu0zjJmyyEGxgTOA1F9UYq7dXSFfyHK','GERALDINE','VARELA XOOL',NULL,NULL,NULL,NULL,NULL,NULL,NULL,1,0,'80687266-6761-43a2-bd98-f42349a9bb63','2018-06-27 20:47:13','2018-06-27 20:47:13'),('ps48ive-h483-b218-ifav','756B1',NULL,'$2y$10$7Nr7lHpeouo.3Swq.mM.3uNu0zjJmyyEGxgTOA1F9UYq7dXSFfyHK','CHRISTIAN','FLORES ORTIZ',NULL,NULL,NULL,NULL,NULL,NULL,NULL,1,0,'80687266-6761-43a2-bd98-f42349a9bb63','2018-06-27 20:47:14','2018-06-27 20:47:14'),('pxpkuwg-hv21-nne7-bkyr','717B1',NULL,'$2y$10$7Nr7lHpeouo.3Swq.mM.3uNu0zjJmyyEGxgTOA1F9UYq7dXSFfyHK','ANGEL GABRIEL','PECH SOSA',NULL,NULL,NULL,NULL,NULL,NULL,NULL,1,0,'80687266-6761-43a2-bd98-f42349a9bb63','2018-06-27 20:47:11','2018-06-27 20:47:11'),('q42gjxr-vqdp-l0to-u6vq','902B1',NULL,'$2y$10$7Nr7lHpeouo.3Swq.mM.3uNu0zjJmyyEGxgTOA1F9UYq7dXSFfyHK','FROYLAN','CAMPOS AZAMAR',NULL,NULL,NULL,NULL,NULL,NULL,NULL,1,0,'80687266-6761-43a2-bd98-f42349a9bb63','2018-06-27 20:47:12','2018-06-27 20:47:12'),('q85by58-37qf-86vq-nztm','720C1',NULL,'$2y$10$7Nr7lHpeouo.3Swq.mM.3uNu0zjJmyyEGxgTOA1F9UYq7dXSFfyHK','JARED MICHEL','GERONIMO OLIVARES',NULL,NULL,NULL,NULL,NULL,NULL,NULL,1,0,'80687266-6761-43a2-bd98-f42349a9bb63','2018-06-27 20:47:11','2018-06-27 20:47:11'),('q85ybeh-vjnk-ok2h-suie','703B1',NULL,'$2y$10$7Nr7lHpeouo.3Swq.mM.3uNu0zjJmyyEGxgTOA1F9UYq7dXSFfyHK','VALERIA DELFINA','SEGURA POOT',NULL,NULL,NULL,NULL,NULL,NULL,NULL,1,0,'80687266-6761-43a2-bd98-f42349a9bb63','2018-06-27 20:47:12','2018-06-27 20:47:12'),('q8qrw0t-obr2-qjab-z7bp','705B1',NULL,'$2y$10$7Nr7lHpeouo.3Swq.mM.3uNu0zjJmyyEGxgTOA1F9UYq7dXSFfyHK','PANFILO EDUARDO','EK UH',NULL,NULL,NULL,NULL,NULL,NULL,NULL,1,0,'80687266-6761-43a2-bd98-f42349a9bb63','2018-06-27 20:47:12','2018-06-27 20:47:12'),('qae8f6i-ejl0-uc8n-fodk','687B1',NULL,'$2y$10$7Nr7lHpeouo.3Swq.mM.3uNu0zjJmyyEGxgTOA1F9UYq7dXSFfyHK','ELVIA','VELASCO SANCHEZ',NULL,NULL,NULL,NULL,NULL,NULL,NULL,1,0,'80687266-6761-43a2-bd98-f42349a9bb63','2018-06-27 20:47:11','2018-06-27 20:47:11'),('qamiml4-vqic-wmcj-7d0i','882B1',NULL,'$2y$10$7Nr7lHpeouo.3Swq.mM.3uNu0zjJmyyEGxgTOA1F9UYq7dXSFfyHK','URIEL ISAI','SANGUINO ESCALANTE',NULL,NULL,NULL,NULL,NULL,NULL,NULL,1,0,'80687266-6761-43a2-bd98-f42349a9bb63','2018-06-27 20:47:13','2018-06-27 20:47:13'),('qbcr2m6-sji3-lt7y-emxj','701C1',NULL,'$2y$10$7Nr7lHpeouo.3Swq.mM.3uNu0zjJmyyEGxgTOA1F9UYq7dXSFfyHK','ELEACIN','RUIZ DIAZ',NULL,NULL,NULL,NULL,NULL,NULL,NULL,1,0,'80687266-6761-43a2-bd98-f42349a9bb63','2018-06-27 20:47:12','2018-06-27 20:47:12'),('qe9zt8u-5zsn-rdlx-j6xq','715C1',NULL,'$2y$10$7Nr7lHpeouo.3Swq.mM.3uNu0zjJmyyEGxgTOA1F9UYq7dXSFfyHK','ILEANA','SANSORES GOMEZ',NULL,NULL,NULL,NULL,NULL,NULL,NULL,1,0,'80687266-6761-43a2-bd98-f42349a9bb63','2018-06-27 20:47:11','2018-06-27 20:47:11'),('qf0y5q9-9a9r-jor8-97no','751B1',NULL,'$2y$10$7Nr7lHpeouo.3Swq.mM.3uNu0zjJmyyEGxgTOA1F9UYq7dXSFfyHK','VICTOR MANUEL','GALLEGOS JIMENEZ',NULL,NULL,NULL,NULL,NULL,NULL,NULL,1,0,'80687266-6761-43a2-bd98-f42349a9bb63','2018-06-27 20:47:14','2018-06-27 20:47:14'),('qfo5r8j-iz6v-y6d7-qx9u','900B1',NULL,'$2y$10$7Nr7lHpeouo.3Swq.mM.3uNu0zjJmyyEGxgTOA1F9UYq7dXSFfyHK','ENRIQUE ISMAEL','CHAN JIMENEZ',NULL,NULL,NULL,NULL,NULL,NULL,NULL,1,0,'80687266-6761-43a2-bd98-f42349a9bb63','2018-06-27 20:47:11','2018-06-27 20:47:11'),('qm1aus0-8pce-pdik-22pr','714B1',NULL,'$2y$10$7Nr7lHpeouo.3Swq.mM.3uNu0zjJmyyEGxgTOA1F9UYq7dXSFfyHK','MIGUEL ANTONIO','GONZALEZ MENA',NULL,NULL,NULL,NULL,NULL,NULL,NULL,1,0,'80687266-6761-43a2-bd98-f42349a9bb63','2018-06-27 20:47:11','2018-06-27 20:47:11'),('qmqace0-gozi-l7dg-rpaj','896B1',NULL,'$2y$10$7Nr7lHpeouo.3Swq.mM.3uNu0zjJmyyEGxgTOA1F9UYq7dXSFfyHK','MIGUEL ANGEL','KAUIL KAUIL',NULL,NULL,NULL,NULL,NULL,NULL,NULL,1,0,'80687266-6761-43a2-bd98-f42349a9bb63','2018-06-27 20:47:12','2018-06-27 20:47:12'),('qq4vafd-d7w7-0egb-1fc4','695C1',NULL,'$2y$10$7Nr7lHpeouo.3Swq.mM.3uNu0zjJmyyEGxgTOA1F9UYq7dXSFfyHK','ELSI','MENDOZA VILLARREAL',NULL,NULL,NULL,NULL,NULL,NULL,NULL,1,0,'80687266-6761-43a2-bd98-f42349a9bb63','2018-06-27 20:47:12','2018-06-27 20:47:12'),('qr34epi-rfea-5suk-pvo2','689C1',NULL,'$2y$10$7Nr7lHpeouo.3Swq.mM.3uNu0zjJmyyEGxgTOA1F9UYq7dXSFfyHK','MARIA ELSA','CORDOVA BARAHONA',NULL,NULL,NULL,NULL,NULL,NULL,NULL,1,0,'80687266-6761-43a2-bd98-f42349a9bb63','2018-06-27 20:47:11','2018-06-27 20:47:11'),('qr6h93c-51e5-3csh-jta1','748B1',NULL,'$2y$10$7Nr7lHpeouo.3Swq.mM.3uNu0zjJmyyEGxgTOA1F9UYq7dXSFfyHK','PATRICIA','HERNANDEZ HERNANDEZ',NULL,NULL,NULL,NULL,NULL,NULL,NULL,1,0,'80687266-6761-43a2-bd98-f42349a9bb63','2018-06-27 20:47:14','2018-06-27 20:47:14'),('qsuham2-hlx3-mo9c-dawt','766B1',NULL,'$2y$10$7Nr7lHpeouo.3Swq.mM.3uNu0zjJmyyEGxgTOA1F9UYq7dXSFfyHK','REMEDIOS','REYES SOLIS',NULL,NULL,NULL,NULL,NULL,NULL,NULL,1,0,'80687266-6761-43a2-bd98-f42349a9bb63','2018-06-27 20:47:14','2018-06-27 20:47:14'),('qwxjhrw-y2lo-d59f-ixys','746B1',NULL,'$2y$10$7Nr7lHpeouo.3Swq.mM.3uNu0zjJmyyEGxgTOA1F9UYq7dXSFfyHK','KARLA CRISTINA','PINEDA VERDE',NULL,NULL,NULL,NULL,NULL,NULL,NULL,1,0,'80687266-6761-43a2-bd98-f42349a9bb63','2018-06-27 20:47:14','2018-06-27 20:47:14'),('qyjz6v8-bu3s-2t4d-2j2d','737B1',NULL,'$2y$10$7Nr7lHpeouo.3Swq.mM.3uNu0zjJmyyEGxgTOA1F9UYq7dXSFfyHK','VERONICA DEL CARMEN','MARTHEN ZACARIAS',NULL,NULL,NULL,NULL,NULL,NULL,NULL,1,0,'80687266-6761-43a2-bd98-f42349a9bb63','2018-06-27 20:47:12','2018-06-27 20:47:12'),('r12qtu2-i4yp-ydof-8xuw','729B1',NULL,'$2y$10$7Nr7lHpeouo.3Swq.mM.3uNu0zjJmyyEGxgTOA1F9UYq7dXSFfyHK','LUIS ANTONIO','FLORES SANCHEZ',NULL,NULL,NULL,NULL,NULL,NULL,NULL,1,0,'80687266-6761-43a2-bd98-f42349a9bb63','2018-06-27 20:47:12','2018-06-27 20:47:12'),('r6qk9zl-f3hu-g9yd-pe3n','908B1',NULL,'$2y$10$7Nr7lHpeouo.3Swq.mM.3uNu0zjJmyyEGxgTOA1F9UYq7dXSFfyHK','JAIME','TORRES PEREZ',NULL,NULL,NULL,NULL,NULL,NULL,NULL,1,0,'80687266-6761-43a2-bd98-f42349a9bb63','2018-06-27 20:47:11','2018-06-27 20:47:11'),('r8leo0k-u8od-t15s-cm6f','768C1',NULL,'$2y$10$7Nr7lHpeouo.3Swq.mM.3uNu0zjJmyyEGxgTOA1F9UYq7dXSFfyHK','MARICRUZ','GOMEZ SOBERANO',NULL,NULL,NULL,NULL,NULL,NULL,NULL,1,0,'80687266-6761-43a2-bd98-f42349a9bb63','2018-06-27 20:47:14','2018-06-27 20:47:14'),('re5jz2n-uy41-6zkk-ktxs','875C24',NULL,'$2y$10$7Nr7lHpeouo.3Swq.mM.3uNu0zjJmyyEGxgTOA1F9UYq7dXSFfyHK','NINFA BEATRIZ','RAMIREZ MONTERROSO',NULL,NULL,NULL,NULL,NULL,NULL,NULL,1,0,'80687266-6761-43a2-bd98-f42349a9bb63','2018-06-27 20:47:13','2018-06-27 20:47:13'),('rhrjc47-97pc-qggb-wnhl','766C1',NULL,'$2y$10$7Nr7lHpeouo.3Swq.mM.3uNu0zjJmyyEGxgTOA1F9UYq7dXSFfyHK','IRLA CONCEPCION','NEGRIN PORTILLO',NULL,NULL,NULL,NULL,NULL,NULL,NULL,1,0,'80687266-6761-43a2-bd98-f42349a9bb63','2018-06-27 20:47:14','2018-06-27 20:47:14'),('rm48qmd-whey-zarz-scpp','910B1',NULL,'$2y$10$7Nr7lHpeouo.3Swq.mM.3uNu0zjJmyyEGxgTOA1F9UYq7dXSFfyHK','FATIMA','DE LA CRUZ ORTIZ',NULL,NULL,NULL,NULL,NULL,NULL,NULL,1,0,'80687266-6761-43a2-bd98-f42349a9bb63','2018-06-27 20:47:12','2018-06-27 20:47:12'),('rqmwihy-x1s9-kdxf-hfl1','889C1',NULL,'$2y$10$7Nr7lHpeouo.3Swq.mM.3uNu0zjJmyyEGxgTOA1F9UYq7dXSFfyHK','KARLA AZUL','PADILLA VILLALOBOS',NULL,NULL,NULL,NULL,NULL,NULL,NULL,1,0,'80687266-6761-43a2-bd98-f42349a9bb63','2018-06-27 20:47:13','2018-06-27 20:47:13'),('s03wmxp-5gjt-enmo-ji9c','719C1',NULL,'$2y$10$7Nr7lHpeouo.3Swq.mM.3uNu0zjJmyyEGxgTOA1F9UYq7dXSFfyHK','ROSA ANGELICA','GRANADOS GARCIA',NULL,NULL,NULL,NULL,NULL,NULL,NULL,1,0,'80687266-6761-43a2-bd98-f42349a9bb63','2018-06-27 20:47:11','2018-06-27 20:47:11'),('s2a97v6-idw8-dbw4-y39t','carlosJ',NULL,'$2y$10$/5WCyjtPZEhQNQ8KJj7YjukSAh0djDxetXMgtmzCACyzQuzJMkdEm','CARLOS','JOAQUIN GONZALEZ',NULL,NULL,NULL,NULL,NULL,NULL,NULL,1,1,'5197c80d-2d30-4225-a757-b31592c9e0f0','2018-06-27 21:43:12','2018-06-27 21:43:12'),('s2k6ten-bypn-mqha-0knv','692C1',NULL,'$2y$10$7Nr7lHpeouo.3Swq.mM.3uNu0zjJmyyEGxgTOA1F9UYq7dXSFfyHK','LEONOR ISABEL','SILVAN POLL',NULL,NULL,NULL,NULL,NULL,NULL,NULL,1,0,'80687266-6761-43a2-bd98-f42349a9bb63','2018-06-27 20:47:11','2018-06-27 20:47:11'),('s46lvpi-9c99-23i0-s5a5','875C14',NULL,'$2y$10$7Nr7lHpeouo.3Swq.mM.3uNu0zjJmyyEGxgTOA1F9UYq7dXSFfyHK','FRANCISCO','ROA PEREYRA',NULL,NULL,NULL,NULL,NULL,NULL,NULL,1,0,'80687266-6761-43a2-bd98-f42349a9bb63','2018-06-27 20:47:13','2018-06-27 20:47:13'),('sl056p0-dm5v-k031-zsyi','206C3',NULL,'$2y$10$7Nr7lHpeouo.3Swq.mM.3uNu0zjJmyyEGxgTOA1F9UYq7dXSFfyHK','TANYA BEATRIZ','RODRIGUEZ BUSTILLOS',NULL,NULL,NULL,NULL,NULL,NULL,NULL,1,0,'80687266-6761-43a2-bd98-f42349a9bb63','2018-06-27 20:47:14','2018-06-27 20:47:14'),('sl882ji-khw2-nszr-koza','745B1',NULL,'$2y$10$7Nr7lHpeouo.3Swq.mM.3uNu0zjJmyyEGxgTOA1F9UYq7dXSFfyHK','EVELYN SARAI','GARCIA GUTIERREZ',NULL,NULL,NULL,NULL,NULL,NULL,NULL,1,0,'80687266-6761-43a2-bd98-f42349a9bb63','2018-06-27 20:47:14','2018-06-27 20:47:14'),('sqewqmx-g22v-vf6o-0760','877C1',NULL,'$2y$10$7Nr7lHpeouo.3Swq.mM.3uNu0zjJmyyEGxgTOA1F9UYq7dXSFfyHK','MELINA DEL CARMEN','PADILLA CRUZ',NULL,NULL,NULL,NULL,NULL,NULL,NULL,1,0,'80687266-6761-43a2-bd98-f42349a9bb63','2018-06-27 20:47:13','2018-06-27 20:47:13'),('szziygq-dgc7-2cc6-flmu','670B1',NULL,'$2y$10$7Nr7lHpeouo.3Swq.mM.3uNu0zjJmyyEGxgTOA1F9UYq7dXSFfyHK','RENEE LUCERO','JUAREZ CASIQUE',NULL,NULL,NULL,NULL,NULL,NULL,NULL,1,0,'80687266-6761-43a2-bd98-f42349a9bb63','2018-06-27 20:47:11','2018-06-27 20:47:11'),('tarq7dt-h59u-34qh-o422','712B1',NULL,'$2y$10$7Nr7lHpeouo.3Swq.mM.3uNu0zjJmyyEGxgTOA1F9UYq7dXSFfyHK','JORGE ATILIO','MERINO QUIAN',NULL,NULL,NULL,NULL,NULL,NULL,NULL,1,0,'80687266-6761-43a2-bd98-f42349a9bb63','2018-06-27 20:47:11','2018-06-27 20:47:11'),('tcu61rb-9mb8-zrfx-yion','753C1',NULL,'$2y$10$7Nr7lHpeouo.3Swq.mM.3uNu0zjJmyyEGxgTOA1F9UYq7dXSFfyHK','MARIA DEL ROSARIO','GONZALEZ CAYON',NULL,NULL,NULL,NULL,NULL,NULL,NULL,1,0,'80687266-6761-43a2-bd98-f42349a9bb63','2018-06-27 20:47:14','2018-06-27 20:47:14'),('tehh3dg-1qfi-90uo-86bz','711B1',NULL,'$2y$10$7Nr7lHpeouo.3Swq.mM.3uNu0zjJmyyEGxgTOA1F9UYq7dXSFfyHK','EGNI JAZMIN','ACOSTA LOPEZ',NULL,NULL,NULL,NULL,NULL,NULL,NULL,1,0,'80687266-6761-43a2-bd98-f42349a9bb63','2018-06-27 20:47:11','2018-06-27 20:47:11'),('teveace-61af-mx3c-3ph3','M0NIT0R02',NULL,'$2y$10$qQaDRgCZdK/nDzAlNUQaV.N5361oyrLhEmtosT5Lue78ztyzZV.NW','MONITOR','02',NULL,NULL,NULL,NULL,NULL,NULL,NULL,1,0,'e687cb91-4cdf-4ab2-992f-e76584199c2e','2018-06-27 21:02:57','2018-06-27 21:02:57'),('thoxfxc-uieu-ln8h-eo2v','710B1',NULL,'$2y$10$7Nr7lHpeouo.3Swq.mM.3uNu0zjJmyyEGxgTOA1F9UYq7dXSFfyHK','MARIA JULIA','RUIZ DZUL',NULL,NULL,NULL,NULL,NULL,NULL,NULL,1,0,'80687266-6761-43a2-bd98-f42349a9bb63','2018-06-27 20:47:11','2018-06-27 20:47:11'),('tm5d106-zadk-2gpi-4f31','882C1',NULL,'$2y$10$7Nr7lHpeouo.3Swq.mM.3uNu0zjJmyyEGxgTOA1F9UYq7dXSFfyHK','NUBIA MEISY','SANCHEZ BERNARDO',NULL,NULL,NULL,NULL,NULL,NULL,NULL,1,0,'80687266-6761-43a2-bd98-f42349a9bb63','2018-06-27 20:47:13','2018-06-27 20:47:13'),('tm6pfkd-npj7-q2ov-qoie','728B1',NULL,'$2y$10$7Nr7lHpeouo.3Swq.mM.3uNu0zjJmyyEGxgTOA1F9UYq7dXSFfyHK','RUDY JACOB','YAH SOSA',NULL,NULL,NULL,NULL,NULL,NULL,NULL,1,0,'80687266-6761-43a2-bd98-f42349a9bb63','2018-06-27 20:47:11','2018-06-27 20:47:11'),('tmkrvt9-l9g9-zz9f-10i4','874C10',NULL,'$2y$10$7Nr7lHpeouo.3Swq.mM.3uNu0zjJmyyEGxgTOA1F9UYq7dXSFfyHK','BENITO','PADILLA MOTA',NULL,NULL,NULL,NULL,NULL,NULL,NULL,1,0,'80687266-6761-43a2-bd98-f42349a9bb63','2018-06-27 20:47:13','2018-06-27 20:47:13'),('tnwvm29-djne-8tiz-pb8g','875C7',NULL,'$2y$10$7Nr7lHpeouo.3Swq.mM.3uNu0zjJmyyEGxgTOA1F9UYq7dXSFfyHK','JENNY LINDU','DOMINGUEZ HERNANDEZ',NULL,NULL,NULL,NULL,NULL,NULL,NULL,1,0,'80687266-6761-43a2-bd98-f42349a9bb63','2018-06-27 20:47:13','2018-06-27 20:47:13'),('tug0yja-scce-po3b-k9u8','733B1',NULL,'$2y$10$7Nr7lHpeouo.3Swq.mM.3uNu0zjJmyyEGxgTOA1F9UYq7dXSFfyHK','PEDRO ANTONIO','BOLIO LIZAMA',NULL,NULL,NULL,NULL,NULL,NULL,NULL,1,0,'80687266-6761-43a2-bd98-f42349a9bb63','2018-06-27 20:47:13','2018-06-27 20:47:13'),('tx0suvm-sc37-xk3k-2se2','875C22',NULL,'$2y$10$7Nr7lHpeouo.3Swq.mM.3uNu0zjJmyyEGxgTOA1F9UYq7dXSFfyHK','ESTELA','FALCON AGUILAR',NULL,NULL,NULL,NULL,NULL,NULL,NULL,1,0,'80687266-6761-43a2-bd98-f42349a9bb63','2018-06-27 20:47:13','2018-06-27 20:47:13'),('txtvk6z-2x23-x921-519s','880B1',NULL,'$2y$10$7Nr7lHpeouo.3Swq.mM.3uNu0zjJmyyEGxgTOA1F9UYq7dXSFfyHK','JUAN EUDES','CANCHE CANCHE',NULL,NULL,NULL,NULL,NULL,NULL,NULL,1,0,'80687266-6761-43a2-bd98-f42349a9bb63','2018-06-27 20:47:13','2018-06-27 20:47:13'),('u3cssj8-qep4-q8qz-pzsi','674B1',NULL,'$2y$10$7Nr7lHpeouo.3Swq.mM.3uNu0zjJmyyEGxgTOA1F9UYq7dXSFfyHK','ISAY AMBROSIO','CANO BONILLA',NULL,NULL,NULL,NULL,NULL,NULL,NULL,1,0,'80687266-6761-43a2-bd98-f42349a9bb63','2018-06-27 20:47:12','2018-06-27 20:47:12'),('u3ubck5-xeri-14xp-vgbk','768C4',NULL,'$2y$10$7Nr7lHpeouo.3Swq.mM.3uNu0zjJmyyEGxgTOA1F9UYq7dXSFfyHK','TIVISAY','DOMINGUEZ AGUILAR',NULL,NULL,NULL,NULL,NULL,NULL,NULL,1,0,'80687266-6761-43a2-bd98-f42349a9bb63','2018-06-27 20:47:14','2018-06-27 20:47:14'),('u4p4jr1-gizi-hqhy-2bfu','876C3',NULL,'$2y$10$7Nr7lHpeouo.3Swq.mM.3uNu0zjJmyyEGxgTOA1F9UYq7dXSFfyHK','ARACELY','MARTINEZ SANCHEZ',NULL,NULL,NULL,NULL,NULL,NULL,NULL,1,0,'80687266-6761-43a2-bd98-f42349a9bb63','2018-06-27 20:47:13','2018-06-27 20:47:13'),('u77nej0-kxng-czyr-hwrv','688B1',NULL,'$2y$10$7Nr7lHpeouo.3Swq.mM.3uNu0zjJmyyEGxgTOA1F9UYq7dXSFfyHK','ANAYELI','LOPEZ VIDAL',NULL,NULL,NULL,NULL,NULL,NULL,NULL,1,0,'80687266-6761-43a2-bd98-f42349a9bb63','2018-06-27 20:47:11','2018-06-27 20:47:11'),('u9beayn-xnt0-8xlg-luu7','888C2',NULL,'$2y$10$7Nr7lHpeouo.3Swq.mM.3uNu0zjJmyyEGxgTOA1F9UYq7dXSFfyHK','LUIS ALEJANDRO','LOPEZ ACUÑA',NULL,NULL,NULL,NULL,NULL,NULL,NULL,1,0,'80687266-6761-43a2-bd98-f42349a9bb63','2018-06-27 20:47:13','2018-06-27 20:47:13'),('ubmom1c-mc8j-16bd-mlai','709C2',NULL,'$2y$10$7Nr7lHpeouo.3Swq.mM.3uNu0zjJmyyEGxgTOA1F9UYq7dXSFfyHK','CINTHYA','RODRIGUEZ CASTELLANO',NULL,NULL,NULL,NULL,NULL,NULL,NULL,1,0,'80687266-6761-43a2-bd98-f42349a9bb63','2018-06-27 20:47:12','2018-06-27 20:47:12'),('uc86afe-yd7n-f3dl-v0mt','674C1',NULL,'$2y$10$7Nr7lHpeouo.3Swq.mM.3uNu0zjJmyyEGxgTOA1F9UYq7dXSFfyHK','DARIO','DE LA CRUZ ZARATE',NULL,NULL,NULL,NULL,NULL,NULL,NULL,1,0,'80687266-6761-43a2-bd98-f42349a9bb63','2018-06-27 20:47:12','2018-06-27 20:47:12'),('ue3czyt-0h55-laie-fwei','753B1',NULL,'$2y$10$7Nr7lHpeouo.3Swq.mM.3uNu0zjJmyyEGxgTOA1F9UYq7dXSFfyHK','SERGIO','HERNANDEZ AGUILLON',NULL,NULL,NULL,NULL,NULL,NULL,NULL,1,0,'80687266-6761-43a2-bd98-f42349a9bb63','2018-06-27 20:47:14','2018-06-27 20:47:14'),('ugieazp-u6je-5w2d-01j5','745C1',NULL,'$2y$10$7Nr7lHpeouo.3Swq.mM.3uNu0zjJmyyEGxgTOA1F9UYq7dXSFfyHK','SANDRA DE LOS ANGELES','BOJORQUEZ CANUL',NULL,NULL,NULL,NULL,NULL,NULL,NULL,1,0,'80687266-6761-43a2-bd98-f42349a9bb63','2018-06-27 20:47:14','2018-06-27 20:47:14'),('ugnknou-et75-yz96-tg9h','M0NIT0R10',NULL,'$2y$10$qQaDRgCZdK/nDzAlNUQaV.N5361oyrLhEmtosT5Lue78ztyzZV.NW','MONITOR','10',NULL,NULL,NULL,NULL,NULL,NULL,NULL,1,0,'e687cb91-4cdf-4ab2-992f-e76584199c2e','2018-06-27 21:02:58','2018-06-27 21:02:58'),('ujewsgg-62mx-j211-v2og','703C1',NULL,'$2y$10$7Nr7lHpeouo.3Swq.mM.3uNu0zjJmyyEGxgTOA1F9UYq7dXSFfyHK','BRYAN AARON','RODRIGUEZ RUBI',NULL,NULL,NULL,NULL,NULL,NULL,NULL,1,0,'80687266-6761-43a2-bd98-f42349a9bb63','2018-06-27 20:47:12','2018-06-27 20:47:12'),('ulby1ro-hcr3-1zbe-2rtf','701B1',NULL,'$2y$10$7Nr7lHpeouo.3Swq.mM.3uNu0zjJmyyEGxgTOA1F9UYq7dXSFfyHK','NIVER JAIR','GERONIMO DOMINGUEZ',NULL,NULL,NULL,NULL,NULL,NULL,NULL,1,0,'80687266-6761-43a2-bd98-f42349a9bb63','2018-06-27 20:47:12','2018-06-27 20:47:12'),('upuxdxv-bqx8-y0hn-981s','752B1',NULL,'$2y$10$7Nr7lHpeouo.3Swq.mM.3uNu0zjJmyyEGxgTOA1F9UYq7dXSFfyHK','ANGEL ANTONIO','POSO CALDELAS',NULL,NULL,NULL,NULL,NULL,NULL,NULL,1,0,'80687266-6761-43a2-bd98-f42349a9bb63','2018-06-27 20:47:14','2018-06-27 20:47:14'),('uxwqezg-rfcc-44fq-y7gh','758B1',NULL,'$2y$10$7Nr7lHpeouo.3Swq.mM.3uNu0zjJmyyEGxgTOA1F9UYq7dXSFfyHK','EMILIO ANTONIO','LOPEZ SANCHEZ',NULL,NULL,NULL,NULL,NULL,NULL,NULL,1,0,'80687266-6761-43a2-bd98-f42349a9bb63','2018-06-27 20:47:14','2018-06-27 20:47:14'),('vbngg5n-ujhh-w7uu-qkxy','702C4',NULL,'$2y$10$7Nr7lHpeouo.3Swq.mM.3uNu0zjJmyyEGxgTOA1F9UYq7dXSFfyHK','LUIS ENRIQUE','EK HERMENEGILDO',NULL,NULL,NULL,NULL,NULL,NULL,NULL,1,0,'80687266-6761-43a2-bd98-f42349a9bb63','2018-06-27 20:47:12','2018-06-27 20:47:12'),('vu6f9zh-ksev-7g75-in3x','704B1',NULL,'$2y$10$7Nr7lHpeouo.3Swq.mM.3uNu0zjJmyyEGxgTOA1F9UYq7dXSFfyHK','MARICELA CARLOTA','CORONA DOMINGUEZ',NULL,NULL,NULL,NULL,NULL,NULL,NULL,1,0,'80687266-6761-43a2-bd98-f42349a9bb63','2018-06-27 20:47:12','2018-06-27 20:47:12'),('vunvv2o-lhof-y8df-ke6m','695B1',NULL,'$2y$10$7Nr7lHpeouo.3Swq.mM.3uNu0zjJmyyEGxgTOA1F9UYq7dXSFfyHK','CINTHIA DOMINGA','ALBORES RODRIGUEZ',NULL,NULL,NULL,NULL,NULL,NULL,NULL,1,0,'80687266-6761-43a2-bd98-f42349a9bb63','2018-06-27 20:47:12','2018-06-27 20:47:12'),('vuwyf71-8zkw-p8wz-6cp5','919B1',NULL,'$2y$10$7Nr7lHpeouo.3Swq.mM.3uNu0zjJmyyEGxgTOA1F9UYq7dXSFfyHK','NAYELI DEL ROCIO','GARCIA ALVAREZ',NULL,NULL,NULL,NULL,NULL,NULL,NULL,1,0,'80687266-6761-43a2-bd98-f42349a9bb63','2018-06-27 20:47:12','2018-06-27 20:47:12'),('w3i64ji-p2y4-u443-14hk','742B1',NULL,'$2y$10$7Nr7lHpeouo.3Swq.mM.3uNu0zjJmyyEGxgTOA1F9UYq7dXSFfyHK','REYNA GENOVEVA','GONZALEZ HUCHIN',NULL,NULL,NULL,NULL,NULL,NULL,NULL,1,0,'80687266-6761-43a2-bd98-f42349a9bb63','2018-06-27 20:47:14','2018-06-27 20:47:14'),('w78hxln-f4fw-2ur4-oiwk','768C2',NULL,'$2y$10$7Nr7lHpeouo.3Swq.mM.3uNu0zjJmyyEGxgTOA1F9UYq7dXSFfyHK','KARLA AIMEE','MARTINEZ GOMEZ',NULL,NULL,NULL,NULL,NULL,NULL,NULL,1,0,'80687266-6761-43a2-bd98-f42349a9bb63','2018-06-27 20:47:14','2018-06-27 20:47:14'),('wc9horb-l8e6-o12c-dmfy','874C13',NULL,'$2y$10$7Nr7lHpeouo.3Swq.mM.3uNu0zjJmyyEGxgTOA1F9UYq7dXSFfyHK','ANGEL RAZIEL','MONROY MERCADO',NULL,NULL,NULL,NULL,NULL,NULL,NULL,1,0,'80687266-6761-43a2-bd98-f42349a9bb63','2018-06-27 20:47:13','2018-06-27 20:47:13'),('wi5oltu-leqo-ifbc-gjd3','681C5',NULL,'$2y$10$7Nr7lHpeouo.3Swq.mM.3uNu0zjJmyyEGxgTOA1F9UYq7dXSFfyHK','ESTHER SARAI','BARRAGAN LUNA',NULL,NULL,NULL,NULL,NULL,NULL,NULL,1,0,'80687266-6761-43a2-bd98-f42349a9bb63','2018-06-27 20:47:11','2018-06-27 20:47:11'),('wvyxb9h-c9ve-nfmi-0q3c','755B1',NULL,'$2y$10$7Nr7lHpeouo.3Swq.mM.3uNu0zjJmyyEGxgTOA1F9UYq7dXSFfyHK','FABIAN ENRIQUE','RODRIGUEZ BOLIO',NULL,NULL,NULL,NULL,NULL,NULL,NULL,1,0,'80687266-6761-43a2-bd98-f42349a9bb63','2018-06-27 20:47:14','2018-06-27 20:47:14'),('wxpxmi7-n85d-fb8a-6wz3','673C1',NULL,'$2y$10$7Nr7lHpeouo.3Swq.mM.3uNu0zjJmyyEGxgTOA1F9UYq7dXSFfyHK','AIMMEE','CAMACHO TUN',NULL,NULL,NULL,NULL,NULL,NULL,NULL,1,0,'80687266-6761-43a2-bd98-f42349a9bb63','2018-06-27 20:47:11','2018-06-27 20:47:11'),('x0fl67f-a7hr-z00v-2ad3','675C1',NULL,'$2y$10$7Nr7lHpeouo.3Swq.mM.3uNu0zjJmyyEGxgTOA1F9UYq7dXSFfyHK','ERICK RAFAEL','MOLINA VALDEZ',NULL,NULL,NULL,NULL,NULL,NULL,NULL,1,0,'80687266-6761-43a2-bd98-f42349a9bb63','2018-06-27 20:47:11','2018-06-27 20:47:11'),('x3efn5u-nd4e-rmf2-o1t3','691B1',NULL,'$2y$10$7Nr7lHpeouo.3Swq.mM.3uNu0zjJmyyEGxgTOA1F9UYq7dXSFfyHK','ADRIANA','SALDAÑA GUERRERO',NULL,NULL,NULL,NULL,NULL,NULL,NULL,1,0,'80687266-6761-43a2-bd98-f42349a9bb63','2018-06-27 20:47:11','2018-06-27 20:47:11'),('xf22qh2-dxig-xpfa-19i5','206C12',NULL,'$2y$10$7Nr7lHpeouo.3Swq.mM.3uNu0zjJmyyEGxgTOA1F9UYq7dXSFfyHK','VICTOR MANUEL','CALDELAS HERMENEGILDO',NULL,NULL,NULL,NULL,NULL,NULL,NULL,1,0,'80687266-6761-43a2-bd98-f42349a9bb63','2018-06-27 20:47:14','2018-06-27 20:47:14'),('xfmirlk-myrs-5bna-zdvm','679B1',NULL,'$2y$10$7Nr7lHpeouo.3Swq.mM.3uNu0zjJmyyEGxgTOA1F9UYq7dXSFfyHK','MARIA LUISA','SANTOS MARCIAL',NULL,NULL,NULL,NULL,NULL,NULL,NULL,1,0,'80687266-6761-43a2-bd98-f42349a9bb63','2018-06-27 20:47:11','2018-06-27 20:47:11'),('xgxa05c-lkom-8r94-1zu7','716B1',NULL,'$2y$10$7Nr7lHpeouo.3Swq.mM.3uNu0zjJmyyEGxgTOA1F9UYq7dXSFfyHK','JOSE JEREMIAS','JUAREZ PEREZ',NULL,NULL,NULL,NULL,NULL,NULL,NULL,1,0,'80687266-6761-43a2-bd98-f42349a9bb63','2018-06-27 20:47:11','2018-06-27 20:47:11'),('xj2nfys-a1jt-shcf-o3gd','724C1',NULL,'$2y$10$7Nr7lHpeouo.3Swq.mM.3uNu0zjJmyyEGxgTOA1F9UYq7dXSFfyHK','JESSICA GUADALUPE','MAR VAZQUEZ',NULL,NULL,NULL,NULL,NULL,NULL,NULL,1,0,'80687266-6761-43a2-bd98-f42349a9bb63','2018-06-27 20:47:12','2018-06-27 20:47:12'),('xk0wm85-t32q-q5ia-og1r','899B1',NULL,'$2y$10$7Nr7lHpeouo.3Swq.mM.3uNu0zjJmyyEGxgTOA1F9UYq7dXSFfyHK','DANIEL ARMANDO','COELLO CALDELAS',NULL,NULL,NULL,NULL,NULL,NULL,NULL,1,0,'80687266-6761-43a2-bd98-f42349a9bb63','2018-06-27 20:47:12','2018-06-27 20:47:12'),('xk628pz-froa-zldn-b9bj','913B1',NULL,'$2y$10$7Nr7lHpeouo.3Swq.mM.3uNu0zjJmyyEGxgTOA1F9UYq7dXSFfyHK','JOEL ISAI','CAAMAL TEC',NULL,NULL,NULL,NULL,NULL,NULL,NULL,1,0,'80687266-6761-43a2-bd98-f42349a9bb63','2018-06-27 20:47:12','2018-06-27 20:47:12'),('xkyxd4s-al82-8ky7-7nza','746C1',NULL,'$2y$10$7Nr7lHpeouo.3Swq.mM.3uNu0zjJmyyEGxgTOA1F9UYq7dXSFfyHK','ROSA GUADALUPE','PACHECO CHARINES',NULL,NULL,NULL,NULL,NULL,NULL,NULL,1,0,'80687266-6761-43a2-bd98-f42349a9bb63','2018-06-27 20:47:14','2018-06-27 20:47:14'),('xmke7i6-o8pb-qnxo-ic22','206C1',NULL,'$2y$10$7Nr7lHpeouo.3Swq.mM.3uNu0zjJmyyEGxgTOA1F9UYq7dXSFfyHK','JESUS GONZALO','GALARZA GALARZA',NULL,NULL,NULL,NULL,NULL,NULL,NULL,1,0,'80687266-6761-43a2-bd98-f42349a9bb63','2018-06-27 20:47:14','2018-06-27 20:47:14'),('xn8w0cc-auk3-pqre-sc64','762C1',NULL,'$2y$10$7Nr7lHpeouo.3Swq.mM.3uNu0zjJmyyEGxgTOA1F9UYq7dXSFfyHK','MARCOS ADRIAN','BONASTRE PECH',NULL,NULL,NULL,NULL,NULL,NULL,NULL,1,0,'80687266-6761-43a2-bd98-f42349a9bb63','2018-06-27 20:47:13','2018-06-27 20:47:13'),('xp42l8e-258w-p927-obbg','765B1',NULL,'$2y$10$7Nr7lHpeouo.3Swq.mM.3uNu0zjJmyyEGxgTOA1F9UYq7dXSFfyHK','RODRIGO MAURICIO','SALOMON VILLAMIL',NULL,NULL,NULL,NULL,NULL,NULL,NULL,1,0,'80687266-6761-43a2-bd98-f42349a9bb63','2018-06-27 20:47:14','2018-06-27 20:47:14'),('xpdjl5v-odkr-yx7i-k2wv','709C1',NULL,'$2y$10$7Nr7lHpeouo.3Swq.mM.3uNu0zjJmyyEGxgTOA1F9UYq7dXSFfyHK','FRIDA GALILEA','CALVO SANTIN',NULL,NULL,NULL,NULL,NULL,NULL,NULL,1,0,'80687266-6761-43a2-bd98-f42349a9bb63','2018-06-27 20:47:12','2018-06-27 20:47:12'),('xsmhm0g-s8ja-mtq8-5yjh','876C2',NULL,'$2y$10$7Nr7lHpeouo.3Swq.mM.3uNu0zjJmyyEGxgTOA1F9UYq7dXSFfyHK','FLOR DE LIZ','OLIVA VILLEGAS',NULL,NULL,NULL,NULL,NULL,NULL,NULL,1,0,'80687266-6761-43a2-bd98-f42349a9bb63','2018-06-27 20:47:13','2018-06-27 20:47:13'),('xzb7wg2-xtxs-elf4-4hvk','922B1',NULL,'$2y$10$7Nr7lHpeouo.3Swq.mM.3uNu0zjJmyyEGxgTOA1F9UYq7dXSFfyHK','BRYAN ALEXIS','GONZALEZ BALBUENA',NULL,NULL,NULL,NULL,NULL,NULL,NULL,1,0,'80687266-6761-43a2-bd98-f42349a9bb63','2018-06-27 20:47:12','2018-06-27 20:47:12'),('y15wf84-4a4o-8odi-3wfs','874C9',NULL,'$2y$10$7Nr7lHpeouo.3Swq.mM.3uNu0zjJmyyEGxgTOA1F9UYq7dXSFfyHK','IVAN IVANOV','RAMIREZ SOTO',NULL,NULL,NULL,NULL,NULL,NULL,NULL,1,0,'80687266-6761-43a2-bd98-f42349a9bb63','2018-06-27 20:47:13','2018-06-27 20:47:13'),('y4a17r8-sg7x-j7lr-rloj','700C1',NULL,'$2y$10$7Nr7lHpeouo.3Swq.mM.3uNu0zjJmyyEGxgTOA1F9UYq7dXSFfyHK','YULI PATRICIA','HERNANDEZ DAMIAN',NULL,NULL,NULL,NULL,NULL,NULL,NULL,1,0,'80687266-6761-43a2-bd98-f42349a9bb63','2018-06-27 20:47:12','2018-06-27 20:47:12'),('yc20nw4-ozbu-te1z-hje4','696C1',NULL,'$2y$10$7Nr7lHpeouo.3Swq.mM.3uNu0zjJmyyEGxgTOA1F9UYq7dXSFfyHK','JORGE','VAZQUEZ BEJARANO',NULL,NULL,NULL,NULL,NULL,NULL,NULL,1,0,'80687266-6761-43a2-bd98-f42349a9bb63','2018-06-27 20:47:12','2018-06-27 20:47:12'),('yeiclv8-cmcj-y47w-2ndd','760B1',NULL,'$2y$10$7Nr7lHpeouo.3Swq.mM.3uNu0zjJmyyEGxgTOA1F9UYq7dXSFfyHK','VALERI PAOLA','MARTINEZ OLMOS',NULL,NULL,NULL,NULL,NULL,NULL,NULL,1,0,'80687266-6761-43a2-bd98-f42349a9bb63','2018-06-27 20:47:14','2018-06-27 20:47:14'),('yelhyqk-xvgp-5z4s-3bot','713C1',NULL,'$2y$10$7Nr7lHpeouo.3Swq.mM.3uNu0zjJmyyEGxgTOA1F9UYq7dXSFfyHK','BERTHA','ORTIZ GUTIERREZ',NULL,NULL,NULL,NULL,NULL,NULL,NULL,1,0,'80687266-6761-43a2-bd98-f42349a9bb63','2018-06-27 20:47:11','2018-06-27 20:47:11'),('yglu1c3-y9rw-99h9-d0qy','770C1',NULL,'$2y$10$7Nr7lHpeouo.3Swq.mM.3uNu0zjJmyyEGxgTOA1F9UYq7dXSFfyHK','JUANA ROSNERY','NAVARRO LEON',NULL,NULL,NULL,NULL,NULL,NULL,NULL,1,0,'80687266-6761-43a2-bd98-f42349a9bb63','2018-06-27 20:47:14','2018-06-27 20:47:14'),('yr9f3n1-2hem-wh2q-u189','706B1',NULL,'$2y$10$7Nr7lHpeouo.3Swq.mM.3uNu0zjJmyyEGxgTOA1F9UYq7dXSFfyHK','FANNY GABRIELA','RAMIREZ FLORES',NULL,NULL,NULL,NULL,NULL,NULL,NULL,1,0,'80687266-6761-43a2-bd98-f42349a9bb63','2018-06-27 20:47:12','2018-06-27 20:47:12'),('yrejhpt-pfeo-xdj5-9yk8','918B1',NULL,'$2y$10$7Nr7lHpeouo.3Swq.mM.3uNu0zjJmyyEGxgTOA1F9UYq7dXSFfyHK','EDGAR','ROMERO HERRERA',NULL,NULL,NULL,NULL,NULL,NULL,NULL,1,0,'80687266-6761-43a2-bd98-f42349a9bb63','2018-06-27 20:47:12','2018-06-27 20:47:12'),('yuvmw0b-1xc4-xo9s-xm6z','892B1',NULL,'$2y$10$7Nr7lHpeouo.3Swq.mM.3uNu0zjJmyyEGxgTOA1F9UYq7dXSFfyHK','YESICA DEL CARMEN','REYES GIL',NULL,NULL,NULL,NULL,NULL,NULL,NULL,1,0,'80687266-6761-43a2-bd98-f42349a9bb63','2018-06-27 20:47:13','2018-06-27 20:47:13'),('yz0zwqz-g8c9-0jv7-38w5','206C6',NULL,'$2y$10$7Nr7lHpeouo.3Swq.mM.3uNu0zjJmyyEGxgTOA1F9UYq7dXSFfyHK','IRAN DANIEL','ARROYO RAMOS',NULL,NULL,NULL,NULL,NULL,NULL,NULL,1,0,'80687266-6761-43a2-bd98-f42349a9bb63','2018-06-27 20:47:14','2018-06-27 20:47:14'),('z114s3z-bfok-avr9-00n4','767C1',NULL,'$2y$10$7Nr7lHpeouo.3Swq.mM.3uNu0zjJmyyEGxgTOA1F9UYq7dXSFfyHK','MAIRA CORINA','MARTINEZ DIAZ',NULL,NULL,NULL,NULL,NULL,NULL,NULL,1,0,'80687266-6761-43a2-bd98-f42349a9bb63','2018-06-27 20:47:14','2018-06-27 20:47:14'),('z19bp3h-vwaj-lavu-5bxs','875C13',NULL,'$2y$10$7Nr7lHpeouo.3Swq.mM.3uNu0zjJmyyEGxgTOA1F9UYq7dXSFfyHK','MARTIN ALEJANDRO','MATUS LOPEZ',NULL,NULL,NULL,NULL,NULL,NULL,NULL,1,0,'80687266-6761-43a2-bd98-f42349a9bb63','2018-06-27 20:47:13','2018-06-27 20:47:13'),('z90lvld-xjnc-upcc-2y7a','702B1',NULL,'$2y$10$7Nr7lHpeouo.3Swq.mM.3uNu0zjJmyyEGxgTOA1F9UYq7dXSFfyHK','MARIA ANGELICA','MAY CHAN',NULL,NULL,NULL,NULL,NULL,NULL,NULL,1,0,'80687266-6761-43a2-bd98-f42349a9bb63','2018-06-27 20:47:12','2018-06-27 20:47:12'),('z95pken-tf20-pguc-me3e','773B1',NULL,'$2y$10$7Nr7lHpeouo.3Swq.mM.3uNu0zjJmyyEGxgTOA1F9UYq7dXSFfyHK','LOURDES','LOPEZ CASAUX',NULL,NULL,NULL,NULL,NULL,NULL,NULL,1,0,'80687266-6761-43a2-bd98-f42349a9bb63','2018-06-27 20:47:14','2018-06-27 20:47:14'),('z9fnxap-ayfz-h9jw-h8qh','730B1',NULL,'$2y$10$7Nr7lHpeouo.3Swq.mM.3uNu0zjJmyyEGxgTOA1F9UYq7dXSFfyHK','LUIS ARMANDO','MARCIAL MAGDALENO',NULL,NULL,NULL,NULL,NULL,NULL,NULL,1,0,'80687266-6761-43a2-bd98-f42349a9bb63','2018-06-27 20:47:12','2018-06-27 20:47:12'),('zkmtdne-bfe7-dt26-hf9o','676C1',NULL,'$2y$10$7Nr7lHpeouo.3Swq.mM.3uNu0zjJmyyEGxgTOA1F9UYq7dXSFfyHK','CARLOS','BRABATA BAUTISTA',NULL,NULL,NULL,NULL,NULL,NULL,NULL,1,0,'80687266-6761-43a2-bd98-f42349a9bb63','2018-06-27 20:47:11','2018-06-27 20:47:11'),('zqs57ex-e6ex-4xns-2vx2','709B1',NULL,'$2y$10$7Nr7lHpeouo.3Swq.mM.3uNu0zjJmyyEGxgTOA1F9UYq7dXSFfyHK','MIRENA DEL CARMEN','OLAN MADRIGAL',NULL,NULL,NULL,NULL,NULL,NULL,NULL,1,0,'80687266-6761-43a2-bd98-f42349a9bb63','2018-06-27 20:47:12','2018-06-27 20:47:12'),('zsgz76s-f85j-xwbw-9erf','895B1',NULL,'$2y$10$7Nr7lHpeouo.3Swq.mM.3uNu0zjJmyyEGxgTOA1F9UYq7dXSFfyHK','IRVING DANIEL','MISTEGAS GARCIA',NULL,NULL,NULL,NULL,NULL,NULL,NULL,1,0,'80687266-6761-43a2-bd98-f42349a9bb63','2018-06-27 20:47:12','2018-06-27 20:47:12'),('zsqvktw-5wtu-tfrw-8xth','767C2',NULL,'$2y$10$7Nr7lHpeouo.3Swq.mM.3uNu0zjJmyyEGxgTOA1F9UYq7dXSFfyHK','ELISEO','GARCIA FELIX',NULL,NULL,NULL,NULL,NULL,NULL,NULL,1,0,'80687266-6761-43a2-bd98-f42349a9bb63','2018-06-27 20:47:14','2018-06-27 20:47:14'),('ztejfcd-z62k-leuu-fvpd','680B1',NULL,'$2y$10$7Nr7lHpeouo.3Swq.mM.3uNu0zjJmyyEGxgTOA1F9UYq7dXSFfyHK','IXEL','MARTINEZ GONZALEZ',NULL,NULL,NULL,NULL,NULL,NULL,NULL,1,0,'80687266-6761-43a2-bd98-f42349a9bb63','2018-06-27 20:47:11','2018-06-27 20:47:11'),('zty1g0u-2a1h-lgvk-8kvm','906B1',NULL,'$2y$10$7Nr7lHpeouo.3Swq.mM.3uNu0zjJmyyEGxgTOA1F9UYq7dXSFfyHK','DEYSI GUADALUPE','AGUAYO TORRES',NULL,NULL,NULL,NULL,NULL,NULL,NULL,1,0,'80687266-6761-43a2-bd98-f42349a9bb63','2018-06-27 20:47:12','2018-06-27 20:47:12');
/*!40000 ALTER TABLE `users` ENABLE KEYS */;
UNLOCK TABLES;

--
-- Table structure for table `xmf_boxes_blocks`
--

DROP TABLE IF EXISTS `xmf_boxes_blocks`;
/*!40101 SET @saved_cs_client     = @@character_set_client */;
/*!40101 SET character_set_client = utf8 */;
CREATE TABLE `xmf_boxes_blocks` (
  `id` int(10) unsigned NOT NULL AUTO_INCREMENT,
  `nombre` text DEFAULT NULL,
  `descripcion` text DEFAULT NULL,
  `block` int(10) unsigned DEFAULT NULL,
  `created` datetime DEFAULT NULL,
  `modified` datetime DEFAULT NULL,
  PRIMARY KEY (`id`)
) ENGINE=InnoDB AUTO_INCREMENT=5 DEFAULT CHARSET=utf8mb4;
/*!40101 SET character_set_client = @saved_cs_client */;

--
-- Dumping data for table `xmf_boxes_blocks`
--

LOCK TABLES `xmf_boxes_blocks` WRITE;
/*!40000 ALTER TABLE `xmf_boxes_blocks` DISABLE KEYS */;
INSERT INTO `xmf_boxes_blocks` VALUES (1,'last_report','1st Coalitions',1,'2018-05-02 18:53:02','2018-05-02 18:53:02'),(2,'last_report','2nd',2,'2018-05-02 18:53:02','2018-05-02 18:53:02'),(3,'last_report','3rd',3,'2018-05-02 18:53:02','2018-05-02 18:53:02'),(4,'last_report','4th',4,'2018-05-02 18:53:02','2018-05-02 18:53:02');
/*!40000 ALTER TABLE `xmf_boxes_blocks` ENABLE KEYS */;
UNLOCK TABLES;

--
-- Table structure for table `xmf_boxes_orders`
--

DROP TABLE IF EXISTS `xmf_boxes_orders`;
/*!40101 SET @saved_cs_client     = @@character_set_client */;
/*!40101 SET character_set_client = utf8 */;
CREATE TABLE `xmf_boxes_orders` (
  `id` int(10) unsigned NOT NULL AUTO_INCREMENT,
  `name` text DEFAULT NULL,
  `formula` text DEFAULT NULL,
  `descripcion` text DEFAULT NULL,
  `xmf_partidos` int(10) unsigned DEFAULT NULL,
  `xmf_tipo_votaciones_id` int(10) unsigned DEFAULT NULL,
  `order` int(10) unsigned DEFAULT NULL,
  `partition` int(10) unsigned DEFAULT NULL,
  `xmf_boxes_blocks_id` int(10) unsigned DEFAULT NULL,
  `status` tinyint(1) NOT NULL DEFAULT 1,
  `created` datetime DEFAULT NULL,
  `modified` datetime DEFAULT NULL,
  PRIMARY KEY (`id`)
) ENGINE=InnoDB AUTO_INCREMENT=79 DEFAULT CHARSET=utf8mb4;
/*!40101 SET character_set_client = @saved_cs_client */;

--
-- Dumping data for table `xmf_boxes_orders`
--

LOCK TABLES `xmf_boxes_orders` WRITE;
/*!40000 ALTER TABLE `xmf_boxes_orders` DISABLE KEYS */;
INSERT INTO `xmf_boxes_orders` VALUES (1,'PAN-PRD-MC','','bloque-coaliciones',NULL,1,1,1,1,1,'2018-05-02 19:01:14','2018-05-02 19:01:14'),(2,'PRI-PVE-PANAL','','bloque-coaliciones',NULL,1,2,1,1,1,'2018-05-02 19:01:14','2018-05-02 19:01:14'),(3,'MORENA-PT-PES','','bloque-coaliciones',NULL,1,3,1,1,1,'2018-05-02 19:01:14','2018-05-02 19:01:14'),(4,'Bronco','','bloque-coaliciones',NULL,1,4,1,1,1,'2018-05-02 19:01:14','2018-05-02 19:01:14'),(5,'Margarita Zavala','','bloque-coaliciones',NULL,1,5,2,1,1,'2018-05-02 19:01:14','2018-05-02 19:01:14'),(6,'No Registrados','','bloque-coaliciones',NULL,1,6,2,1,1,'2018-05-02 19:01:14','2018-05-02 19:01:14'),(7,'Votos Nulos','','bloque-coaliciones',NULL,1,7,2,1,1,'2018-05-02 19:01:14','2018-05-02 19:01:14'),(8,'PAN-PRD-MC','','bloque-coaliciones',NULL,2,1,1,1,1,'2018-05-02 19:01:14','2018-05-02 19:01:14'),(9,'PRI-PVE-PANAL','','bloque-coaliciones',NULL,2,2,1,1,1,'2018-05-02 19:01:14','2018-05-02 19:01:14'),(10,'MORENA-PT-PES','','bloque-coaliciones',NULL,2,3,1,1,1,'2018-05-02 19:01:14','2018-05-02 19:01:14'),(11,'Bronco','','bloque-coaliciones',NULL,2,4,1,1,1,'2018-05-02 19:01:14','2018-05-02 19:01:14'),(12,'Margarita Zavala','','bloque-coaliciones',NULL,2,5,2,1,1,'2018-05-02 19:01:14','2018-05-02 19:01:14'),(13,'No Registrados','','bloque-coaliciones',NULL,2,6,2,1,1,'2018-05-02 19:01:14','2018-05-02 19:01:14'),(14,'Votos Nulos','','bloque-coaliciones',NULL,2,7,2,1,1,'2018-05-02 19:01:14','2018-05-02 19:01:14'),(15,'PAN-PRD-MC','','bloque-coaliciones',NULL,3,1,1,1,1,'2018-05-02 19:01:14','2018-05-02 19:01:14'),(16,'PRI-PVE-PANAL','','bloque-coaliciones',NULL,3,2,1,1,1,'2018-05-02 19:01:14','2018-05-02 19:01:14'),(17,'MORENA-PT-PES','','bloque-coaliciones',NULL,3,3,1,1,1,'2018-05-02 19:01:14','2018-05-02 19:01:14'),(18,'Bronco','','bloque-coaliciones',NULL,3,4,1,1,1,'2018-05-02 19:01:14','2018-05-02 19:01:14'),(19,'Margarita Zavala','','bloque-coaliciones',NULL,3,5,2,1,1,'2018-05-02 19:01:14','2018-05-02 19:01:14'),(20,'No Registrados','','bloque-coaliciones',NULL,3,6,2,1,1,'2018-05-02 19:01:14','2018-05-02 19:01:14'),(21,'Votos Nulos','','bloque-coaliciones',NULL,3,7,2,1,1,'2018-05-02 19:01:14','2018-05-02 19:01:14'),(22,'PAN-PRD-MC','','bloque-coaliciones',NULL,4,1,1,1,1,'2018-05-02 19:01:14','2018-05-02 19:01:14'),(23,'PRI-PVE-PANAL','','bloque-coaliciones',NULL,4,2,1,1,1,'2018-05-02 19:01:14','2018-05-02 19:01:14'),(24,'MORENA-PT','','bloque-coaliciones',NULL,4,3,1,1,1,'2018-05-02 19:01:14','2018-05-02 19:01:14'),(25,'No Registrados','','bloque-coaliciones',NULL,4,6,2,1,1,'2018-05-02 19:01:14','2018-05-02 19:01:14'),(26,'Votos Nulos','','bloque-coaliciones',NULL,4,7,2,1,1,'2018-05-02 19:01:14','2018-05-02 19:01:14'),(27,'MORENA-PT','MORENA PT','only-coalition',NULL,1,3,NULL,2,0,'2018-05-02 19:01:24','2018-05-02 19:01:24'),(28,'MORENA-PT','MORENA PT','only-coalition',NULL,2,3,NULL,2,0,'2018-05-02 19:01:24','2018-05-02 19:01:24'),(29,'MORENA-PT','MORENA PT','only-coalition',NULL,3,3,NULL,2,0,'2018-05-02 19:01:24','2018-05-02 19:01:24'),(30,'MORENA-PT','MORENA PT','only-coalition',NULL,4,3,NULL,2,1,'2018-05-02 19:01:24','2018-05-02 19:01:24'),(31,'MORENA-PT-PES','MORENA PES','only-coalition',NULL,1,1,NULL,2,1,'2018-05-02 19:01:24','2018-05-02 19:01:24'),(32,'MORENA-PT-PES','MORENA PES','only-coalition',NULL,2,1,NULL,2,1,'2018-05-02 19:01:24','2018-05-02 19:01:24'),(33,'MORENA-PT-PES','MORENA PES','only-coalition',NULL,3,1,NULL,2,1,'2018-05-02 19:01:24','2018-05-02 19:01:24'),(34,'MORENA-PT-PES','MORENA PES','only-coalition',NULL,4,1,NULL,2,0,'2018-05-02 19:01:24','2018-05-02 19:01:24'),(35,'MORENA-PT-PES','MORENA PT','only-coalition',NULL,1,2,NULL,2,1,'2018-05-02 19:01:24','2018-05-02 19:01:24'),(36,'MORENA-PT-PES','MORENA PT','only-coalition',NULL,2,2,NULL,2,1,'2018-05-02 19:01:24','2018-05-02 19:01:24'),(37,'MORENA-PT-PES','MORENA PT','only-coalition',NULL,3,2,NULL,2,1,'2018-05-02 19:01:24','2018-05-02 19:01:24'),(38,'MORENA-PT-PES','MORENA PT','only-coalition',NULL,4,2,NULL,2,0,'2018-05-02 19:01:24','2018-05-02 19:01:24'),(39,'MORENA-PT-PES','MORENA PT PES','only-coalition',NULL,1,4,NULL,2,1,'2018-05-02 19:01:24','2018-05-02 19:01:24'),(40,'MORENA-PT-PES','MORENA PT PES','only-coalition',NULL,2,4,NULL,2,1,'2018-05-02 19:01:24','2018-05-02 19:01:24'),(41,'MORENA-PT-PES','MORENA PT PES','only-coalition',NULL,3,4,NULL,2,1,'2018-05-02 19:01:24','2018-05-02 19:01:24'),(42,'MORENA-PT-PES','MORENA PT PES','only-coalition',NULL,4,4,NULL,2,0,'2018-05-02 19:01:24','2018-05-02 19:01:24'),(43,'MORENA-PT-PES','PT PES','only-coalition',NULL,1,12,NULL,2,1,'2018-05-02 19:01:24','2018-05-02 19:01:24'),(44,'MORENA-PT-PES','PT PES','only-coalition',NULL,2,12,NULL,2,1,'2018-05-02 19:01:24','2018-05-02 19:01:24'),(45,'MORENA-PT-PES','PT PES','only-coalition',NULL,3,12,NULL,2,1,'2018-05-02 19:01:24','2018-05-02 19:01:24'),(46,'MORENA-PT-PES','PT PES','only-coalition',NULL,4,12,NULL,2,0,'2018-05-02 19:01:24','2018-05-02 19:01:24'),(47,'PAN-PRD-MC','PAN MC','only-coalition',NULL,1,5,NULL,2,1,'2018-05-02 19:01:24','2018-05-02 19:01:24'),(48,'PAN-PRD-MC','PAN MC','only-coalition',NULL,2,5,NULL,2,1,'2018-05-02 19:01:24','2018-05-02 19:01:24'),(49,'PAN-PRD-MC','PAN MC','only-coalition',NULL,3,5,NULL,2,1,'2018-05-02 19:01:24','2018-05-02 19:01:24'),(50,'PAN-PRD-MC','PAN MC','only-coalition',NULL,4,5,NULL,2,1,'2018-05-02 19:01:24','2018-05-02 19:01:24'),(51,'PAN-PRD-MC','PAN PRD','only-coalition',NULL,1,6,NULL,2,1,'2018-05-02 19:01:24','2018-05-02 19:01:24'),(52,'PAN-PRD-MC','PAN PRD','only-coalition',NULL,2,6,NULL,2,1,'2018-05-02 19:01:24','2018-05-02 19:01:24'),(53,'PAN-PRD-MC','PAN PRD','only-coalition',NULL,3,6,NULL,2,1,'2018-05-02 19:01:24','2018-05-02 19:01:24'),(54,'PAN-PRD-MC','PAN PRD','only-coalition',NULL,4,6,NULL,2,1,'2018-05-02 19:01:24','2018-05-02 19:01:24'),(55,'PAN-PRD-MC','PAN PRD MC','only-coalition',NULL,1,7,NULL,2,1,'2018-05-02 19:01:24','2018-05-02 19:01:24'),(56,'PAN-PRD-MC','PAN PRD MC','only-coalition',NULL,2,7,NULL,2,1,'2018-05-02 19:01:24','2018-05-02 19:01:24'),(57,'PAN-PRD-MC','PAN PRD MC','only-coalition',NULL,3,7,NULL,2,1,'2018-05-02 19:01:24','2018-05-02 19:01:24'),(58,'PAN-PRD-MC','PAN PRD MC','only-coalition',NULL,4,7,NULL,2,1,'2018-05-02 19:01:24','2018-05-02 19:01:24'),(59,'PAN-PRD-MC','PRD MC','only-coalition',NULL,1,8,NULL,2,1,'2018-05-02 19:01:24','2018-05-02 19:01:24'),(60,'PAN-PRD-MC','PRD MC','only-coalition',NULL,2,8,NULL,2,1,'2018-05-02 19:01:24','2018-05-02 19:01:24'),(61,'PAN-PRD-MC','PRD MC','only-coalition',NULL,3,8,NULL,2,1,'2018-05-02 19:01:24','2018-05-02 19:01:24'),(62,'PAN-PRD-MC','PRD MC','only-coalition',NULL,4,8,NULL,2,1,'2018-05-02 19:01:24','2018-05-02 19:01:24'),(63,'PRI-PVE-PANAL','PRI PANAL','only-coalition',NULL,1,9,NULL,2,1,'2018-05-02 19:01:24','2018-05-02 19:01:24'),(64,'PRI-PVE-PANAL','PRI PANAL','only-coalition',NULL,2,9,NULL,2,1,'2018-05-02 19:01:24','2018-05-02 19:01:24'),(65,'PRI-PVE-PANAL','PRI PANAL','only-coalition',NULL,3,9,NULL,2,1,'2018-05-02 19:01:24','2018-05-02 19:01:24'),(66,'PRI-PVE-PANAL','PRI PANAL','only-coalition',NULL,4,9,NULL,2,1,'2018-05-02 19:01:24','2018-05-02 19:01:24'),(67,'PRI-PVE-PANAL','PRI PVE','only-coalition',NULL,1,10,NULL,2,1,'2018-05-02 19:01:24','2018-05-02 19:01:24'),(68,'PRI-PVE-PANAL','PRI PVE','only-coalition',NULL,2,10,NULL,2,1,'2018-05-02 19:01:24','2018-05-02 19:01:24'),(69,'PRI-PVE-PANAL','PRI PVE','only-coalition',NULL,3,10,NULL,2,1,'2018-05-02 19:01:24','2018-05-02 19:01:24'),(70,'PRI-PVE-PANAL','PRI PVE','only-coalition',NULL,4,10,NULL,2,1,'2018-05-02 19:01:24','2018-05-02 19:01:24'),(71,'PRI-PVE-PANAL','PRI PVE PANAL','only-coalition',NULL,1,11,NULL,2,1,'2018-05-02 19:01:24','2018-05-02 19:01:24'),(72,'PRI-PVE-PANAL','PRI PVE PANAL','only-coalition',NULL,2,11,NULL,2,1,'2018-05-02 19:01:24','2018-05-02 19:01:24'),(73,'PRI-PVE-PANAL','PRI PVE PANAL','only-coalition',NULL,3,11,NULL,2,1,'2018-05-02 19:01:24','2018-05-02 19:01:24'),(74,'PRI-PVE-PANAL','PRI PVE PANAL','only-coalition',NULL,4,11,NULL,2,1,'2018-05-02 19:01:24','2018-05-02 19:01:24'),(75,'PRI-PVE-PANAL','PVE PANAL','only-coalition',NULL,1,13,NULL,2,1,'2018-05-02 19:01:24','2018-05-02 19:01:24'),(76,'PRI-PVE-PANAL','PVE PANAL','only-coalition',NULL,2,13,NULL,2,1,'2018-05-02 19:01:24','2018-05-02 19:01:24'),(77,'PRI-PVE-PANAL','PVE PANAL','only-coalition',NULL,3,13,NULL,2,1,'2018-05-02 19:01:24','2018-05-02 19:01:24'),(78,'PRI-PVE-PANAL','PVE PANAL','only-coalition',NULL,4,13,NULL,2,1,'2018-05-02 19:01:24','2018-05-02 19:01:24');
/*!40000 ALTER TABLE `xmf_boxes_orders` ENABLE KEYS */;
UNLOCK TABLES;

--
-- Table structure for table `xmf_casillas`
--

DROP TABLE IF EXISTS `xmf_casillas`;
/*!40101 SET @saved_cs_client     = @@character_set_client */;
/*!40101 SET character_set_client = utf8 */;
CREATE TABLE `xmf_casillas` (
  `id` int(10) unsigned NOT NULL AUTO_INCREMENT,
  `user_id` char(36) DEFAULT NULL,
  `rg_id` char(36) DEFAULT NULL,
  `name` char(50) NOT NULL,
  `description` char(150) NOT NULL,
  `municipio` text DEFAULT NULL,
  `seccion` text DEFAULT NULL,
  `clave_agrupamiento` char(2) DEFAULT NULL,
  `tipo_casilla` text DEFAULT NULL,
  `urbana` text DEFAULT NULL,
  `distrito` text DEFAULT NULL,
  `locacion` text DEFAULT NULL,
  `hora_presencia` time DEFAULT NULL,
  `hora_instalacion` time DEFAULT NULL,
  `hora_inicio` time DEFAULT NULL,
  `hora_cierre` time DEFAULT NULL,
  `created` datetime DEFAULT NULL,
  `modified` datetime DEFAULT NULL,
  `lugar_indicado` tinyint(1) DEFAULT NULL,
  `gente_fila` tinyint(1) DEFAULT NULL,
  `status` char(1) DEFAULT NULL,
  `nombres_fila` text DEFAULT NULL,
  `abogado_casilla` text DEFAULT NULL,
  `rg_casilla` text DEFAULT NULL,
  `rg_telefono` text DEFAULT NULL,
  `rc_telefono` text DEFAULT NULL,
  `reporte` int(11) DEFAULT NULL,
  PRIMARY KEY (`id`),
  UNIQUE KEY `name` (`name`)
) ENGINE=InnoDB AUTO_INCREMENT=342 DEFAULT CHARSET=utf8mb4;
/*!40101 SET character_set_client = @saved_cs_client */;

--
-- Dumping data for table `xmf_casillas`
--

LOCK TABLES `xmf_casillas` WRITE;
/*!40000 ALTER TABLE `xmf_casillas` DISABLE KEYS */;
INSERT INTO `xmf_casillas` VALUES (1,'3qbnol3-xp55-cjzg-uam6','5d5zmx5-cmep-huhn-efm8','668 B1','668 B1',NULL,NULL,NULL,NULL,NULL,NULL,NULL,'02:48:38','02:48:40','02:48:41','02:12:00',NULL,NULL,NULL,NULL,'V',NULL,NULL,'ESTRADA MEJIA DAVID ANTONIO','9842791663','9841317651',4),(2,'k3jj4un-qwql-tnkx-vywx','5d5zmx5-cmep-huhn-efm8','668 C1','668 C1',NULL,NULL,NULL,NULL,NULL,NULL,NULL,NULL,NULL,NULL,NULL,NULL,NULL,NULL,NULL,NULL,NULL,NULL,'ESTRADA MEJIA DAVID ANTONIO','9842791663','9841330986',0),(3,'d69s6nd-4chz-76fx-y9yc','5d5zmx5-cmep-huhn-efm8','669 B1','669 B1',NULL,NULL,NULL,NULL,NULL,NULL,NULL,NULL,NULL,NULL,NULL,NULL,NULL,NULL,NULL,NULL,NULL,NULL,'ESTRADA MEJIA DAVID ANTONIO','9842791663','9842155914',0),(4,'muw2yfr-cssw-l7xo-0enz','5d5zmx5-cmep-huhn-efm8','669 C1','669 C1',NULL,NULL,NULL,NULL,NULL,NULL,NULL,NULL,NULL,NULL,NULL,NULL,NULL,NULL,NULL,NULL,NULL,NULL,'ESTRADA MEJIA DAVID ANTONIO','9842791663','9841766124',0),(5,'p4u9cl6-cr58-toon-bpd4','5d5zmx5-cmep-huhn-efm8','671 B1','671 B1',NULL,NULL,NULL,NULL,NULL,NULL,NULL,NULL,NULL,NULL,NULL,NULL,NULL,NULL,NULL,NULL,NULL,NULL,'ESTRADA MEJIA DAVID ANTONIO','9842791663','9841144193',0),(6,'8i8zdl0-2vfs-6594-zrhd','5d5zmx5-cmep-huhn-efm8','671 C1','671 C1',NULL,NULL,NULL,NULL,NULL,NULL,NULL,NULL,NULL,NULL,NULL,NULL,NULL,NULL,NULL,NULL,NULL,NULL,'ESTRADA MEJIA DAVID ANTONIO','9842791663','9841287590',0),(7,'j5gqan9-0idb-2tk2-2j8u','5d5zmx5-cmep-huhn-efm8','678 B1','678 B1',NULL,NULL,NULL,NULL,NULL,NULL,NULL,NULL,NULL,NULL,NULL,NULL,NULL,NULL,NULL,NULL,NULL,NULL,'ESTRADA MEJIA DAVID ANTONIO','9842791663','9841812275',0),(8,'ax7y9gq-5vhp-vdpp-cbvg','5d5zmx5-cmep-huhn-efm8','678 C1','678 C1',NULL,NULL,NULL,NULL,NULL,NULL,NULL,NULL,NULL,NULL,NULL,NULL,NULL,NULL,NULL,NULL,NULL,NULL,'ESTRADA MEJIA DAVID ANTONIO','9842791663','9842022338',0),(9,'xfmirlk-myrs-5bna-zdvm','5d5zmx5-cmep-huhn-efm8','679 B1','679 B1',NULL,NULL,NULL,NULL,NULL,NULL,NULL,NULL,NULL,NULL,NULL,NULL,NULL,NULL,NULL,NULL,NULL,NULL,'ESTRADA MEJIA DAVID ANTONIO','9842791663','9841868101',0),(10,'88ywef3-zx4w-zf8n-valy','5d5zmx5-cmep-huhn-efm8','679 C1','679 C1',NULL,NULL,NULL,NULL,NULL,NULL,NULL,NULL,NULL,NULL,NULL,NULL,NULL,NULL,NULL,NULL,NULL,NULL,'ESTRADA MEJIA DAVID ANTONIO','9842791663','9841794519',0),(11,'szziygq-dgc7-2cc6-flmu','5d5zmx5-cmep-huhn-efm8','670 B1','670 B1',NULL,NULL,NULL,NULL,NULL,NULL,NULL,NULL,NULL,NULL,NULL,NULL,NULL,NULL,NULL,NULL,NULL,NULL,'PAEZ GONZALEZ SAMUEL','9841507641','9841686894',0),(12,'b5suxth-6etv-uzou-85ul','5d5zmx5-cmep-huhn-efm8','676 B1','676 B1',NULL,NULL,NULL,NULL,NULL,NULL,NULL,NULL,NULL,NULL,NULL,NULL,NULL,NULL,NULL,NULL,NULL,NULL,'PAEZ GONZALEZ SAMUEL','9841507641','9841208095',0),(13,'zkmtdne-bfe7-dt26-hf9o','5d5zmx5-cmep-huhn-efm8','676 C1','676 C1',NULL,NULL,NULL,NULL,NULL,NULL,NULL,NULL,NULL,NULL,NULL,NULL,NULL,NULL,NULL,NULL,NULL,NULL,'PAEZ GONZALEZ SAMUEL','9841507641','9841830520',0),(14,'23osal2-1i0s-59hc-sw1n','5d5zmx5-cmep-huhn-efm8','677 B1','677 B1',NULL,NULL,NULL,NULL,NULL,NULL,NULL,NULL,NULL,NULL,NULL,NULL,NULL,NULL,NULL,NULL,NULL,NULL,'PAEZ GONZALEZ SAMUEL','9841507641','9841043810',0),(15,'ztejfcd-z62k-leuu-fvpd','5d5zmx5-cmep-huhn-efm8','680 B1','680 B1',NULL,NULL,NULL,NULL,NULL,NULL,NULL,NULL,NULL,NULL,NULL,NULL,NULL,NULL,NULL,NULL,NULL,NULL,'PAEZ GONZALEZ SAMUEL','9841507641','9841167664',0),(16,'g1kjnap-hduu-pzgl-s8g7','5d5zmx5-cmep-huhn-efm8','680 C1','680 C1',NULL,NULL,NULL,NULL,NULL,NULL,NULL,NULL,NULL,NULL,NULL,NULL,NULL,NULL,NULL,NULL,NULL,NULL,'PAEZ GONZALEZ SAMUEL','9841507641','9841767725',0),(17,'3plcgq7-f6tw-rgke-tgc3','5d5zmx5-cmep-huhn-efm8','680 C2','680 C2',NULL,NULL,NULL,NULL,NULL,NULL,NULL,NULL,NULL,NULL,NULL,NULL,NULL,NULL,NULL,NULL,NULL,NULL,'PAEZ GONZALEZ SAMUEL','9841507641','9848064894',0),(18,'kjw3ifd-gq55-ojm4-m93j','5d5zmx5-cmep-huhn-efm8','680 C3','680 C3',NULL,NULL,NULL,NULL,NULL,NULL,NULL,NULL,NULL,NULL,NULL,NULL,NULL,NULL,NULL,NULL,NULL,NULL,'PAEZ GONZALEZ SAMUEL','9841507641','9841331059',0),(19,'5gfv2ae-ii7a-19xl-nkb6','5d5zmx5-cmep-huhn-efm8','680 C4','680 C4',NULL,NULL,NULL,NULL,NULL,NULL,NULL,NULL,NULL,NULL,NULL,NULL,NULL,NULL,NULL,NULL,NULL,NULL,'PAEZ GONZALEZ SAMUEL','9841507641','9842797432',0),(20,'osshnlt-wnyi-tz8v-jz53','5d5zmx5-cmep-huhn-efm8','680 C5','680 C5',NULL,NULL,NULL,NULL,NULL,NULL,NULL,NULL,NULL,NULL,NULL,NULL,NULL,NULL,NULL,NULL,NULL,NULL,'PAEZ GONZALEZ SAMUEL','9841507641','9841163561',0),(21,'j1x64mf-7hyf-2bzj-4clt','5d5zmx5-cmep-huhn-efm8','672 B1','672 B1',NULL,NULL,NULL,NULL,NULL,NULL,NULL,NULL,NULL,NULL,NULL,NULL,NULL,NULL,NULL,NULL,NULL,NULL,'GARCIA ORTIZ MARIA DEL CARMEN','9841278035','9842540612',0),(22,'lyfb4po-za1u-oxsl-3oi2','5d5zmx5-cmep-huhn-efm8','672 C1','672 C1',NULL,NULL,NULL,NULL,NULL,NULL,NULL,NULL,NULL,NULL,NULL,NULL,NULL,NULL,NULL,NULL,NULL,NULL,'GARCIA ORTIZ MARIA DEL CARMEN','9841278035','9841669492',0),(23,'fbuja75-lbed-pz1u-ju2b','5d5zmx5-cmep-huhn-efm8','673 B1','673 B1',NULL,NULL,NULL,NULL,NULL,NULL,NULL,NULL,NULL,NULL,NULL,NULL,NULL,NULL,NULL,NULL,NULL,NULL,'GARCIA ORTIZ MARIA DEL CARMEN','9841278035','9841139621',0),(24,'wxpxmi7-n85d-fb8a-6wz3','5d5zmx5-cmep-huhn-efm8','673 C1','673 C1',NULL,NULL,NULL,NULL,NULL,NULL,NULL,NULL,NULL,NULL,NULL,NULL,NULL,NULL,NULL,NULL,NULL,NULL,'GARCIA ORTIZ MARIA DEL CARMEN','9841278035','9841270667',0),(25,'5ddg8w5-pic9-dk1m-zz0r','5d5zmx5-cmep-huhn-efm8','675 B1','675 B1',NULL,NULL,NULL,NULL,NULL,NULL,NULL,NULL,NULL,NULL,NULL,NULL,NULL,NULL,NULL,NULL,NULL,NULL,'GARCIA ORTIZ MARIA DEL CARMEN','9841278035','9842788785',0),(26,'x0fl67f-a7hr-z00v-2ad3','5d5zmx5-cmep-huhn-efm8','675 C1','675 C1',NULL,NULL,NULL,NULL,NULL,NULL,NULL,NULL,NULL,NULL,NULL,NULL,NULL,NULL,NULL,NULL,NULL,NULL,'GARCIA ORTIZ MARIA DEL CARMEN','9841278035','5520952173',0),(27,'in57i3i-u3vb-hh7a-lml9','5d5zmx5-cmep-huhn-efm8','675 C2','675 C2',NULL,NULL,NULL,NULL,NULL,NULL,NULL,NULL,NULL,NULL,NULL,NULL,NULL,NULL,NULL,NULL,NULL,NULL,'GARCIA ORTIZ MARIA DEL CARMEN','9841278035','5569354844-5520664626',0),(28,'mcguie6-6gih-bjmb-s6nx','5d5zmx5-cmep-huhn-efm8','675 C3','675 C3',NULL,NULL,NULL,NULL,NULL,NULL,NULL,NULL,NULL,NULL,NULL,NULL,NULL,NULL,NULL,NULL,NULL,NULL,'GARCIA ORTIZ MARIA DEL CARMEN','9841278035','9841683610',0),(29,'l7dyzrc-24z6-eqwz-1s4h','5d5zmx5-cmep-huhn-efm8','681 B1','681 B1',NULL,NULL,NULL,NULL,NULL,NULL,NULL,NULL,NULL,NULL,NULL,NULL,NULL,NULL,NULL,NULL,NULL,NULL,'MAS MAAS JORGE GUADALUPE','9842356211','9848077766',0),(30,'hlq90h8-gvd5-t861-8nyy','5d5zmx5-cmep-huhn-efm8','681 C1','681 C1',NULL,NULL,NULL,NULL,NULL,NULL,NULL,NULL,NULL,NULL,NULL,NULL,NULL,NULL,NULL,NULL,NULL,NULL,'MAS MAAS JORGE GUADALUPE','9842356211','9841522512',0),(31,'939wxm5-p427-1gne-j3f3','5d5zmx5-cmep-huhn-efm8','681 C2','681 C2',NULL,NULL,NULL,NULL,NULL,NULL,NULL,NULL,NULL,NULL,NULL,NULL,NULL,NULL,NULL,NULL,NULL,NULL,'MAS MAAS JORGE GUADALUPE','9842356211','9842155205',0),(32,'bf0s929-077p-62zn-7htn','5d5zmx5-cmep-huhn-efm8','681 C3','681 C3',NULL,NULL,NULL,NULL,NULL,NULL,NULL,NULL,NULL,NULL,NULL,NULL,NULL,NULL,NULL,NULL,NULL,NULL,'MAS MAAS JORGE GUADALUPE','9842356211','9848761680',0),(33,'lgcm1y9-swmr-rc72-wzdn','5d5zmx5-cmep-huhn-efm8','681 C4','681 C4',NULL,NULL,NULL,NULL,NULL,NULL,NULL,NULL,NULL,NULL,NULL,NULL,NULL,NULL,NULL,NULL,NULL,NULL,'MAS MAAS JORGE GUADALUPE','9842356211','9848079296',0),(34,'wi5oltu-leqo-ifbc-gjd3','5d5zmx5-cmep-huhn-efm8','681 C5','681 C5',NULL,NULL,NULL,NULL,NULL,NULL,NULL,NULL,NULL,NULL,NULL,NULL,NULL,NULL,NULL,NULL,NULL,NULL,'MAS MAAS JORGE GUADALUPE','9842356211','9831125398',0),(35,'a5zjbvc-8nj8-97gg-9f3m','teveace-61af-mx3c-3ph3','681 C6','681 C6',NULL,NULL,NULL,NULL,NULL,NULL,NULL,'02:45:27',NULL,NULL,NULL,NULL,NULL,NULL,NULL,'P',NULL,NULL,'MAS MAAS JORGE GUADALUPE','9842356211','9831321972',1),(36,'co2wgu6-8pi3-7r7n-dk7p','teveace-61af-mx3c-3ph3','683 B1','683 B1',NULL,NULL,NULL,NULL,NULL,NULL,NULL,NULL,NULL,NULL,NULL,NULL,NULL,NULL,NULL,NULL,NULL,NULL,'MAS MAAS JORGE GUADALUPE','9842356211','9841845906',0),(37,'mv1gtom-namd-d4qd-whul','teveace-61af-mx3c-3ph3','683 C1','683 C1',NULL,NULL,NULL,NULL,NULL,NULL,NULL,NULL,NULL,NULL,NULL,NULL,NULL,NULL,NULL,NULL,NULL,NULL,'MAS MAAS JORGE GUADALUPE','9842356211','9842149675',0),(38,'3wf8lbc-k9a1-rc53-hf40','teveace-61af-mx3c-3ph3','684 B1','684 B1',NULL,NULL,NULL,NULL,NULL,NULL,NULL,NULL,NULL,NULL,NULL,NULL,NULL,NULL,NULL,NULL,NULL,NULL,'MAS MAAS JORGE GUADALUPE','9842356211','9841088924',0),(39,'fkdswma-45nv-svwz-k5bj','teveace-61af-mx3c-3ph3','682 B1','682 B1',NULL,NULL,NULL,NULL,NULL,NULL,NULL,NULL,NULL,NULL,NULL,NULL,NULL,NULL,NULL,NULL,NULL,NULL,'MAS MAAS WILLIAM GABRIEL','9841147187','9841060676',0),(40,'gu7nvin-qdhf-22dl-kno5','teveace-61af-mx3c-3ph3','682 C1','682 C1',NULL,NULL,NULL,NULL,NULL,NULL,NULL,NULL,NULL,NULL,NULL,NULL,NULL,NULL,NULL,NULL,NULL,NULL,'MAS MAAS WILLIAM GABRIEL','9841147187','9842353227',0),(41,'glds213-feay-tvgc-xji5','teveace-61af-mx3c-3ph3','685 B1','685 B1',NULL,NULL,NULL,NULL,NULL,NULL,NULL,NULL,NULL,NULL,NULL,NULL,NULL,NULL,NULL,NULL,NULL,NULL,'MAS MAAS WILLIAM GABRIEL','9841147187','9841330743',0),(42,'64nf3ib-vw52-c42z-xb2v','teveace-61af-mx3c-3ph3','685 C1','685 C1',NULL,NULL,NULL,NULL,NULL,NULL,NULL,NULL,NULL,NULL,NULL,NULL,NULL,NULL,NULL,NULL,NULL,NULL,'MAS MAAS WILLIAM GABRIEL','9841147187','9848765806',0),(43,'u77nej0-kxng-czyr-hwrv','teveace-61af-mx3c-3ph3','688 B1','688 B1',NULL,NULL,NULL,NULL,NULL,NULL,NULL,NULL,NULL,NULL,NULL,NULL,NULL,NULL,NULL,NULL,NULL,NULL,'MAS MAAS WILLIAM GABRIEL','9841147187','9842392570',0),(44,'ollatri-05xe-e28f-nhhc','teveace-61af-mx3c-3ph3','688 C1','688 C1',NULL,NULL,NULL,NULL,NULL,NULL,NULL,NULL,NULL,NULL,NULL,NULL,NULL,NULL,NULL,NULL,NULL,NULL,'MAS MAAS WILLIAM GABRIEL','9841147187','9841362045-9842766203',0),(45,'mnk2caz-n16q-mjzf-9j8x','teveace-61af-mx3c-3ph3','689 B1','689 B1',NULL,NULL,NULL,NULL,NULL,NULL,NULL,NULL,NULL,NULL,NULL,NULL,NULL,NULL,NULL,NULL,NULL,NULL,'MAS MAAS WILLIAM GABRIEL','9841147187','9842333026',0),(46,'qr34epi-rfea-5suk-pvo2','teveace-61af-mx3c-3ph3','689 C1','689 C1',NULL,NULL,NULL,NULL,NULL,NULL,NULL,NULL,NULL,NULL,NULL,NULL,NULL,NULL,NULL,NULL,NULL,NULL,'MAS MAAS WILLIAM GABRIEL','9841147187','9841398720',0),(47,'x3efn5u-nd4e-rmf2-o1t3','teveace-61af-mx3c-3ph3','691 B1','691 B1',NULL,NULL,NULL,NULL,NULL,NULL,NULL,NULL,NULL,NULL,NULL,NULL,NULL,NULL,NULL,NULL,NULL,NULL,'MAS MAAS WILLIAM GABRIEL','9841147187','9841040016',0),(48,'03h51nx-bnt4-dd1p-8b1b','teveace-61af-mx3c-3ph3','691 C1','691 C1',NULL,NULL,NULL,NULL,NULL,NULL,NULL,NULL,NULL,NULL,NULL,NULL,NULL,NULL,NULL,NULL,NULL,NULL,'MAS MAAS WILLIAM GABRIEL','9841147187','9841139224',0),(49,'it1srwx-9msy-r80e-t1hc','teveace-61af-mx3c-3ph3','690 B1','690 B1',NULL,NULL,NULL,NULL,NULL,NULL,NULL,NULL,NULL,NULL,NULL,NULL,NULL,NULL,NULL,NULL,NULL,NULL,'CUEVAS MAY LILIANA DEL CARMEN','9841577790','9841404048',0),(50,'tehh3dg-1qfi-90uo-86bz','teveace-61af-mx3c-3ph3','711 B1','711 B1',NULL,NULL,NULL,NULL,NULL,NULL,NULL,NULL,NULL,NULL,NULL,NULL,NULL,NULL,NULL,NULL,NULL,NULL,'CUEVAS MAY LILIANA DEL CARMEN','9841577790','9841325989',0),(51,'m3ymcvl-o7rx-8mox-9nv1','teveace-61af-mx3c-3ph3','711 C1','711 C1',NULL,NULL,NULL,NULL,NULL,NULL,NULL,NULL,NULL,NULL,NULL,NULL,NULL,NULL,NULL,NULL,NULL,NULL,'CUEVAS MAY LILIANA DEL CARMEN','9841577790','9999699127',0),(52,'tarq7dt-h59u-34qh-o422','teveace-61af-mx3c-3ph3','712 B1','712 B1',NULL,NULL,NULL,NULL,NULL,NULL,NULL,NULL,NULL,NULL,NULL,NULL,NULL,NULL,NULL,NULL,NULL,NULL,'CUEVAS MAY LILIANA DEL CARMEN','9841577790','9841762710',0),(53,'0fqvfg7-jk5c-jj0d-ekfb','teveace-61af-mx3c-3ph3','713 B1','713 B1',NULL,NULL,NULL,NULL,NULL,NULL,NULL,NULL,NULL,NULL,NULL,NULL,NULL,NULL,NULL,NULL,NULL,NULL,'CUEVAS MAY LILIANA DEL CARMEN','9841577790','9841405333',0),(54,'yelhyqk-xvgp-5z4s-3bot','teveace-61af-mx3c-3ph3','713 C1','713 C1',NULL,NULL,NULL,NULL,NULL,NULL,NULL,NULL,NULL,NULL,NULL,NULL,NULL,NULL,NULL,NULL,NULL,NULL,'CUEVAS MAY LILIANA DEL CARMEN','9841577790','9841288026',0),(55,'qm1aus0-8pce-pdik-22pr','teveace-61af-mx3c-3ph3','714 B1','714 B1',NULL,NULL,NULL,NULL,NULL,NULL,NULL,NULL,NULL,NULL,NULL,NULL,NULL,NULL,NULL,NULL,NULL,NULL,'CUEVAS MAY LILIANA DEL CARMEN','9841577790','9841080292',0),(56,'bd6btvy-k9qn-0sko-srjt','teveace-61af-mx3c-3ph3','714 C1','714 C1',NULL,NULL,NULL,NULL,NULL,NULL,NULL,NULL,NULL,NULL,NULL,NULL,NULL,NULL,NULL,NULL,NULL,NULL,'CUEVAS MAY LILIANA DEL CARMEN','9841577790','9381707362',0),(57,'ff2bmhe-pvur-odet-vueb','teveace-61af-mx3c-3ph3','719 B1','719 B1',NULL,NULL,NULL,NULL,NULL,NULL,NULL,NULL,NULL,NULL,NULL,NULL,NULL,NULL,NULL,NULL,NULL,NULL,'CUEVAS MAY LILIANA DEL CARMEN','9841577790','9848067497',0),(58,'s03wmxp-5gjt-enmo-ji9c','teveace-61af-mx3c-3ph3','719 C1','719 C1',NULL,NULL,NULL,NULL,NULL,NULL,NULL,NULL,NULL,NULL,NULL,NULL,NULL,NULL,NULL,NULL,NULL,NULL,'CUEVAS MAY LILIANA DEL CARMEN','9841577790','9841686119',0),(59,'kvb7jg6-1tmg-uuo3-bu1n','teveace-61af-mx3c-3ph3','718 B1','718 B1',NULL,NULL,NULL,NULL,NULL,NULL,NULL,NULL,NULL,NULL,NULL,NULL,NULL,NULL,NULL,NULL,NULL,NULL,'AGUILAR PERERA JAQUELINA ASUNCION','9841362087','9841164385',0),(60,'ipgnj8p-3crf-tcrf-0d7u','teveace-61af-mx3c-3ph3','718 C1','718 C1',NULL,NULL,NULL,NULL,NULL,NULL,NULL,NULL,NULL,NULL,NULL,NULL,NULL,NULL,NULL,NULL,NULL,NULL,'AGUILAR PERERA JAQUELINA ASUNCION','9841362087','9841134571',0),(61,'7qtvg20-k1bd-l8ua-v3fp','teveace-61af-mx3c-3ph3','718 C2','718 C2',NULL,NULL,NULL,NULL,NULL,NULL,NULL,NULL,NULL,NULL,NULL,NULL,NULL,NULL,NULL,NULL,NULL,NULL,'AGUILAR PERERA JAQUELINA ASUNCION','9841362087','9841975448',0),(62,'ffmnopp-ytrg-q6z2-w282','teveace-61af-mx3c-3ph3','721 B1','721 B1',NULL,NULL,NULL,NULL,NULL,NULL,NULL,NULL,NULL,NULL,NULL,NULL,NULL,NULL,NULL,NULL,NULL,NULL,'AGUILAR PERERA JAQUELINA ASUNCION','9841362087','9841876572',0),(63,'mihzmw8-6yc7-8ak5-3478','teveace-61af-mx3c-3ph3','721 C1','721 C1',NULL,NULL,NULL,NULL,NULL,NULL,NULL,NULL,NULL,NULL,NULL,NULL,NULL,NULL,NULL,NULL,NULL,NULL,'AGUILAR PERERA JAQUELINA ASUNCION','9841362087','9842361820',0),(64,'65vuk2h-q67j-500s-0k1f','teveace-61af-mx3c-3ph3','726 B1','726 B1',NULL,NULL,NULL,NULL,NULL,NULL,NULL,NULL,NULL,NULL,NULL,NULL,NULL,NULL,NULL,NULL,NULL,NULL,'AGUILAR PERERA JAQUELINA ASUNCION','9841362087','9841196828',0),(65,'5u5z320-ggrp-oegz-c126','teveace-61af-mx3c-3ph3','726 C1','726 C1',NULL,NULL,NULL,NULL,NULL,NULL,NULL,NULL,NULL,NULL,NULL,NULL,NULL,NULL,NULL,NULL,NULL,NULL,'AGUILAR PERERA JAQUELINA ASUNCION','9841362087','9871162439',0),(66,'qfo5r8j-iz6v-y6d7-qx9u','teveace-61af-mx3c-3ph3','900 B1','900 B1',NULL,NULL,NULL,NULL,NULL,NULL,NULL,NULL,NULL,NULL,NULL,NULL,NULL,NULL,NULL,NULL,NULL,NULL,'AGUILAR PERERA JAQUELINA ASUNCION','9841362087','9841448966',0),(67,'a0h93se-26m1-aauh-dj08','teveace-61af-mx3c-3ph3','903 B1','903 B1',NULL,NULL,NULL,NULL,NULL,NULL,NULL,NULL,NULL,NULL,NULL,NULL,NULL,NULL,NULL,NULL,NULL,NULL,'AGUILAR PERERA JAQUELINA ASUNCION','9841362087','9842181290',0),(68,'hw3qi4u-q3q1-1gcw-7qsu','teveace-61af-mx3c-3ph3','720 B1','720 B1',NULL,NULL,NULL,NULL,NULL,NULL,NULL,NULL,NULL,NULL,NULL,NULL,NULL,NULL,NULL,NULL,NULL,NULL,'DOMIGUEZ PALOMO JULISSA DEL CARMEN','9842119349','9841586094',0),(69,'q85by58-37qf-86vq-nztm','7hqf91e-a229-bva1-jjca','720 C1','720 C1',NULL,NULL,NULL,NULL,NULL,NULL,NULL,NULL,NULL,NULL,NULL,NULL,NULL,NULL,NULL,NULL,NULL,NULL,'DOMIGUEZ PALOMO JULISSA DEL CARMEN','9842119349','9841832784',0),(70,'fuu6oe3-upne-1thk-wki9','7hqf91e-a229-bva1-jjca','720 C2','720 C2',NULL,NULL,NULL,NULL,NULL,NULL,NULL,NULL,NULL,NULL,NULL,NULL,NULL,NULL,NULL,NULL,NULL,NULL,'DOMIGUEZ PALOMO JULISSA DEL CARMEN','9842119349','9841775564',0),(71,'fd3jvzk-j2n8-kwk4-8nh4','7hqf91e-a229-bva1-jjca','727 B1','727 B1',NULL,NULL,NULL,NULL,NULL,NULL,NULL,NULL,NULL,NULL,NULL,NULL,NULL,NULL,NULL,NULL,NULL,NULL,'DOMIGUEZ PALOMO JULISSA DEL CARMEN','9842119349','9841503095',0),(72,'dm8b1vt-09v0-md4m-exai','7hqf91e-a229-bva1-jjca','727 C1','727 C1',NULL,NULL,NULL,NULL,NULL,NULL,NULL,NULL,NULL,NULL,NULL,NULL,NULL,NULL,NULL,NULL,NULL,NULL,'DOMIGUEZ PALOMO JULISSA DEL CARMEN','9842119349','9841330750',0),(73,'tm6pfkd-npj7-q2ov-qoie','7hqf91e-a229-bva1-jjca','728 B1','728 B1',NULL,NULL,NULL,NULL,NULL,NULL,NULL,NULL,NULL,NULL,NULL,NULL,NULL,NULL,NULL,NULL,NULL,NULL,'DOMIGUEZ PALOMO JULISSA DEL CARMEN','9842119349','9841984803',0),(74,'baeu83s-dmn4-1ymu-rrus','7hqf91e-a229-bva1-jjca','905 B1','905 B1',NULL,NULL,NULL,NULL,NULL,NULL,NULL,NULL,NULL,NULL,NULL,NULL,NULL,NULL,NULL,NULL,NULL,NULL,'DOMIGUEZ PALOMO JULISSA DEL CARMEN','9842119349','9841562044',0),(75,'r6qk9zl-f3hu-g9yd-pe3n','7hqf91e-a229-bva1-jjca','908 B1','908 B1',NULL,NULL,NULL,NULL,NULL,NULL,NULL,NULL,NULL,NULL,NULL,NULL,NULL,NULL,NULL,NULL,NULL,NULL,'DOMIGUEZ PALOMO JULISSA DEL CARMEN','9842119349','9842358801',0),(76,'h79enpw-kx5y-3qoa-1zd1','7hqf91e-a229-bva1-jjca','911 B1','911 B1',NULL,NULL,NULL,NULL,NULL,NULL,NULL,NULL,NULL,NULL,NULL,NULL,NULL,NULL,NULL,NULL,NULL,NULL,'DOMIGUEZ PALOMO JULISSA DEL CARMEN','9842119349','9841380228',0),(77,'czgoepb-shly-slen-p9ro','7hqf91e-a229-bva1-jjca','686 B1','686 B1',NULL,NULL,NULL,NULL,NULL,NULL,NULL,NULL,NULL,NULL,NULL,NULL,NULL,NULL,NULL,NULL,NULL,NULL,'KANTUN TZEEK YENY MARIBEL','9841051393','9842324784',0),(78,'4asyxbe-f9i3-h4yu-p871','7hqf91e-a229-bva1-jjca','686 C1','686 C1',NULL,NULL,NULL,NULL,NULL,NULL,NULL,NULL,NULL,NULL,NULL,NULL,NULL,NULL,NULL,NULL,NULL,NULL,'KANTUN TZEEK YENY MARIBEL','9841051393','9842565680',0),(79,'qae8f6i-ejl0-uc8n-fodk','7hqf91e-a229-bva1-jjca','687 B1','687 B1',NULL,NULL,NULL,NULL,NULL,NULL,NULL,NULL,NULL,NULL,NULL,NULL,NULL,NULL,NULL,NULL,NULL,NULL,'KANTUN TZEEK YENY MARIBEL','9841051393','9841803201',0),(80,'htngcvx-68nn-0fvs-mno8','7hqf91e-a229-bva1-jjca','687 C1','687 C1',NULL,NULL,NULL,NULL,NULL,NULL,NULL,NULL,NULL,NULL,NULL,NULL,NULL,NULL,NULL,NULL,NULL,NULL,'KANTUN TZEEK YENY MARIBEL','9841051393','9841668614',0),(81,'6u559p6-3fan-0kpj-a9n0','7hqf91e-a229-bva1-jjca','692 B1','692 B1',NULL,NULL,NULL,NULL,NULL,NULL,NULL,NULL,NULL,NULL,NULL,NULL,NULL,NULL,NULL,NULL,NULL,NULL,'KANTUN TZEEK YENY MARIBEL','9841051393','9841589536',0),(82,'s2k6ten-bypn-mqha-0knv','7hqf91e-a229-bva1-jjca','692 C1','692 C1',NULL,NULL,NULL,NULL,NULL,NULL,NULL,NULL,NULL,NULL,NULL,NULL,NULL,NULL,NULL,NULL,NULL,NULL,'KANTUN TZEEK YENY MARIBEL','9841051393','9841569137',0),(83,'0tru8z6-tjbc-qx3b-432a','7hqf91e-a229-bva1-jjca','693 B1','693 B1',NULL,NULL,NULL,NULL,NULL,NULL,NULL,NULL,NULL,NULL,NULL,NULL,NULL,NULL,NULL,NULL,NULL,NULL,'KANTUN TZEEK YENY MARIBEL','9841051393','9842032973',0),(84,'0190mvp-xbw3-dzvh-c55t','7hqf91e-a229-bva1-jjca','693 C1','693 C1',NULL,NULL,NULL,NULL,NULL,NULL,NULL,NULL,NULL,NULL,NULL,NULL,NULL,NULL,NULL,NULL,NULL,NULL,'KANTUN TZEEK YENY MARIBEL','9841051393','9841438045',0),(85,'thoxfxc-uieu-ln8h-eo2v','7hqf91e-a229-bva1-jjca','710 B1','710 B1',NULL,NULL,NULL,NULL,NULL,NULL,NULL,NULL,NULL,NULL,NULL,NULL,NULL,NULL,NULL,NULL,NULL,NULL,'KANTUN TZEEK YENY MARIBEL','9841051393','9841114349',0),(86,'ctt7c2u-bg4m-ktbp-trha','7hqf91e-a229-bva1-jjca','710 C1','710 C1',NULL,NULL,NULL,NULL,NULL,NULL,NULL,NULL,NULL,NULL,NULL,NULL,NULL,NULL,NULL,NULL,NULL,NULL,'KANTUN TZEEK YENY MARIBEL','9841051393','9841328285',0),(87,'4d9xryg-7day-6mcg-5h9k','7hqf91e-a229-bva1-jjca','715 B1','715 B1',NULL,NULL,NULL,NULL,NULL,NULL,NULL,NULL,NULL,NULL,NULL,NULL,NULL,NULL,NULL,NULL,NULL,NULL,'PERALES ESPADAS LAURA','9841852107','9841829111',0),(88,'qe9zt8u-5zsn-rdlx-j6xq','7hqf91e-a229-bva1-jjca','715 C1','715 C1',NULL,NULL,NULL,NULL,NULL,NULL,NULL,NULL,NULL,NULL,NULL,NULL,NULL,NULL,NULL,NULL,NULL,NULL,'PERALES ESPADAS LAURA','9841852107','9842150423',0),(89,'xgxa05c-lkom-8r94-1zu7','7hqf91e-a229-bva1-jjca','716 B1','716 B1',NULL,NULL,NULL,NULL,NULL,NULL,NULL,NULL,NULL,NULL,NULL,NULL,NULL,NULL,NULL,NULL,NULL,NULL,'PERALES ESPADAS LAURA','9841852107','9841827053',0),(90,'pxpkuwg-hv21-nne7-bkyr','7hqf91e-a229-bva1-jjca','717 B1','717 B1',NULL,NULL,NULL,NULL,NULL,NULL,NULL,NULL,NULL,NULL,NULL,NULL,NULL,NULL,NULL,NULL,NULL,NULL,'PERALES ESPADAS LAURA','9841852107','9842176395',0),(91,'8sqgor9-w4d3-qksa-xgi7','7hqf91e-a229-bva1-jjca','717 C1','717 C1',NULL,NULL,NULL,NULL,NULL,NULL,NULL,NULL,NULL,NULL,NULL,NULL,NULL,NULL,NULL,NULL,NULL,NULL,'PERALES ESPADAS LAURA','9841852107','9848068907',0),(92,'7sq8gun-fb61-2fhu-ugmz','7hqf91e-a229-bva1-jjca','722 B1','722 B1',NULL,NULL,NULL,NULL,NULL,NULL,NULL,NULL,NULL,NULL,NULL,NULL,NULL,NULL,NULL,NULL,NULL,NULL,'PERALES ESPADAS LAURA','9841852107','9842172027',0),(93,'l50mmtc-q1zi-sdg6-5c2m','7hqf91e-a229-bva1-jjca','722 C1','722 C1',NULL,NULL,NULL,NULL,NULL,NULL,NULL,NULL,NULL,NULL,NULL,NULL,NULL,NULL,NULL,NULL,NULL,NULL,'PERALES ESPADAS LAURA','9841852107','9842111690',0),(94,'7fsxb17-4ql3-5fcl-oob5','7hqf91e-a229-bva1-jjca','723 B1','723 B1',NULL,NULL,NULL,NULL,NULL,NULL,NULL,NULL,NULL,NULL,NULL,NULL,NULL,NULL,NULL,NULL,NULL,NULL,'PERALES ESPADAS LAURA','9841852107','9841851312',0),(95,'ajwke3r-fe60-1bxp-2kxn','7hqf91e-a229-bva1-jjca','724 B1','724 B1',NULL,NULL,NULL,NULL,NULL,NULL,NULL,NULL,NULL,NULL,NULL,NULL,NULL,NULL,NULL,NULL,NULL,NULL,'PERALES ESPADAS LAURA','9841852107','9841460885',0),(96,'xj2nfys-a1jt-shcf-o3gd','7hqf91e-a229-bva1-jjca','724 C1','724 C1',NULL,NULL,NULL,NULL,NULL,NULL,NULL,NULL,NULL,NULL,NULL,NULL,NULL,NULL,NULL,NULL,NULL,NULL,'PERALES ESPADAS LAURA','9841852107','9841195622',0),(97,'p4vr7ph-i7fn-d4ee-4zot','7hqf91e-a229-bva1-jjca','708 B1','708 B1',NULL,NULL,NULL,NULL,NULL,NULL,NULL,NULL,NULL,NULL,NULL,NULL,NULL,NULL,NULL,NULL,NULL,NULL,'GARCIA TREJO MARCO ANTONIO','9841810478','9841205354',0),(98,'kfj5sjf-8bxt-c3fa-er36','7hqf91e-a229-bva1-jjca','708 C1','708 C1',NULL,NULL,NULL,NULL,NULL,NULL,NULL,NULL,NULL,NULL,NULL,NULL,NULL,NULL,NULL,NULL,NULL,NULL,'GARCIA TREJO MARCO ANTONIO','9841810478','9841271755',0),(99,'qyjz6v8-bu3s-2t4d-2j2d','7hqf91e-a229-bva1-jjca','737 B1','737 B1',NULL,NULL,NULL,NULL,NULL,NULL,NULL,NULL,NULL,NULL,NULL,NULL,NULL,NULL,NULL,NULL,NULL,NULL,'GARCIA TREJO MARCO ANTONIO','9841810478','9841067890',0),(100,'gqxezv4-fs65-3isw-8p4j','7hqf91e-a229-bva1-jjca','737 C1','737 C1',NULL,NULL,NULL,NULL,NULL,NULL,NULL,NULL,NULL,NULL,NULL,NULL,NULL,NULL,NULL,NULL,NULL,NULL,'GARCIA TREJO MARCO ANTONIO','9841810478','9842351239',0),(101,'6n504v3-tstn-3iiz-4p8z','7hqf91e-a229-bva1-jjca','725 B1','725 B1',NULL,NULL,NULL,NULL,NULL,NULL,NULL,NULL,NULL,NULL,NULL,NULL,NULL,NULL,NULL,NULL,NULL,NULL,'GARCIA TREJO MARCO ANTONIO','9841810478','9841084034',0),(102,'b0emmlc-cgxa-mg02-5f9p','7hqf91e-a229-bva1-jjca','725 C1','725 C1',NULL,NULL,NULL,NULL,NULL,NULL,NULL,NULL,NULL,NULL,NULL,NULL,NULL,NULL,NULL,NULL,NULL,NULL,'GARCIA TREJO MARCO ANTONIO','9841810478','9841126367',0),(103,'10aw84q-txkm-nzfh-kor4','aymhcci-d3dn-17tu-7qth','725 C2','725 C2',NULL,NULL,NULL,NULL,NULL,NULL,NULL,NULL,NULL,NULL,NULL,NULL,NULL,NULL,NULL,NULL,NULL,NULL,'GARCIA TREJO MARCO ANTONIO','9841810478','9841644378',0),(104,'r12qtu2-i4yp-ydof-8xuw','aymhcci-d3dn-17tu-7qth','729 B1','729 B1',NULL,NULL,NULL,NULL,NULL,NULL,NULL,NULL,NULL,NULL,NULL,NULL,NULL,NULL,NULL,NULL,NULL,NULL,'GARCIA TREJO MARCO ANTONIO','9841810478','5544854809',0),(105,'3sborja-f9s6-7sdt-pj9w','aymhcci-d3dn-17tu-7qth','729 C1','729 C1',NULL,NULL,NULL,NULL,NULL,NULL,NULL,NULL,NULL,NULL,NULL,NULL,NULL,NULL,NULL,NULL,NULL,NULL,'GARCIA TREJO MARCO ANTONIO','9841810478','5532879642',0),(106,'n65l3do-h3z9-5vpp-rduw','aymhcci-d3dn-17tu-7qth','729 C2','729 C2',NULL,NULL,NULL,NULL,NULL,NULL,NULL,NULL,NULL,NULL,NULL,NULL,NULL,NULL,NULL,NULL,NULL,NULL,'GARCIA TREJO MARCO ANTONIO','9841810478','9842048180',0),(107,'7vucak2-ktzk-7ysc-a6vz','aymhcci-d3dn-17tu-7qth','694 B1','694 B1',NULL,NULL,NULL,NULL,NULL,NULL,NULL,NULL,NULL,NULL,NULL,NULL,NULL,NULL,NULL,NULL,NULL,NULL,'ARANA  LOPEZ CRISTY ASUNCION','9841576103','9841172183',0),(108,'9z539ao-y930-tgji-d7ds','aymhcci-d3dn-17tu-7qth','694 C1','694 C1',NULL,NULL,NULL,NULL,NULL,NULL,NULL,NULL,NULL,NULL,NULL,NULL,NULL,NULL,NULL,NULL,NULL,NULL,'ARANA  LOPEZ CRISTY ASUNCION','9841576103','9842331626',0),(109,'oehf0km-n8ib-j20g-o3q8','aymhcci-d3dn-17tu-7qth','694 C2','694 C2',NULL,NULL,NULL,NULL,NULL,NULL,NULL,NULL,NULL,NULL,NULL,NULL,NULL,NULL,NULL,NULL,NULL,NULL,'ARANA  LOPEZ CRISTY ASUNCION','9841576103','9841881073',0),(110,'kk8r6z4-qt9s-mvg2-wj3d','aymhcci-d3dn-17tu-7qth','694 C3','694 C3',NULL,NULL,NULL,NULL,NULL,NULL,NULL,NULL,NULL,NULL,NULL,NULL,NULL,NULL,NULL,NULL,NULL,NULL,'ARANA  LOPEZ CRISTY ASUNCION','9841576103','9842407152',0),(111,'k9a3gxx-ljlu-kg5k-9v98','aymhcci-d3dn-17tu-7qth','694 C4','694 C4',NULL,NULL,NULL,NULL,NULL,NULL,NULL,NULL,NULL,NULL,NULL,NULL,NULL,NULL,NULL,NULL,NULL,NULL,'ARANA  LOPEZ CRISTY ASUNCION','9841576103','9992325595',0),(112,'fwptste-1f6n-n88p-qa19','aymhcci-d3dn-17tu-7qth','694 C5','694 C5',NULL,NULL,NULL,NULL,NULL,NULL,NULL,NULL,NULL,NULL,NULL,NULL,NULL,NULL,NULL,NULL,NULL,NULL,'ARANA  LOPEZ CRISTY ASUNCION','9841576103','9841058638',0),(113,'zqs57ex-e6ex-4xns-2vx2','aymhcci-d3dn-17tu-7qth','709 B1','709 B1',NULL,NULL,NULL,NULL,NULL,NULL,NULL,NULL,NULL,NULL,NULL,NULL,NULL,NULL,NULL,NULL,NULL,NULL,'ARANA  LOPEZ CRISTY ASUNCION','9841576103','9847450340',0),(114,'xpdjl5v-odkr-yx7i-k2wv','aymhcci-d3dn-17tu-7qth','709 C1','709 C1',NULL,NULL,NULL,NULL,NULL,NULL,NULL,NULL,NULL,NULL,NULL,NULL,NULL,NULL,NULL,NULL,NULL,NULL,'ARANA  LOPEZ CRISTY ASUNCION','9841576103','9841251396',0),(115,'ubmom1c-mc8j-16bd-mlai','aymhcci-d3dn-17tu-7qth','709 C2','709 C2',NULL,NULL,NULL,NULL,NULL,NULL,NULL,NULL,NULL,NULL,NULL,NULL,NULL,NULL,NULL,NULL,NULL,NULL,'ARANA  LOPEZ CRISTY ASUNCION','9841576103','9861035903',0),(116,'8ruloji-ucot-5zwz-yrnm','aymhcci-d3dn-17tu-7qth','709 C3','709 C3',NULL,NULL,NULL,NULL,NULL,NULL,NULL,NULL,NULL,NULL,NULL,NULL,NULL,NULL,NULL,NULL,NULL,NULL,'ARANA  LOPEZ CRISTY ASUNCION','9841576103','9841805120',0),(117,'vunvv2o-lhof-y8df-ke6m','aymhcci-d3dn-17tu-7qth','695 B1','695 B1',NULL,NULL,NULL,NULL,NULL,NULL,NULL,NULL,NULL,NULL,NULL,NULL,NULL,NULL,NULL,NULL,NULL,NULL,'GOMEZ VALDERRABANO FRACISCO','9841799826','9841347480',0),(118,'qq4vafd-d7w7-0egb-1fc4','aymhcci-d3dn-17tu-7qth','695 C1','695 C1',NULL,NULL,NULL,NULL,NULL,NULL,NULL,NULL,NULL,NULL,NULL,NULL,NULL,NULL,NULL,NULL,NULL,NULL,'GOMEZ VALDERRABANO FRACISCO','9841799826','9841853005',0),(119,'i3ggxzb-r3et-eve1-m1qh','aymhcci-d3dn-17tu-7qth','696 B1','696 B1',NULL,NULL,NULL,NULL,NULL,NULL,NULL,NULL,NULL,NULL,NULL,NULL,NULL,NULL,NULL,NULL,NULL,NULL,'GOMEZ VALDERRABANO FRACISCO','9841799826','9842142706',0),(120,'yc20nw4-ozbu-te1z-hje4','aymhcci-d3dn-17tu-7qth','696 C1','696 C1',NULL,NULL,NULL,NULL,NULL,NULL,NULL,NULL,NULL,NULL,NULL,NULL,NULL,NULL,NULL,NULL,NULL,NULL,'GOMEZ VALDERRABANO FRACISCO','9841799826','9841041207',0),(121,'9mighc6-vanv-43wb-pcry','aymhcci-d3dn-17tu-7qth','697 B1','697 B1',NULL,NULL,NULL,NULL,NULL,NULL,NULL,NULL,NULL,NULL,NULL,NULL,NULL,NULL,NULL,NULL,NULL,NULL,'GOMEZ VALDERRABANO FRACISCO','9841799826','9331631215',0),(122,'60t4vrw-d2hj-jpw3-fdop','aymhcci-d3dn-17tu-7qth','697 C1','697 C1',NULL,NULL,NULL,NULL,NULL,NULL,NULL,NULL,NULL,NULL,NULL,NULL,NULL,NULL,NULL,NULL,NULL,NULL,'GOMEZ VALDERRABANO FRACISCO','9841799826','9841291078',0),(123,'7w4ys1m-3ftc-7gyc-sld0','aymhcci-d3dn-17tu-7qth','698 B1','698 B1',NULL,NULL,NULL,NULL,NULL,NULL,NULL,NULL,NULL,NULL,NULL,NULL,NULL,NULL,NULL,NULL,NULL,NULL,'GOMEZ VALDERRABANO FRACISCO','9841799826','9842788381',0),(124,'5fitgue-s3sn-5vau-qqon','aymhcci-d3dn-17tu-7qth','698 C1','698 C1',NULL,NULL,NULL,NULL,NULL,NULL,NULL,NULL,NULL,NULL,NULL,NULL,NULL,NULL,NULL,NULL,NULL,NULL,'GOMEZ VALDERRABANO FRACISCO','9841799826','9841340552',0),(125,'hrsvtd3-3god-dq97-5dfz','aymhcci-d3dn-17tu-7qth','700 B1','700 B1',NULL,NULL,NULL,NULL,NULL,NULL,NULL,NULL,NULL,NULL,NULL,NULL,NULL,NULL,NULL,NULL,NULL,NULL,'GOMEZ VALDERRABANO FRACISCO','9841799826','9841644606',0),(126,'y4a17r8-sg7x-j7lr-rloj','aymhcci-d3dn-17tu-7qth','700 C1','700 C1',NULL,NULL,NULL,NULL,NULL,NULL,NULL,NULL,NULL,NULL,NULL,NULL,NULL,NULL,NULL,NULL,NULL,NULL,'GOMEZ VALDERRABANO FRACISCO','9841799826','9841503866',0),(127,'5nel4h1-lrvc-23ol-yot4','aymhcci-d3dn-17tu-7qth','699 B1','699 B1',NULL,NULL,NULL,NULL,NULL,NULL,NULL,NULL,NULL,NULL,NULL,NULL,NULL,NULL,NULL,NULL,NULL,NULL,'RABANALES TRUJILLO KARLA ANAIS','9841307844','9841438765',0),(128,'ulby1ro-hcr3-1zbe-2rtf','aymhcci-d3dn-17tu-7qth','701 B1','701 B1',NULL,NULL,NULL,NULL,NULL,NULL,NULL,NULL,NULL,NULL,NULL,NULL,NULL,NULL,NULL,NULL,NULL,NULL,'RABANALES TRUJILLO KARLA ANAIS','9841307844','9841880152',0),(129,'qbcr2m6-sji3-lt7y-emxj','aymhcci-d3dn-17tu-7qth','701 C1','701 C1',NULL,NULL,NULL,NULL,NULL,NULL,NULL,NULL,NULL,NULL,NULL,NULL,NULL,NULL,NULL,NULL,NULL,NULL,'RABANALES TRUJILLO KARLA ANAIS','9841307844','9841298927',0),(130,'z90lvld-xjnc-upcc-2y7a','aymhcci-d3dn-17tu-7qth','702 B1','702 B1',NULL,NULL,NULL,NULL,NULL,NULL,NULL,NULL,NULL,NULL,NULL,NULL,NULL,NULL,NULL,NULL,NULL,NULL,'RABANALES TRUJILLO KARLA ANAIS','9841307844','9841445021',0),(131,'mqa5n3a-zvid-eguv-ezmx','aymhcci-d3dn-17tu-7qth','702 C1','702 C1',NULL,NULL,NULL,NULL,NULL,NULL,NULL,NULL,NULL,NULL,NULL,NULL,NULL,NULL,NULL,NULL,NULL,NULL,'RABANALES TRUJILLO KARLA ANAIS','9841307844','9848064297',0),(132,'3vfkvxa-2xzu-v9oq-37i3','aymhcci-d3dn-17tu-7qth','702 C2','702 C2',NULL,NULL,NULL,NULL,NULL,NULL,NULL,NULL,NULL,NULL,NULL,NULL,NULL,NULL,NULL,NULL,NULL,NULL,'RABANALES TRUJILLO KARLA ANAIS','9841307844','9841270466',0),(133,'9xrgh1o-ege9-gwws-jzx3','aymhcci-d3dn-17tu-7qth','702 C3','702 C3',NULL,NULL,NULL,NULL,NULL,NULL,NULL,NULL,NULL,NULL,NULL,NULL,NULL,NULL,NULL,NULL,NULL,NULL,'RABANALES TRUJILLO KARLA ANAIS','9841307844','9841680758',0),(134,'vbngg5n-ujhh-w7uu-qkxy','aymhcci-d3dn-17tu-7qth','702 C4','702 C4',NULL,NULL,NULL,NULL,NULL,NULL,NULL,NULL,NULL,NULL,NULL,NULL,NULL,NULL,NULL,NULL,NULL,NULL,'RABANALES TRUJILLO KARLA ANAIS','9841307844','9842493336',0),(135,'q85ybeh-vjnk-ok2h-suie','aymhcci-d3dn-17tu-7qth','703 B1','703 B1',NULL,NULL,NULL,NULL,NULL,NULL,NULL,NULL,NULL,NULL,NULL,NULL,NULL,NULL,NULL,NULL,NULL,NULL,'RABANALES TRUJILLO KARLA ANAIS','9841307844','9842771480',0),(136,'ujewsgg-62mx-j211-v2og','aymhcci-d3dn-17tu-7qth','703 C1','703 C1',NULL,NULL,NULL,NULL,NULL,NULL,NULL,NULL,NULL,NULL,NULL,NULL,NULL,NULL,NULL,NULL,NULL,NULL,'RABANALES TRUJILLO KARLA ANAIS','9841307844','9841586668',0),(137,'vu6f9zh-ksev-7g75-in3x','efa3c8z-q8d0-wceb-m900','704 B1','704 B1',NULL,NULL,NULL,NULL,NULL,NULL,NULL,NULL,NULL,NULL,NULL,NULL,NULL,NULL,NULL,NULL,NULL,NULL,'CANUL PEREZ MILDRED LEONOR','9841642464','9841432214',0),(138,'jk42s6z-8irw-jqej-j3wz','efa3c8z-q8d0-wceb-m900','704 C1','704 C1',NULL,NULL,NULL,NULL,NULL,NULL,NULL,NULL,NULL,NULL,NULL,NULL,NULL,NULL,NULL,NULL,NULL,NULL,'CANUL PEREZ MILDRED LEONOR','9841642464','9841285870',0),(139,'q8qrw0t-obr2-qjab-z7bp','efa3c8z-q8d0-wceb-m900','705 B1','705 B1',NULL,NULL,NULL,NULL,NULL,NULL,NULL,NULL,NULL,NULL,NULL,NULL,NULL,NULL,NULL,NULL,NULL,NULL,'CANUL PEREZ MILDRED LEONOR','9841642464','9841058567',0),(140,'li8zu8z-0725-wemk-h9ct','efa3c8z-q8d0-wceb-m900','705 C1','705 C1',NULL,NULL,NULL,NULL,NULL,NULL,NULL,NULL,NULL,NULL,NULL,NULL,NULL,NULL,NULL,NULL,NULL,NULL,'CANUL PEREZ MILDRED LEONOR','9841642464','9841680825',0),(141,'yr9f3n1-2hem-wh2q-u189','efa3c8z-q8d0-wceb-m900','706 B1','706 B1',NULL,NULL,NULL,NULL,NULL,NULL,NULL,NULL,NULL,NULL,NULL,NULL,NULL,NULL,NULL,NULL,NULL,NULL,'CANUL PEREZ MILDRED LEONOR','9841642464','9841190929',0),(142,'d48v5to-jkhe-aei2-jw77','efa3c8z-q8d0-wceb-m900','707 B1','707 B1',NULL,NULL,NULL,NULL,NULL,NULL,NULL,NULL,NULL,NULL,NULL,NULL,NULL,NULL,NULL,NULL,NULL,NULL,'CANUL PEREZ MILDRED LEONOR','9841642464','9842071288',0),(143,'o9ifzdk-86e8-i2ut-ohpb','efa3c8z-q8d0-wceb-m900','707 C1','707 C1',NULL,NULL,NULL,NULL,NULL,NULL,NULL,NULL,NULL,NULL,NULL,NULL,NULL,NULL,NULL,NULL,NULL,NULL,'CANUL PEREZ MILDRED LEONOR','9841642464','9841882301 9841653805',0),(144,'z9fnxap-ayfz-h9jw-h8qh','efa3c8z-q8d0-wceb-m900','730 B1','730 B1',NULL,NULL,NULL,NULL,NULL,NULL,NULL,NULL,NULL,NULL,NULL,NULL,NULL,NULL,NULL,NULL,NULL,NULL,'CANUL PEREZ MILDRED LEONOR','9841642464','9841543260',0),(145,'91vzxcr-h36a-43cy-5ag1','efa3c8z-q8d0-wceb-m900','731 B1','731 B1',NULL,NULL,NULL,NULL,NULL,NULL,NULL,NULL,NULL,NULL,NULL,NULL,NULL,NULL,NULL,NULL,NULL,NULL,'CANUL PEREZ MILDRED LEONOR','9841642464','9841380181',0),(146,'i0m23qz-ygl6-po57-ujvw','efa3c8z-q8d0-wceb-m900','732 B1','732 B1',NULL,NULL,NULL,NULL,NULL,NULL,NULL,NULL,NULL,NULL,NULL,NULL,NULL,NULL,NULL,NULL,NULL,NULL,'CANUL PEREZ MILDRED LEONOR','9841642464','9841372087',0),(147,'0td9jtc-ytpw-245o-aoi0','efa3c8z-q8d0-wceb-m900','732 C1','732 C1',NULL,NULL,NULL,NULL,NULL,NULL,NULL,NULL,NULL,NULL,NULL,NULL,NULL,NULL,NULL,NULL,NULL,NULL,'CANUL PEREZ MILDRED LEONOR','9841642464','9847451634',0),(148,'blarji4-f1ir-4mt4-3mpr','efa3c8z-q8d0-wceb-m900','674 C2','674 C2',NULL,NULL,NULL,NULL,NULL,NULL,NULL,NULL,NULL,NULL,NULL,NULL,NULL,NULL,NULL,NULL,NULL,NULL,'CAHUICH BE EDER NEFTALY','9841353863','9848769919',0),(149,'u3cssj8-qep4-q8qz-pzsi','efa3c8z-q8d0-wceb-m900','674 B1','674 B1',NULL,NULL,NULL,NULL,NULL,NULL,NULL,NULL,NULL,NULL,NULL,NULL,NULL,NULL,NULL,NULL,NULL,NULL,'CAHUICH BE EDER NEFTALY','9841353863','9841791063',0),(150,'uc86afe-yd7n-f3dl-v0mt','efa3c8z-q8d0-wceb-m900','674 C1','674 C1',NULL,NULL,NULL,NULL,NULL,NULL,NULL,NULL,NULL,NULL,NULL,NULL,NULL,NULL,NULL,NULL,NULL,NULL,'CAHUICH BE EDER NEFTALY','9841353863','9841830707',0),(151,'htb509q-lxe5-a0on-9tyt','efa3c8z-q8d0-wceb-m900','738 B1','738 B1',NULL,NULL,NULL,NULL,NULL,NULL,NULL,NULL,NULL,NULL,NULL,NULL,NULL,NULL,NULL,NULL,NULL,NULL,'GONGORA REJON CARLOS','9841838201','9842533594',0),(152,'er61bxu-6f0a-6dpm-mi1s','efa3c8z-q8d0-wceb-m900','738 C1','738 C1',NULL,NULL,NULL,NULL,NULL,NULL,NULL,NULL,NULL,NULL,NULL,NULL,NULL,NULL,NULL,NULL,NULL,NULL,'GONGORA REJON CARLOS','9841838201','9841683992',0),(153,'mrg565n-y6dl-jizp-rju3','efa3c8z-q8d0-wceb-m900','739 B1','739 B1',NULL,NULL,NULL,NULL,NULL,NULL,NULL,NULL,NULL,NULL,NULL,NULL,NULL,NULL,NULL,NULL,NULL,NULL,'GONGORA REJON CARLOS','9841838201','9841424131',0),(154,'aqupo7v-folo-dayt-94tg','efa3c8z-q8d0-wceb-m900','740 B1','740 B1',NULL,NULL,NULL,NULL,NULL,NULL,NULL,NULL,NULL,NULL,NULL,NULL,NULL,NULL,NULL,NULL,NULL,NULL,'GONGORA REJON CARLOS','9841838201','9841154312',0),(155,'asw8cju-1ar1-tsc1-spd2','efa3c8z-q8d0-wceb-m900','740 C1','740 C1',NULL,NULL,NULL,NULL,NULL,NULL,NULL,NULL,NULL,NULL,NULL,NULL,NULL,NULL,NULL,NULL,NULL,NULL,'GONGORA REJON CARLOS','9841838201','9841133727',0),(156,'77aw53p-n6o2-eonf-48bn','efa3c8z-q8d0-wceb-m900','741 B1','741 B1',NULL,NULL,NULL,NULL,NULL,NULL,NULL,NULL,NULL,NULL,NULL,NULL,NULL,NULL,NULL,NULL,NULL,NULL,'GONGORA REJON CARLOS','9841838201','9841162021',0),(157,'natnpc1-onev-5eu0-3f0p','efa3c8z-q8d0-wceb-m900','741 C1','741 C1',NULL,NULL,NULL,NULL,NULL,NULL,NULL,NULL,NULL,NULL,NULL,NULL,NULL,NULL,NULL,NULL,NULL,NULL,'GONGORA REJON CARLOS','9841838201','9848062862',0),(158,'af6zj4g-tt6m-5hjb-apea','efa3c8z-q8d0-wceb-m900','914 B1','914 B1',NULL,NULL,NULL,NULL,NULL,NULL,NULL,NULL,NULL,NULL,NULL,NULL,NULL,NULL,NULL,NULL,NULL,NULL,'GONGORA REJON CARLOS','9841838201','9842162991',0),(159,'45p8w71-7uws-1tx9-5rvz','efa3c8z-q8d0-wceb-m900','915 B1','915 B1',NULL,NULL,NULL,NULL,NULL,NULL,NULL,NULL,NULL,NULL,NULL,NULL,NULL,NULL,NULL,NULL,NULL,NULL,'GONGORA REJON CARLOS','9841838201','9841739322',0),(160,'rm48qmd-whey-zarz-scpp','efa3c8z-q8d0-wceb-m900','910 B1','910 B1',NULL,NULL,NULL,NULL,NULL,NULL,NULL,NULL,NULL,NULL,NULL,NULL,NULL,NULL,NULL,NULL,NULL,NULL,'GONGORA REJON CARLOS','9841838201','9841851860',0),(161,'m0tyrmc-cph7-664m-qd7i','efa3c8z-q8d0-wceb-m900','907 B1','907 B1',NULL,NULL,NULL,NULL,NULL,NULL,NULL,NULL,NULL,NULL,NULL,NULL,NULL,NULL,NULL,NULL,NULL,NULL,'FLORES TREJO MIGUEL ANGEL','9841171994','9841054988',0),(162,'xk628pz-froa-zldn-b9bj','efa3c8z-q8d0-wceb-m900','913 B1','913 B1',NULL,NULL,NULL,NULL,NULL,NULL,NULL,NULL,NULL,NULL,NULL,NULL,NULL,NULL,NULL,NULL,NULL,NULL,'FLORES TREJO MIGUEL ANGEL','9841171994','9841645139',0),(163,'ni4d1wa-scgz-vtpc-177d','efa3c8z-q8d0-wceb-m900','916 B1','916 B1',NULL,NULL,NULL,NULL,NULL,NULL,NULL,NULL,NULL,NULL,NULL,NULL,NULL,NULL,NULL,NULL,NULL,NULL,'FLORES TREJO MIGUEL ANGEL','9841171994','9841822541',0),(164,'bomgfql-jjns-9bpm-laxk','efa3c8z-q8d0-wceb-m900','917 B1','917 B1',NULL,NULL,NULL,NULL,NULL,NULL,NULL,NULL,NULL,NULL,NULL,NULL,NULL,NULL,NULL,NULL,NULL,NULL,'FLORES TREJO MIGUEL ANGEL','9841171994','9841068649',0),(165,'yrejhpt-pfeo-xdj5-9yk8','efa3c8z-q8d0-wceb-m900','918 B1','918 B1',NULL,NULL,NULL,NULL,NULL,NULL,NULL,NULL,NULL,NULL,NULL,NULL,NULL,NULL,NULL,NULL,NULL,NULL,'FLORES TREJO MIGUEL ANGEL','9841171994','9841775369',0),(166,'vuwyf71-8zkw-p8wz-6cp5','efa3c8z-q8d0-wceb-m900','919 B1','919 B1',NULL,NULL,NULL,NULL,NULL,NULL,NULL,NULL,NULL,NULL,NULL,NULL,NULL,NULL,NULL,NULL,NULL,NULL,'FLORES TREJO MIGUEL ANGEL','9841171994','9841322215',0),(167,'dniioff-iwtb-2k3q-a25e','efa3c8z-q8d0-wceb-m900','920 B1','920 B1',NULL,NULL,NULL,NULL,NULL,NULL,NULL,NULL,NULL,NULL,NULL,NULL,NULL,NULL,NULL,NULL,NULL,NULL,'FLORES TREJO MIGUEL ANGEL','9841171994','9842130304',0),(168,'izyfjhl-d3ko-ssud-4m1c','efa3c8z-q8d0-wceb-m900','920 S1','920 S1',NULL,NULL,NULL,NULL,NULL,NULL,NULL,NULL,NULL,NULL,NULL,NULL,NULL,NULL,NULL,NULL,NULL,NULL,'FLORES TREJO MIGUEL ANGEL','9841171994','9841365653',0),(169,'hgdzg78-bjg9-hyhr-nj48','efa3c8z-q8d0-wceb-m900','921 B1','921 B1',NULL,NULL,NULL,NULL,NULL,NULL,NULL,NULL,NULL,NULL,NULL,NULL,NULL,NULL,NULL,NULL,NULL,NULL,'FLORES TREJO MIGUEL ANGEL','9841171994','9841172480',0),(170,'xzb7wg2-xtxs-elf4-4hvk','efa3c8z-q8d0-wceb-m900','922 B1','922 B1',NULL,NULL,NULL,NULL,NULL,NULL,NULL,NULL,NULL,NULL,NULL,NULL,NULL,NULL,NULL,NULL,NULL,NULL,'FLORES TREJO MIGUEL ANGEL','9841171994','9841448218',0),(171,'hzcmnwv-b2n4-dgz8-ej0h','ltgo0ke-0ncb-6k7g-u0cg','734 B1','734 B1',NULL,NULL,NULL,NULL,NULL,NULL,NULL,NULL,NULL,NULL,NULL,NULL,NULL,NULL,NULL,NULL,NULL,NULL,'GARCIA DEL VALLE LUZ MARIA','9841171430','9841160703',0),(172,'3khd8mk-a2gq-hszi-ocmm','ltgo0ke-0ncb-6k7g-u0cg','734 C1','734 C1',NULL,NULL,NULL,NULL,NULL,NULL,NULL,NULL,NULL,NULL,NULL,NULL,NULL,NULL,NULL,NULL,NULL,NULL,'GARCIA DEL VALLE LUZ MARIA','9841171430','9841456635',0),(173,'3xzmdzv-09ue-gjcx-6rmx','ltgo0ke-0ncb-6k7g-u0cg','735 B1','735 B1',NULL,NULL,NULL,NULL,NULL,NULL,NULL,NULL,NULL,NULL,NULL,NULL,NULL,NULL,NULL,NULL,NULL,NULL,'GARCIA DEL VALLE LUZ MARIA','9841171430','9841441126',0),(174,'7l2pppk-jvsa-1htv-rmj3','ltgo0ke-0ncb-6k7g-u0cg','736 B1','736 B1',NULL,NULL,NULL,NULL,NULL,NULL,NULL,NULL,NULL,NULL,NULL,NULL,NULL,NULL,NULL,NULL,NULL,NULL,'GARCIA DEL VALLE LUZ MARIA','9841171430','9841643586',0),(175,'6foxvo4-cwxk-k6t0-2mlm','ltgo0ke-0ncb-6k7g-u0cg','736 C1','736 C1',NULL,NULL,NULL,NULL,NULL,NULL,NULL,NULL,NULL,NULL,NULL,NULL,NULL,NULL,NULL,NULL,NULL,NULL,'GARCIA DEL VALLE LUZ MARIA','9841171430','9841397802',0),(176,'ln7fb3m-oi3a-zdkl-en0q','ltgo0ke-0ncb-6k7g-u0cg','898 B1','898 B1',NULL,NULL,NULL,NULL,NULL,NULL,NULL,NULL,NULL,NULL,NULL,NULL,NULL,NULL,NULL,NULL,NULL,NULL,'GARCIA DEL VALLE LUZ MARIA','9841171430','9841290461',0),(177,'emr84aa-nfgw-hmai-v1gh','ltgo0ke-0ncb-6k7g-u0cg','901 B1','901 B1',NULL,NULL,NULL,NULL,NULL,NULL,NULL,NULL,NULL,NULL,NULL,NULL,NULL,NULL,NULL,NULL,NULL,NULL,'GARCIA DEL VALLE LUZ MARIA','9841171430','5566058081',0),(178,'7685ue4-mlyi-69bg-crf1','ltgo0ke-0ncb-6k7g-u0cg','904 B1','904 B1',NULL,NULL,NULL,NULL,NULL,NULL,NULL,NULL,NULL,NULL,NULL,NULL,NULL,NULL,NULL,NULL,NULL,NULL,'GARCIA DEL VALLE LUZ MARIA','9841171430','9841877253',0),(179,'zty1g0u-2a1h-lgvk-8kvm','ltgo0ke-0ncb-6k7g-u0cg','906 B1','906 B1',NULL,NULL,NULL,NULL,NULL,NULL,NULL,NULL,NULL,NULL,NULL,NULL,NULL,NULL,NULL,NULL,NULL,NULL,'GARCIA DEL VALLE LUZ MARIA','9841171430','9841125350',0),(180,'jqjsvzd-1c31-jqca-9kxe','ltgo0ke-0ncb-6k7g-u0cg','912 B1','912 B1',NULL,NULL,NULL,NULL,NULL,NULL,NULL,NULL,NULL,NULL,NULL,NULL,NULL,NULL,NULL,NULL,NULL,NULL,'GARCIA DEL VALLE LUZ MARIA','9841171430','9841183694',0),(181,'4zardv4-q9ts-cgg3-emh0','ltgo0ke-0ncb-6k7g-u0cg','893 B1','893 B1',NULL,NULL,NULL,NULL,NULL,NULL,NULL,NULL,NULL,NULL,NULL,NULL,NULL,NULL,NULL,NULL,NULL,NULL,'LOPEZ LOPEZ ANA GUADALUPE','9841148446','9842541864',0),(182,'h29pubw-hq1l-f8pz-3qal','ltgo0ke-0ncb-6k7g-u0cg','894 B1','894 B1',NULL,NULL,NULL,NULL,NULL,NULL,NULL,NULL,NULL,NULL,NULL,NULL,NULL,NULL,NULL,NULL,NULL,NULL,'LOPEZ LOPEZ ANA GUADALUPE','9841148446','9841585057',0),(183,'zsgz76s-f85j-xwbw-9erf','ltgo0ke-0ncb-6k7g-u0cg','895 B1','895 B1',NULL,NULL,NULL,NULL,NULL,NULL,NULL,NULL,NULL,NULL,NULL,NULL,NULL,NULL,NULL,NULL,NULL,NULL,'LOPEZ LOPEZ ANA GUADALUPE','9841148446','9841284007',0),(184,'qmqace0-gozi-l7dg-rpaj','ltgo0ke-0ncb-6k7g-u0cg','896 B1','896 B1',NULL,NULL,NULL,NULL,NULL,NULL,NULL,NULL,NULL,NULL,NULL,NULL,NULL,NULL,NULL,NULL,NULL,NULL,'LOPEZ LOPEZ ANA GUADALUPE','9841148446','9842042146',0),(185,'evspwax-w1rf-g92a-hcdj','ltgo0ke-0ncb-6k7g-u0cg','897 B1','897 B1',NULL,NULL,NULL,NULL,NULL,NULL,NULL,NULL,NULL,NULL,NULL,NULL,NULL,NULL,NULL,NULL,NULL,NULL,'LOPEZ LOPEZ ANA GUADALUPE','9841148446','9841900823',0),(186,'xk0wm85-t32q-q5ia-og1r','ltgo0ke-0ncb-6k7g-u0cg','899 B1','899 B1',NULL,NULL,NULL,NULL,NULL,NULL,NULL,NULL,NULL,NULL,NULL,NULL,NULL,NULL,NULL,NULL,NULL,NULL,'LOPEZ LOPEZ ANA GUADALUPE','9841148446','9842369360',0),(187,'q42gjxr-vqdp-l0to-u6vq','ltgo0ke-0ncb-6k7g-u0cg','902 B1','902 B1',NULL,NULL,NULL,NULL,NULL,NULL,NULL,NULL,NULL,NULL,NULL,NULL,NULL,NULL,NULL,NULL,NULL,NULL,'LOPEZ LOPEZ ANA GUADALUPE','9841148446','9842550315',0),(188,'2kh6mhh-1td3-wsar-cxji','ltgo0ke-0ncb-6k7g-u0cg','909 B1','909 B1',NULL,NULL,NULL,NULL,NULL,NULL,NULL,NULL,NULL,NULL,NULL,NULL,NULL,NULL,NULL,NULL,NULL,NULL,'LOPEZ LOPEZ ANA GUADALUPE','9841148446','9842111725',0),(189,'tug0yja-scce-po3b-k9u8','ltgo0ke-0ncb-6k7g-u0cg','733 B1','733 B1',NULL,NULL,NULL,NULL,NULL,NULL,NULL,NULL,NULL,NULL,NULL,NULL,NULL,NULL,NULL,NULL,NULL,NULL,'LOPEZ LOPEZ ANA GUADALUPE','9841148446','9842479907',0),(190,'269vosd-d8py-26p4-ah0w','ltgo0ke-0ncb-6k7g-u0cg','733 C1','733 C1',NULL,NULL,NULL,NULL,NULL,NULL,NULL,NULL,NULL,NULL,NULL,NULL,NULL,NULL,NULL,NULL,NULL,NULL,'LOPEZ LOPEZ ANA GUADALUPE','9841148446','9842132894',0),(191,'61dt3sb-bkcl-mxiz-w108','ltgo0ke-0ncb-6k7g-u0cg','888 B1','888 B1',NULL,NULL,NULL,NULL,NULL,NULL,NULL,NULL,NULL,NULL,NULL,NULL,NULL,NULL,NULL,NULL,NULL,NULL,'AGUIRRE COPTO FRANCISCO ALFREDO','9842110324','9842553086',0),(192,'3lu8v93-o8d1-30hj-7kja','ltgo0ke-0ncb-6k7g-u0cg','888 C1','888 C1',NULL,NULL,NULL,NULL,NULL,NULL,NULL,NULL,NULL,NULL,NULL,NULL,NULL,NULL,NULL,NULL,NULL,NULL,'AGUIRRE COPTO FRANCISCO ALFREDO','9842110324','9841682636',0),(193,'u9beayn-xnt0-8xlg-luu7','ltgo0ke-0ncb-6k7g-u0cg','888 C2','888 C2',NULL,NULL,NULL,NULL,NULL,NULL,NULL,NULL,NULL,NULL,NULL,NULL,NULL,NULL,NULL,NULL,NULL,NULL,'AGUIRRE COPTO FRANCISCO ALFREDO','9842110324','9841452846',0),(194,'lzmhhng-joel-mxnq-6jd0','ltgo0ke-0ncb-6k7g-u0cg','891 B1','891 B1',NULL,NULL,NULL,NULL,NULL,NULL,NULL,NULL,NULL,NULL,NULL,NULL,NULL,NULL,NULL,NULL,NULL,NULL,'AGUIRRE COPTO FRANCISCO ALFREDO','9842110324','9841653882',0),(195,'kj8yt5g-zusl-z1xy-3ty7','ltgo0ke-0ncb-6k7g-u0cg','891 C1','891 C1',NULL,NULL,NULL,NULL,NULL,NULL,NULL,NULL,NULL,NULL,NULL,NULL,NULL,NULL,NULL,NULL,NULL,NULL,'AGUIRRE COPTO FRANCISCO ALFREDO','9842110324','9842086839',0),(196,'yuvmw0b-1xc4-xo9s-xm6z','ltgo0ke-0ncb-6k7g-u0cg','892 B1','892 B1',NULL,NULL,NULL,NULL,NULL,NULL,NULL,NULL,NULL,NULL,NULL,NULL,NULL,NULL,NULL,NULL,NULL,NULL,'AGUIRRE COPTO FRANCISCO ALFREDO','9842110324','9841339393',0),(197,'0snst3e-pthv-yxsn-uk56','ltgo0ke-0ncb-6k7g-u0cg','892 C1','892 C1',NULL,NULL,NULL,NULL,NULL,NULL,NULL,NULL,NULL,NULL,NULL,NULL,NULL,NULL,NULL,NULL,NULL,NULL,'AGUIRRE COPTO FRANCISCO ALFREDO','9842110324','9842351800',0),(198,'o9elzex-pme1-3jah-ibt7','ltgo0ke-0ncb-6k7g-u0cg','892 C2','892 C2',NULL,NULL,NULL,NULL,NULL,NULL,NULL,NULL,NULL,NULL,NULL,NULL,NULL,NULL,NULL,NULL,NULL,NULL,'AGUIRRE COPTO FRANCISCO ALFREDO','9842110324','9841140579',0),(199,'897i00x-yw2t-ha8u-o00n','ltgo0ke-0ncb-6k7g-u0cg','890 B1','890 B1',NULL,NULL,NULL,NULL,NULL,NULL,NULL,NULL,NULL,NULL,NULL,NULL,NULL,NULL,NULL,NULL,NULL,NULL,'AGUIRRE COPTO FRANCISCO ALFREDO','9842110324','9988961401',0),(200,'bsjg30h-swsu-t7ov-eoz2','ltgo0ke-0ncb-6k7g-u0cg','890 C1','890 C1',NULL,NULL,NULL,NULL,NULL,NULL,NULL,NULL,NULL,NULL,NULL,NULL,NULL,NULL,NULL,NULL,NULL,NULL,'AGUIRRE COPTO FRANCISCO ALFREDO','9842110324','9848075374',0),(201,'k0elkqn-fxe4-71kh-utlp','ltgo0ke-0ncb-6k7g-u0cg','881 B1','881 B1',NULL,NULL,NULL,NULL,NULL,NULL,NULL,NULL,NULL,NULL,NULL,NULL,NULL,NULL,NULL,NULL,NULL,NULL,'ZAMORA RODRIGUEZ CLAUDIA','9841816761','9842124415',0),(202,'8m1ofdj-vrsf-kjdh-u4di','ltgo0ke-0ncb-6k7g-u0cg','881 C1','881 C1',NULL,NULL,NULL,NULL,NULL,NULL,NULL,NULL,NULL,NULL,NULL,NULL,NULL,NULL,NULL,NULL,NULL,NULL,'ZAMORA RODRIGUEZ CLAUDIA','9841816761','9841575863',0),(203,'0m6j4z7-weg8-904p-ls94','ltgo0ke-0ncb-6k7g-u0cg','881 C2','881 C2',NULL,NULL,NULL,NULL,NULL,NULL,NULL,NULL,NULL,NULL,NULL,NULL,NULL,NULL,NULL,NULL,NULL,NULL,'ZAMORA RODRIGUEZ CLAUDIA','9841816761','9842089145',0),(204,'50ia44s-7823-0m3x-s1ey','ltgo0ke-0ncb-6k7g-u0cg','883 B1','883 B1',NULL,NULL,NULL,NULL,NULL,NULL,NULL,NULL,NULL,NULL,NULL,NULL,NULL,NULL,NULL,NULL,NULL,NULL,'ZAMORA RODRIGUEZ CLAUDIA','9841816761','9841888788',0),(205,'paa38l9-ak9u-nshy-o7y1','gok0yge-fxq2-budp-hqbm','883 C1','883 C1',NULL,NULL,NULL,NULL,NULL,NULL,NULL,NULL,NULL,NULL,NULL,NULL,NULL,NULL,NULL,NULL,NULL,NULL,'ZAMORA RODRIGUEZ CLAUDIA','9841816761','9841009290',0),(206,'for3vao-k816-2sky-njxg','gok0yge-fxq2-budp-hqbm','887 B1','887 B1',NULL,NULL,NULL,NULL,NULL,NULL,NULL,NULL,NULL,NULL,NULL,NULL,NULL,NULL,NULL,NULL,NULL,NULL,'ZAMORA RODRIGUEZ CLAUDIA','9841816761','9841680604',0),(207,'5v3ik35-wlfh-gog6-06ls','gok0yge-fxq2-budp-hqbm','889 B1','889 B1',NULL,NULL,NULL,NULL,NULL,NULL,NULL,NULL,NULL,NULL,NULL,NULL,NULL,NULL,NULL,NULL,NULL,NULL,'ZAMORA RODRIGUEZ CLAUDIA','9841816761','9842280527',0),(208,'rqmwihy-x1s9-kdxf-hfl1','gok0yge-fxq2-budp-hqbm','889 C1','889 C1',NULL,NULL,NULL,NULL,NULL,NULL,NULL,NULL,NULL,NULL,NULL,NULL,NULL,NULL,NULL,NULL,NULL,NULL,'ZAMORA RODRIGUEZ CLAUDIA','9841816761','9841342552',0),(209,'m0wrw2o-kvqu-a8hl-f152','gok0yge-fxq2-budp-hqbm','885 B1','885 B1',NULL,NULL,NULL,NULL,NULL,NULL,NULL,NULL,NULL,NULL,NULL,NULL,NULL,NULL,NULL,NULL,NULL,NULL,'ZAMORA RODRIGUEZ CLAUDIA','9841816761','9842085933',0),(210,'2at6h3s-nsnx-8qa8-sdzl','gok0yge-fxq2-budp-hqbm','885 C1','885 C1',NULL,NULL,NULL,NULL,NULL,NULL,NULL,NULL,NULL,NULL,NULL,NULL,NULL,NULL,NULL,NULL,NULL,NULL,'ZAMORA RODRIGUEZ CLAUDIA','9841816761','9841374128',0),(211,'txtvk6z-2x23-x921-519s','gok0yge-fxq2-budp-hqbm','880 B1','880 B1',NULL,NULL,NULL,NULL,NULL,NULL,NULL,NULL,NULL,NULL,NULL,NULL,NULL,NULL,NULL,NULL,NULL,NULL,'HERNANDEZ CASTRO GEORGINA','9841512948','9841513085',0),(212,'5pwd8c0-zw0d-cmwm-69yy','gok0yge-fxq2-budp-hqbm','880 C1','880 C1',NULL,NULL,NULL,NULL,NULL,NULL,NULL,NULL,NULL,NULL,NULL,NULL,NULL,NULL,NULL,NULL,NULL,NULL,'HERNANDEZ CASTRO GEORGINA','9841512948','9841698458',0),(213,'qamiml4-vqic-wmcj-7d0i','gok0yge-fxq2-budp-hqbm','882 B1','882 B1',NULL,NULL,NULL,NULL,NULL,NULL,NULL,NULL,NULL,NULL,NULL,NULL,NULL,NULL,NULL,NULL,NULL,NULL,'HERNANDEZ CASTRO GEORGINA','9841512948','9841392084',0),(214,'tm5d106-zadk-2gpi-4f31','gok0yge-fxq2-budp-hqbm','882 C1','882 C1',NULL,NULL,NULL,NULL,NULL,NULL,NULL,NULL,NULL,NULL,NULL,NULL,NULL,NULL,NULL,NULL,NULL,NULL,'HERNANDEZ CASTRO GEORGINA','9841512948','9842343652',0),(215,'ks0n01t-adoi-kjom-cy3g','gok0yge-fxq2-budp-hqbm','884 B1','884 B1',NULL,NULL,NULL,NULL,NULL,NULL,NULL,NULL,NULL,NULL,NULL,NULL,NULL,NULL,NULL,NULL,NULL,NULL,'HERNANDEZ CASTRO GEORGINA','9841512948','9842478657',0),(216,'6rsz8s1-d1x3-g33m-b9nm','gok0yge-fxq2-budp-hqbm','884 C1','884 C1',NULL,NULL,NULL,NULL,NULL,NULL,NULL,NULL,NULL,NULL,NULL,NULL,NULL,NULL,NULL,NULL,NULL,NULL,'HERNANDEZ CASTRO GEORGINA','9841512948','9841509085',0),(217,'i1l67yi-jgjz-72lu-080x','gok0yge-fxq2-budp-hqbm','886 B1','886 B1',NULL,NULL,NULL,NULL,NULL,NULL,NULL,NULL,NULL,NULL,NULL,NULL,NULL,NULL,NULL,NULL,NULL,NULL,'HERNANDEZ CASTRO GEORGINA','9841512948','9842147182',0),(218,'2s0zm9v-gc59-sxrx-7alp','gok0yge-fxq2-budp-hqbm','886 C1','886 C1',NULL,NULL,NULL,NULL,NULL,NULL,NULL,NULL,NULL,NULL,NULL,NULL,NULL,NULL,NULL,NULL,NULL,NULL,'HERNANDEZ CASTRO GEORGINA','9841512948','9831095819',0),(219,'o9lbt9z-dl3c-g8mz-wvhx','gok0yge-fxq2-budp-hqbm','879 B1','879 B1',NULL,NULL,NULL,NULL,NULL,NULL,NULL,NULL,NULL,NULL,NULL,NULL,NULL,NULL,NULL,NULL,NULL,NULL,'HERNANDEZ CASTRO GEORGINA','9841512948','9841772709',0),(220,'3wk3ox3-sme8-4v16-9ie8','gok0yge-fxq2-budp-hqbm','879 C1','879 C1',NULL,NULL,NULL,NULL,NULL,NULL,NULL,NULL,NULL,NULL,NULL,NULL,NULL,NULL,NULL,NULL,NULL,NULL,'HERNANDEZ CASTRO GEORGINA','9841512948','9841976033',0),(221,'lcs1r5v-kq7n-46hl-ojuj','gok0yge-fxq2-budp-hqbm','876 B1','876 B1',NULL,NULL,NULL,NULL,NULL,NULL,NULL,NULL,NULL,NULL,NULL,NULL,NULL,NULL,NULL,NULL,NULL,NULL,'MORENO VILLEGAS CARLOS ANTONIO','9841784614','9845932901',0),(222,'ay0lywy-a433-ryli-in28','gok0yge-fxq2-budp-hqbm','876 C1','876 C1',NULL,NULL,NULL,NULL,NULL,NULL,NULL,NULL,NULL,NULL,NULL,NULL,NULL,NULL,NULL,NULL,NULL,NULL,'MORENO VILLEGAS CARLOS ANTONIO','9841784614','9841987654',0),(223,'xsmhm0g-s8ja-mtq8-5yjh','gok0yge-fxq2-budp-hqbm','876 C2','876 C2',NULL,NULL,NULL,NULL,NULL,NULL,NULL,NULL,NULL,NULL,NULL,NULL,NULL,NULL,NULL,NULL,NULL,NULL,'MORENO VILLEGAS CARLOS ANTONIO','9841784614','9841156890',0),(224,'u4p4jr1-gizi-hqhy-2bfu','gok0yge-fxq2-budp-hqbm','876 C3','876 C3',NULL,NULL,NULL,NULL,NULL,NULL,NULL,NULL,NULL,NULL,NULL,NULL,NULL,NULL,NULL,NULL,NULL,NULL,'MORENO VILLEGAS CARLOS ANTONIO','9841784614','9841964165',0),(225,'or3itlk-83ot-ydjm-6f3t','gok0yge-fxq2-budp-hqbm','876 C4','876 C4',NULL,NULL,NULL,NULL,NULL,NULL,NULL,NULL,NULL,NULL,NULL,NULL,NULL,NULL,NULL,NULL,NULL,NULL,'MORENO VILLEGAS CARLOS ANTONIO','9841784614','9842381370',0),(226,'gg8zsmw-yxvo-vi66-lvme','gok0yge-fxq2-budp-hqbm','876 C5','876 C5',NULL,NULL,NULL,NULL,NULL,NULL,NULL,NULL,NULL,NULL,NULL,NULL,NULL,NULL,NULL,NULL,NULL,NULL,'MORENO VILLEGAS CARLOS ANTONIO','9841784614','9841259758',0),(227,'2igfdyf-bz0a-fku2-fcj8','gok0yge-fxq2-budp-hqbm','877 B1','877 B1',NULL,NULL,NULL,NULL,NULL,NULL,NULL,NULL,NULL,NULL,NULL,NULL,NULL,NULL,NULL,NULL,NULL,NULL,'MORENO VILLEGAS CARLOS ANTONIO','9841784614','9842185440',0),(228,'sqewqmx-g22v-vf6o-0760','gok0yge-fxq2-budp-hqbm','877 C1','877 C1',NULL,NULL,NULL,NULL,NULL,NULL,NULL,NULL,NULL,NULL,NULL,NULL,NULL,NULL,NULL,NULL,NULL,NULL,'MORENO VILLEGAS CARLOS ANTONIO','9841784614','9841174317',0),(229,'oay2s96-ha0n-upaq-k42q','gok0yge-fxq2-budp-hqbm','878 B1','878 B1',NULL,NULL,NULL,NULL,NULL,NULL,NULL,NULL,NULL,NULL,NULL,NULL,NULL,NULL,NULL,NULL,NULL,NULL,'MORENO VILLEGAS CARLOS ANTONIO','9841784614','9841065927',0),(230,'8dtjjzw-m6bv-x37n-1hq5','gok0yge-fxq2-budp-hqbm','878 C1','878 C1',NULL,NULL,NULL,NULL,NULL,NULL,NULL,NULL,NULL,NULL,NULL,NULL,NULL,NULL,NULL,NULL,NULL,NULL,'MORENO VILLEGAS CARLOS ANTONIO','9841784614','9842331884',0),(231,'8cbodf3-q5sc-3o0f-61ar','gok0yge-fxq2-budp-hqbm','874 B1','874 B1',NULL,NULL,NULL,NULL,NULL,NULL,NULL,NULL,NULL,NULL,NULL,NULL,NULL,NULL,NULL,NULL,NULL,NULL,'KOH SOBERANIS KARLA BEATRIZ','9982318568','9848762743',0),(232,'c0nnlce-oy5d-mq15-g1wq','gok0yge-fxq2-budp-hqbm','874 C1','874 C1',NULL,NULL,NULL,NULL,NULL,NULL,NULL,NULL,NULL,NULL,NULL,NULL,NULL,NULL,NULL,NULL,NULL,NULL,'KOH SOBERANIS KARLA BEATRIZ','9982318568','9841199033',0),(233,'k7rb9hd-eo0z-8gyx-12ed','gok0yge-fxq2-budp-hqbm','874 C2','874 C2',NULL,NULL,NULL,NULL,NULL,NULL,NULL,NULL,NULL,NULL,NULL,NULL,NULL,NULL,NULL,NULL,NULL,NULL,'KOH SOBERANIS KARLA BEATRIZ','9982318568','9841083928',0),(234,'12ez1re-dyg9-nvba-jjuf','gok0yge-fxq2-budp-hqbm','874 C3','874 C3',NULL,NULL,NULL,NULL,NULL,NULL,NULL,NULL,NULL,NULL,NULL,NULL,NULL,NULL,NULL,NULL,NULL,NULL,'KOH SOBERANIS KARLA BEATRIZ','9982318568','9831218980',0),(235,'kb6bd07-j35u-i0gh-7bk0','gok0yge-fxq2-budp-hqbm','874 C4','874 C4',NULL,NULL,NULL,NULL,NULL,NULL,NULL,NULL,NULL,NULL,NULL,NULL,NULL,NULL,NULL,NULL,NULL,NULL,'KOH SOBERANIS KARLA BEATRIZ','9982318568','9981697206',0),(236,'2o0i014-7qyc-2ayf-8fiv','gok0yge-fxq2-budp-hqbm','874 C5','874 C5',NULL,NULL,NULL,NULL,NULL,NULL,NULL,NULL,NULL,NULL,NULL,NULL,NULL,NULL,NULL,NULL,NULL,NULL,'CHI CAL OLGA LIDIA','9841250040','9841573997',0),(237,'h1myjjs-hn2o-gsi3-oj4u','gok0yge-fxq2-budp-hqbm','874 C6','874 C6',NULL,NULL,NULL,NULL,NULL,NULL,NULL,NULL,NULL,NULL,NULL,NULL,NULL,NULL,NULL,NULL,NULL,NULL,'CHI CAL OLGA LIDIA','9841250040','9992611188',0),(238,'9fgo3u3-v6l4-ws0v-ca0b','gok0yge-fxq2-budp-hqbm','874 C7','874 C7',NULL,NULL,NULL,NULL,NULL,NULL,NULL,NULL,NULL,NULL,NULL,NULL,NULL,NULL,NULL,NULL,NULL,NULL,'CHI CAL OLGA LIDIA','9841250040','9841366049',0),(239,'776n2f7-tqvp-1jil-9iox','lybzgv0-y0zi-yxn6-bglk','874 C8','874 C8',NULL,NULL,NULL,NULL,NULL,NULL,NULL,NULL,NULL,NULL,NULL,NULL,NULL,NULL,NULL,NULL,NULL,NULL,'CHI CAL OLGA LIDIA','9841250040','5523115442',0),(240,'y15wf84-4a4o-8odi-3wfs','lybzgv0-y0zi-yxn6-bglk','874 C9','874 C9',NULL,NULL,NULL,NULL,NULL,NULL,NULL,NULL,NULL,NULL,NULL,NULL,NULL,NULL,NULL,NULL,NULL,NULL,'CHI CAL OLGA LIDIA','9841250040','9841121868',0),(241,'tmkrvt9-l9g9-zz9f-10i4','lybzgv0-y0zi-yxn6-bglk','874 C10','874 C10',NULL,NULL,NULL,NULL,NULL,NULL,NULL,NULL,NULL,NULL,NULL,NULL,NULL,NULL,NULL,NULL,NULL,NULL,'MORALES VAZQUEZ JOSE ANGEL','9841725731','9842109947',0),(242,'97eakzf-nwnq-rdxk-89ld','lybzgv0-y0zi-yxn6-bglk','874 C11','874 C11',NULL,NULL,NULL,NULL,NULL,NULL,NULL,NULL,NULL,NULL,NULL,NULL,NULL,NULL,NULL,NULL,NULL,NULL,'MORALES VAZQUEZ JOSE ANGEL','9841725731','9841310708',0),(243,'8x7k6pj-kx4c-lvmf-cqc1','lybzgv0-y0zi-yxn6-bglk','874 C12','874 C12',NULL,NULL,NULL,NULL,NULL,NULL,NULL,NULL,NULL,NULL,NULL,NULL,NULL,NULL,NULL,NULL,NULL,NULL,'MORALES VAZQUEZ JOSE ANGEL','9841725731','9841398858',0),(244,'wc9horb-l8e6-o12c-dmfy','lybzgv0-y0zi-yxn6-bglk','874 C13','874 C13',NULL,NULL,NULL,NULL,NULL,NULL,NULL,NULL,NULL,NULL,NULL,NULL,NULL,NULL,NULL,NULL,NULL,NULL,'MORALES VAZQUEZ JOSE ANGEL','9841725731','7711297575',0),(245,'icnvhdf-qn0r-s0te-wuca','lybzgv0-y0zi-yxn6-bglk','874 C14','874 C14',NULL,NULL,NULL,NULL,NULL,NULL,NULL,NULL,NULL,NULL,NULL,NULL,NULL,NULL,NULL,NULL,NULL,NULL,'MORALES VAZQUEZ JOSE ANGEL','9841725731','9841882372',0),(246,'97648qs-a42e-qvq3-68ev','lybzgv0-y0zi-yxn6-bglk','875 B1','875 B1',NULL,NULL,NULL,NULL,NULL,NULL,NULL,NULL,NULL,NULL,NULL,NULL,NULL,NULL,NULL,NULL,NULL,NULL,'PEREZ PALMA MARIBEL','9841059486','9848072609',0),(247,'2s6f22i-olji-9vxw-vws8','lybzgv0-y0zi-yxn6-bglk','875 C1','875 C1',NULL,NULL,NULL,NULL,NULL,NULL,NULL,NULL,NULL,NULL,NULL,NULL,NULL,NULL,NULL,NULL,NULL,NULL,'PEREZ PALMA MARIBEL','9841059486','9841123781',0),(248,'cgo2rb0-hs0f-jgbz-gu88','lybzgv0-y0zi-yxn6-bglk','875 C2','875 C2',NULL,NULL,NULL,NULL,NULL,NULL,NULL,NULL,NULL,NULL,NULL,NULL,NULL,NULL,NULL,NULL,NULL,NULL,'PEREZ PALMA MARIBEL','9841059486','9841533327',0),(249,'4rbzg27-ypff-s657-mcrt','lybzgv0-y0zi-yxn6-bglk','875 C3','875 C3',NULL,NULL,NULL,NULL,NULL,NULL,NULL,NULL,NULL,NULL,NULL,NULL,NULL,NULL,NULL,NULL,NULL,NULL,'PEREZ PALMA MARIBEL','9841059486','9841046854',0),(250,'44cjk80-f2pe-yox1-x7en','lybzgv0-y0zi-yxn6-bglk','875 C4','875 C4',NULL,NULL,NULL,NULL,NULL,NULL,NULL,NULL,NULL,NULL,NULL,NULL,NULL,NULL,NULL,NULL,NULL,NULL,'PEREZ PALMA MARIBEL','9841059486','9842395160',0),(251,'pqdtm0p-4ukt-drvq-r4vb','lybzgv0-y0zi-yxn6-bglk','875 C5','875 C5',NULL,NULL,NULL,NULL,NULL,NULL,NULL,NULL,NULL,NULL,NULL,NULL,NULL,NULL,NULL,NULL,NULL,NULL,'ZAMARRIPA ORTIZ BRENDA BETZABEL','9841761506','9842296515',0),(252,'6l2000i-c8g0-jj55-09b4','lybzgv0-y0zi-yxn6-bglk','875 C6','875 C6',NULL,NULL,NULL,NULL,NULL,NULL,NULL,NULL,NULL,NULL,NULL,NULL,NULL,NULL,NULL,NULL,NULL,NULL,'ZAMARRIPA ORTIZ BRENDA BETZABEL','9841761506','9841760081',0),(253,'tnwvm29-djne-8tiz-pb8g','lybzgv0-y0zi-yxn6-bglk','875 C7','875 C7',NULL,NULL,NULL,NULL,NULL,NULL,NULL,NULL,NULL,NULL,NULL,NULL,NULL,NULL,NULL,NULL,NULL,NULL,'ZAMARRIPA ORTIZ BRENDA BETZABEL','9841761506','9841807696',0),(254,'g4e270i-5sv2-s5fo-ws8b','lybzgv0-y0zi-yxn6-bglk','875 C8','875 C8',NULL,NULL,NULL,NULL,NULL,NULL,NULL,NULL,NULL,NULL,NULL,NULL,NULL,NULL,NULL,NULL,NULL,NULL,'ZAMARRIPA ORTIZ BRENDA BETZABEL','9841761506','7441668140',0),(255,'dun87il-nfq0-ibs5-s1bg','lybzgv0-y0zi-yxn6-bglk','875 C9','875 C9',NULL,NULL,NULL,NULL,NULL,NULL,NULL,NULL,NULL,NULL,NULL,NULL,NULL,NULL,NULL,NULL,NULL,NULL,'ZAMARRIPA ORTIZ BRENDA BETZABEL','9841761506','9375938818',0),(256,'c679537-z920-ma0g-k0m8','lybzgv0-y0zi-yxn6-bglk','875 C10','875 C10',NULL,NULL,NULL,NULL,NULL,NULL,NULL,NULL,NULL,NULL,NULL,NULL,NULL,NULL,NULL,NULL,NULL,NULL,'MENDEZ PEREZ CARLOS ABRAHAM','9841115149','9831242034',0),(257,'attxcsl-av5n-uk0w-mag9','lybzgv0-y0zi-yxn6-bglk','875 C11','875 C11',NULL,NULL,NULL,NULL,NULL,NULL,NULL,NULL,NULL,NULL,NULL,NULL,NULL,NULL,NULL,NULL,NULL,NULL,'MENDEZ PEREZ CARLOS ABRAHAM','9841115149','9841050200',0),(258,'920fjxo-yzon-hrmy-l5hj','lybzgv0-y0zi-yxn6-bglk','875 C12','875 C12',NULL,NULL,NULL,NULL,NULL,NULL,NULL,NULL,NULL,NULL,NULL,NULL,NULL,NULL,NULL,NULL,NULL,NULL,'MENDEZ PEREZ CARLOS ABRAHAM','9841115149','9841544539',0),(259,'z19bp3h-vwaj-lavu-5bxs','lybzgv0-y0zi-yxn6-bglk','875 C13','875 C13',NULL,NULL,NULL,NULL,NULL,NULL,NULL,NULL,NULL,NULL,NULL,NULL,NULL,NULL,NULL,NULL,NULL,NULL,'MENDEZ PEREZ CARLOS ABRAHAM','9841115149','9842321734',0),(260,'s46lvpi-9c99-23i0-s5a5','lybzgv0-y0zi-yxn6-bglk','875 C14','875 C14',NULL,NULL,NULL,NULL,NULL,NULL,NULL,NULL,NULL,NULL,NULL,NULL,NULL,NULL,NULL,NULL,NULL,NULL,'MENDEZ PEREZ CARLOS ABRAHAM','9841115149','9841143343',0),(261,'82fo8ba-4i6d-7s8j-q40s','lybzgv0-y0zi-yxn6-bglk','875 C15','875 C15',NULL,NULL,NULL,NULL,NULL,NULL,NULL,NULL,NULL,NULL,NULL,NULL,NULL,NULL,NULL,NULL,NULL,NULL,'AVILA VAZQUEZ CARLOS ENRIQUE','9841761505','9841870025',0),(262,'gxkv1eb-yqx6-40w1-w13c','lybzgv0-y0zi-yxn6-bglk','875 C16','875 C16',NULL,NULL,NULL,NULL,NULL,NULL,NULL,NULL,NULL,NULL,NULL,NULL,NULL,NULL,NULL,NULL,NULL,NULL,'AVILA VAZQUEZ CARLOS ENRIQUE','9841761505','9841684953',0),(263,'eeuw0xg-3c31-1dyt-qy99','lybzgv0-y0zi-yxn6-bglk','875 C17','875 C17',NULL,NULL,NULL,NULL,NULL,NULL,NULL,NULL,NULL,NULL,NULL,NULL,NULL,NULL,NULL,NULL,NULL,NULL,'AVILA VAZQUEZ CARLOS ENRIQUE','9841761505','9841883347',0),(264,'0dm8d65-a1p9-lceb-oytu','lybzgv0-y0zi-yxn6-bglk','875 C18','875 C18',NULL,NULL,NULL,NULL,NULL,NULL,NULL,NULL,NULL,NULL,NULL,NULL,NULL,NULL,NULL,NULL,NULL,NULL,'AVILA VAZQUEZ CARLOS ENRIQUE','9841761505','9841681555',0),(265,'kao8uqd-j51a-u5e3-jtcr','lybzgv0-y0zi-yxn6-bglk','875 C19','875 C19',NULL,NULL,NULL,NULL,NULL,NULL,NULL,NULL,NULL,NULL,NULL,NULL,NULL,NULL,NULL,NULL,NULL,NULL,'AVILA VAZQUEZ CARLOS ENRIQUE','9841761505','5523015572',0),(266,'moq6ier-fw8g-wk82-4wfg','lybzgv0-y0zi-yxn6-bglk','875 C20','875 C20',NULL,NULL,NULL,NULL,NULL,NULL,NULL,NULL,NULL,NULL,NULL,NULL,NULL,NULL,NULL,NULL,NULL,NULL,'MEDINA MEX EDGAR ANTONIO','9841281401','9841443696',0),(267,'ji5330c-e2aw-uds3-6rkx','lybzgv0-y0zi-yxn6-bglk','875 C21','875 C21',NULL,NULL,NULL,NULL,NULL,NULL,NULL,NULL,NULL,NULL,NULL,NULL,NULL,NULL,NULL,NULL,NULL,NULL,'MEDINA MEX EDGAR ANTONIO','9841281401','9841816365',0),(268,'tx0suvm-sc37-xk3k-2se2','lybzgv0-y0zi-yxn6-bglk','875 C22','875 C22',NULL,NULL,NULL,NULL,NULL,NULL,NULL,NULL,NULL,NULL,NULL,NULL,NULL,NULL,NULL,NULL,NULL,NULL,'MEDINA MEX EDGAR ANTONIO','9841281401','9841070612',0),(269,'c2lejcg-117c-hla3-bjvv','lybzgv0-y0zi-yxn6-bglk','875 C23','875 C23',NULL,NULL,NULL,NULL,NULL,NULL,NULL,NULL,NULL,NULL,NULL,NULL,NULL,NULL,NULL,NULL,NULL,NULL,'MEDINA MEX EDGAR ANTONIO','9841281401','9841312245',0),(270,'re5jz2n-uy41-6zkk-ktxs','lybzgv0-y0zi-yxn6-bglk','875 C24','875 C24',NULL,NULL,NULL,NULL,NULL,NULL,NULL,NULL,NULL,NULL,NULL,NULL,NULL,NULL,NULL,NULL,NULL,NULL,'MEDINA MEX EDGAR ANTONIO','9841281401','9841869018',0),(271,'6vhqrdx-imvq-w09e-bm0n','lybzgv0-y0zi-yxn6-bglk','875 C25','875 C25',NULL,NULL,NULL,NULL,NULL,NULL,NULL,NULL,NULL,NULL,NULL,NULL,NULL,NULL,NULL,NULL,NULL,NULL,'MEDINA MEX EDGAR ANTONIO','9841281401','9842092311',0),(272,'agwl6gb-v7lt-4gsy-ig9v','lybzgv0-y0zi-yxn6-bglk','206 S1','206 S1',NULL,NULL,NULL,NULL,NULL,NULL,NULL,NULL,NULL,NULL,NULL,NULL,NULL,NULL,NULL,NULL,NULL,NULL,'TREJO AGUILAR ROSALBA','9211358322','9981877329',0),(273,'cf1xxke-nrik-186f-yhvb','m8m8rl6-lh3a-n308-idgg','761 B1','761 B1',NULL,NULL,NULL,NULL,NULL,NULL,NULL,NULL,NULL,NULL,NULL,NULL,NULL,NULL,NULL,NULL,NULL,NULL,'TREJO AGUILAR ROSALBA','9211358322','9842084683',0),(274,'19fpj3c-7tjq-mf9r-xu6s','m8m8rl6-lh3a-n308-idgg','762 B1','762 B1',NULL,NULL,NULL,NULL,NULL,NULL,NULL,NULL,NULL,NULL,NULL,NULL,NULL,NULL,NULL,NULL,NULL,NULL,'TREJO AGUILAR ROSALBA','9211358322','9841259040',0),(275,'xn8w0cc-auk3-pqre-sc64','m8m8rl6-lh3a-n308-idgg','762 C1','762 C1',NULL,NULL,NULL,NULL,NULL,NULL,NULL,NULL,NULL,NULL,NULL,NULL,NULL,NULL,NULL,NULL,NULL,NULL,'TREJO AGUILAR ROSALBA','9211358322','9841642407',0),(276,'jqp9htf-duvd-rv5g-x96f','m8m8rl6-lh3a-n308-idgg','763 B1','763 B1',NULL,NULL,NULL,NULL,NULL,NULL,NULL,NULL,NULL,NULL,NULL,NULL,NULL,NULL,NULL,NULL,NULL,NULL,'TREJO AGUILAR ROSALBA','9211358322','9841642457',0),(277,'eecwc59-picf-rcao-bj72','m8m8rl6-lh3a-n308-idgg','763 S1','763 S1',NULL,NULL,NULL,NULL,NULL,NULL,NULL,NULL,NULL,NULL,NULL,NULL,NULL,NULL,NULL,NULL,NULL,NULL,'TREJO AGUILAR ROSALBA','9211358322','9841507225',0),(278,'0boa68i-k80t-pqh7-uqbt','m8m8rl6-lh3a-n308-idgg','764 B1','764 B1',NULL,NULL,NULL,NULL,NULL,NULL,NULL,NULL,NULL,NULL,NULL,NULL,NULL,NULL,NULL,NULL,NULL,NULL,'TREJO AGUILAR ROSALBA','9211358322','9841815495',0),(279,'1lulio2-qsev-oy2i-wmnx','m8m8rl6-lh3a-n308-idgg','764 C1','764 C1',NULL,NULL,NULL,NULL,NULL,NULL,NULL,NULL,NULL,NULL,NULL,NULL,NULL,NULL,NULL,NULL,NULL,NULL,'TREJO AGUILAR ROSALBA','9211358322','9841877405',0),(280,'xp42l8e-258w-p927-obbg','m8m8rl6-lh3a-n308-idgg','765 B1','765 B1',NULL,NULL,NULL,NULL,NULL,NULL,NULL,NULL,NULL,NULL,NULL,NULL,NULL,NULL,NULL,NULL,NULL,NULL,'TREJO AGUILAR ROSALBA','9211358322','9841726096',0),(281,'5ew78dh-453b-op0l-b4l0','m8m8rl6-lh3a-n308-idgg','765 C1','765 C1',NULL,NULL,NULL,NULL,NULL,NULL,NULL,NULL,NULL,NULL,NULL,NULL,NULL,NULL,NULL,NULL,NULL,NULL,'TREJO AGUILAR ROSALBA','9211358322','9841822095',0),(282,'h52a0fe-3tp5-su62-2blm','m8m8rl6-lh3a-n308-idgg','749 B1','749 B1',NULL,NULL,NULL,NULL,NULL,NULL,NULL,NULL,NULL,NULL,NULL,NULL,NULL,NULL,NULL,NULL,NULL,NULL,'VAZQUEZ OVANDO IRENE MERCEDES','9837003122','9841797753',0),(283,'fs3d9j3-gpwu-ujlo-9ndl','m8m8rl6-lh3a-n308-idgg','757 B1','757 B1',NULL,NULL,NULL,NULL,NULL,NULL,NULL,NULL,NULL,NULL,NULL,NULL,NULL,NULL,NULL,NULL,NULL,NULL,'VAZQUEZ OVANDO IRENE MERCEDES','9837003122','9841371716',0),(284,'uxwqezg-rfcc-44fq-y7gh','m8m8rl6-lh3a-n308-idgg','758 B1','758 B1',NULL,NULL,NULL,NULL,NULL,NULL,NULL,NULL,NULL,NULL,NULL,NULL,NULL,NULL,NULL,NULL,NULL,NULL,'VAZQUEZ OVANDO IRENE MERCEDES','9837003122','9841063621',0),(285,'lt4oxus-hvbv-o86o-vl9h','m8m8rl6-lh3a-n308-idgg','759 B1','759 B1',NULL,NULL,NULL,NULL,NULL,NULL,NULL,NULL,NULL,NULL,NULL,NULL,NULL,NULL,NULL,NULL,NULL,NULL,'VAZQUEZ OVANDO IRENE MERCEDES','9837003122','9842551937',0),(286,'2m25wso-qp9x-b5k1-xnoa','m8m8rl6-lh3a-n308-idgg','759 C1','759 C1',NULL,NULL,NULL,NULL,NULL,NULL,NULL,NULL,NULL,NULL,NULL,NULL,NULL,NULL,NULL,NULL,NULL,NULL,'VAZQUEZ OVANDO IRENE MERCEDES','9837003122','9842776336',0),(287,'yeiclv8-cmcj-y47w-2ndd','m8m8rl6-lh3a-n308-idgg','760 B1','760 B1',NULL,NULL,NULL,NULL,NULL,NULL,NULL,NULL,NULL,NULL,NULL,NULL,NULL,NULL,NULL,NULL,NULL,NULL,'VAZQUEZ OVANDO IRENE MERCEDES','9837003122','5518519074',0),(288,'upuxdxv-bqx8-y0hn-981s','m8m8rl6-lh3a-n308-idgg','752 B1','752 B1',NULL,NULL,NULL,NULL,NULL,NULL,NULL,NULL,NULL,NULL,NULL,NULL,NULL,NULL,NULL,NULL,NULL,NULL,'VAZQUEZ OVANDO IRENE MERCEDES','9837003122','9842382389',0),(289,'ue3czyt-0h55-laie-fwei','m8m8rl6-lh3a-n308-idgg','753 B1','753 B1',NULL,NULL,NULL,NULL,NULL,NULL,NULL,NULL,NULL,NULL,NULL,NULL,NULL,NULL,NULL,NULL,NULL,NULL,'VAZQUEZ OVANDO IRENE MERCEDES','9837003122','9841407895',0),(290,'tcu61rb-9mb8-zrfx-yion','m8m8rl6-lh3a-n308-idgg','753 C1','753 C1',NULL,NULL,NULL,NULL,NULL,NULL,NULL,NULL,NULL,NULL,NULL,NULL,NULL,NULL,NULL,NULL,NULL,NULL,'VAZQUEZ OVANDO IRENE MERCEDES','9837003122','9841530377',0),(291,'fw8zk80-dqew-z1z8-qnp7','m8m8rl6-lh3a-n308-idgg','754 B1','754 B1',NULL,NULL,NULL,NULL,NULL,NULL,NULL,NULL,NULL,NULL,NULL,NULL,NULL,NULL,NULL,NULL,NULL,NULL,'VAZQUEZ OVANDO IRENE MERCEDES','9837003122','9841642784',0),(292,'73jlxmq-7fs7-wob7-hc9k','m8m8rl6-lh3a-n308-idgg','743 B1','743 B1',NULL,NULL,NULL,NULL,NULL,NULL,NULL,NULL,NULL,NULL,NULL,NULL,NULL,NULL,NULL,NULL,NULL,NULL,'FLOTA NUÑEZ NANCY ARACELLY','9841209585','9848018537',0),(293,'j9x8jol-qi7u-109s-klrx','m8m8rl6-lh3a-n308-idgg','744 B1','744 B1',NULL,NULL,NULL,NULL,NULL,NULL,NULL,NULL,NULL,NULL,NULL,NULL,NULL,NULL,NULL,NULL,NULL,NULL,'FLOTA NUÑEZ NANCY ARACELLY','9841209585','9841323964',0),(294,'sl882ji-khw2-nszr-koza','m8m8rl6-lh3a-n308-idgg','745 B1','745 B1',NULL,NULL,NULL,NULL,NULL,NULL,NULL,NULL,NULL,NULL,NULL,NULL,NULL,NULL,NULL,NULL,NULL,NULL,'FLOTA NUÑEZ NANCY ARACELLY','9841209585','9841327748',0),(295,'ugieazp-u6je-5w2d-01j5','m8m8rl6-lh3a-n308-idgg','745 C1','745 C1',NULL,NULL,NULL,NULL,NULL,NULL,NULL,NULL,NULL,NULL,NULL,NULL,NULL,NULL,NULL,NULL,NULL,NULL,'FLOTA NUÑEZ NANCY ARACELLY','9841209585','9983155355',0),(296,'qwxjhrw-y2lo-d59f-ixys','m8m8rl6-lh3a-n308-idgg','746 B1','746 B1',NULL,NULL,NULL,NULL,NULL,NULL,NULL,NULL,NULL,NULL,NULL,NULL,NULL,NULL,NULL,NULL,NULL,NULL,'FLOTA NUÑEZ NANCY ARACELLY','9841209585','9841825467',0),(297,'xkyxd4s-al82-8ky7-7nza','m8m8rl6-lh3a-n308-idgg','746 C1','746 C1',NULL,NULL,NULL,NULL,NULL,NULL,NULL,NULL,NULL,NULL,NULL,NULL,NULL,NULL,NULL,NULL,NULL,NULL,'FLOTA NUÑEZ NANCY ARACELLY','9841209585','9842181182',0),(298,'mr7lhj4-anov-fhxy-r7ur','m8m8rl6-lh3a-n308-idgg','747 B1','747 B1',NULL,NULL,NULL,NULL,NULL,NULL,NULL,NULL,NULL,NULL,NULL,NULL,NULL,NULL,NULL,NULL,NULL,NULL,'FLOTA NUÑEZ NANCY ARACELLY','9841209585','9841041435',0),(299,'qr6h93c-51e5-3csh-jta1','m8m8rl6-lh3a-n308-idgg','748 B1','748 B1',NULL,NULL,NULL,NULL,NULL,NULL,NULL,NULL,NULL,NULL,NULL,NULL,NULL,NULL,NULL,NULL,NULL,NULL,'FLOTA NUÑEZ NANCY ARACELLY','9841209585','9842026382',0),(300,'9yrkxfm-9n93-xl9h-aqnu','m8m8rl6-lh3a-n308-idgg','748 C1','748 C1',NULL,NULL,NULL,NULL,NULL,NULL,NULL,NULL,NULL,NULL,NULL,NULL,NULL,NULL,NULL,NULL,NULL,NULL,'FLOTA NUÑEZ NANCY ARACELLY','9841209585','9841089020',0),(301,'k29fufl-fr6i-6b0l-hlv7','m8m8rl6-lh3a-n308-idgg','206 B1','206 B1',NULL,NULL,NULL,NULL,NULL,NULL,NULL,NULL,NULL,NULL,NULL,NULL,NULL,NULL,NULL,NULL,NULL,NULL,'CHAN CHAN ALEJANDRO','9831733396','9841655135',0),(302,'xmke7i6-o8pb-qnxo-ic22','m8m8rl6-lh3a-n308-idgg','206 C1','206 C1',NULL,NULL,NULL,NULL,NULL,NULL,NULL,NULL,NULL,NULL,NULL,NULL,NULL,NULL,NULL,NULL,NULL,NULL,'CHAN CHAN ALEJANDRO','9831733396','9841966535',0),(303,'8cyrw9z-ehiu-zt65-z6qd','m8m8rl6-lh3a-n308-idgg','206 C2','206 C2',NULL,NULL,NULL,NULL,NULL,NULL,NULL,NULL,NULL,NULL,NULL,NULL,NULL,NULL,NULL,NULL,NULL,NULL,'CHAN CHAN ALEJANDRO','9831733396','9841272181',0),(304,'sl056p0-dm5v-k031-zsyi','m8m8rl6-lh3a-n308-idgg','206 C3','206 C3',NULL,NULL,NULL,NULL,NULL,NULL,NULL,NULL,NULL,NULL,NULL,NULL,NULL,NULL,NULL,NULL,NULL,NULL,'CHAN CHAN ALEJANDRO','9831733396','9841799854',0),(305,'a2xfdi4-zz6j-q7gi-a7a0','m8m8rl6-lh3a-n308-idgg','206 C4','206 C4',NULL,NULL,NULL,NULL,NULL,NULL,NULL,NULL,NULL,NULL,NULL,NULL,NULL,NULL,NULL,NULL,NULL,NULL,'CHAN CHAN ALEJANDRO','9831733396','9841649060',0),(306,'plkxgdh-34i6-rvml-nl8s','m8m8rl6-lh3a-n308-idgg','206 C5','206 C5',NULL,NULL,NULL,NULL,NULL,NULL,NULL,NULL,NULL,NULL,NULL,NULL,NULL,NULL,NULL,NULL,NULL,NULL,'CHAN CHAN ALEJANDRO','9831733396','9841657385',0),(307,'yz0zwqz-g8c9-0jv7-38w5','ugnknou-et75-yz96-tg9h','206 C6','206 C6',NULL,NULL,NULL,NULL,NULL,NULL,NULL,NULL,NULL,NULL,NULL,NULL,NULL,NULL,NULL,NULL,NULL,NULL,'CHAN CHAN ALEJANDRO','9831733396','9842035563',0),(308,'m8p7hx8-75a7-1y93-cpad','ugnknou-et75-yz96-tg9h','206 C7','206 C7',NULL,NULL,NULL,NULL,NULL,NULL,NULL,NULL,NULL,NULL,NULL,NULL,NULL,NULL,NULL,NULL,NULL,NULL,'CHAN CHAN ALEJANDRO','9831733396','9848010432',0),(309,'kosp6ah-7o2m-k3r3-a5a7','ugnknou-et75-yz96-tg9h','206 C8','206 C8',NULL,NULL,NULL,NULL,NULL,NULL,NULL,NULL,NULL,NULL,NULL,NULL,NULL,NULL,NULL,NULL,NULL,NULL,'CHAN CHAN ALEJANDRO','9831733396','9842552358',0),(310,'4pv15qn-m7it-kqmx-mxig','ugnknou-et75-yz96-tg9h','206 C9','206 C9',NULL,NULL,NULL,NULL,NULL,NULL,NULL,NULL,NULL,NULL,NULL,NULL,NULL,NULL,NULL,NULL,NULL,NULL,'CHAN CHAN ALEJANDRO','9831733396','9841314698',0),(311,'kktouoz-t8m0-rud0-hpmx','ugnknou-et75-yz96-tg9h','206 C10','206 C10',NULL,NULL,NULL,NULL,NULL,NULL,NULL,NULL,NULL,NULL,NULL,NULL,NULL,NULL,NULL,NULL,NULL,NULL,'MONGE DEL ANGEL ROSA EMILIA','9841678789','9841362730',0),(312,'noy6ju4-97wm-l2t7-wxsk','ugnknou-et75-yz96-tg9h','206 C11','206 C11',NULL,NULL,NULL,NULL,NULL,NULL,NULL,NULL,NULL,NULL,NULL,NULL,NULL,NULL,NULL,NULL,NULL,NULL,'MONGE DEL ANGEL ROSA EMILIA','9841678789','9847456192',0),(313,'xf22qh2-dxig-xpfa-19i5','ugnknou-et75-yz96-tg9h','206 C12','206 C12',NULL,NULL,NULL,NULL,NULL,NULL,NULL,NULL,NULL,NULL,NULL,NULL,NULL,NULL,NULL,NULL,NULL,NULL,'MONGE DEL ANGEL ROSA EMILIA','9841678789','9848073434',0),(314,'85gt593-9hlz-h4un-yu0k','ugnknou-et75-yz96-tg9h','206 C13','206 C13',NULL,NULL,NULL,NULL,NULL,NULL,NULL,NULL,NULL,NULL,NULL,NULL,NULL,NULL,NULL,NULL,NULL,NULL,'MONGE DEL ANGEL ROSA EMILIA','9841678789','9841515431',0),(315,'7t6pwmy-eur5-cjs7-damo','ugnknou-et75-yz96-tg9h','206 C14','206 C14',NULL,NULL,NULL,NULL,NULL,NULL,NULL,NULL,NULL,NULL,NULL,NULL,NULL,NULL,NULL,NULL,NULL,NULL,'MONGE DEL ANGEL ROSA EMILIA','9841678789','9842332877',0),(316,'1nnuvhv-1arz-xjnq-a6ee','ugnknou-et75-yz96-tg9h','750 B1','750 B1',NULL,NULL,NULL,NULL,NULL,NULL,NULL,NULL,NULL,NULL,NULL,NULL,NULL,NULL,NULL,NULL,NULL,NULL,'MONGE DEL ANGEL ROSA EMILIA','9841678789','9842078881',0),(317,'qf0y5q9-9a9r-jor8-97no','ugnknou-et75-yz96-tg9h','751 B1','751 B1',NULL,NULL,NULL,NULL,NULL,NULL,NULL,NULL,NULL,NULL,NULL,NULL,NULL,NULL,NULL,NULL,NULL,NULL,'MONGE DEL ANGEL ROSA EMILIA','9841678789','9841318029',0),(318,'wvyxb9h-c9ve-nfmi-0q3c','ugnknou-et75-yz96-tg9h','755 B1','755 B1',NULL,NULL,NULL,NULL,NULL,NULL,NULL,NULL,NULL,NULL,NULL,NULL,NULL,NULL,NULL,NULL,NULL,NULL,'MONGE DEL ANGEL ROSA EMILIA','9841678789','9841286928',0),(319,'ps48ive-h483-b218-ifav','ugnknou-et75-yz96-tg9h','756 B1','756 B1',NULL,NULL,NULL,NULL,NULL,NULL,NULL,NULL,NULL,NULL,NULL,NULL,NULL,NULL,NULL,NULL,NULL,NULL,'MONGE DEL ANGEL ROSA EMILIA','9841678789','9841663985',0),(320,'km6hyf5-dtg2-5mcl-2xgc','ugnknou-et75-yz96-tg9h','767 B1','767 B1',NULL,NULL,NULL,NULL,NULL,NULL,NULL,NULL,NULL,NULL,NULL,NULL,NULL,NULL,NULL,NULL,NULL,NULL,'HOY CHIMAL JESUS EMMANUEL','9848762448','9841658905',0),(321,'z114s3z-bfok-avr9-00n4','ugnknou-et75-yz96-tg9h','767 C1','767 C1',NULL,NULL,NULL,NULL,NULL,NULL,NULL,NULL,NULL,NULL,NULL,NULL,NULL,NULL,NULL,NULL,NULL,NULL,'HOY CHIMAL JESUS EMMANUEL','9848762448','9841851465',0),(322,'zsqvktw-5wtu-tfrw-8xth','ugnknou-et75-yz96-tg9h','767 C2','767 C2',NULL,NULL,NULL,NULL,NULL,NULL,NULL,NULL,NULL,NULL,NULL,NULL,NULL,NULL,NULL,NULL,NULL,NULL,'HOY CHIMAL JESUS EMMANUEL','9848762448','9842057591',0),(323,'fsnwae9-3xdd-ushd-ooww','ugnknou-et75-yz96-tg9h','769 B1','769 B1',NULL,NULL,NULL,NULL,NULL,NULL,NULL,NULL,NULL,NULL,NULL,NULL,NULL,NULL,NULL,NULL,NULL,NULL,'HOY CHIMAL JESUS EMMANUEL','9848762448','9848040836',0),(324,'n7qf00w-9p28-g624-15ee','ugnknou-et75-yz96-tg9h','769 C1','769 C1',NULL,NULL,NULL,NULL,NULL,NULL,NULL,NULL,NULL,NULL,NULL,NULL,NULL,NULL,NULL,NULL,NULL,NULL,'HOY CHIMAL JESUS EMMANUEL','9848762448','9841294606',0),(325,'hfg66tr-dq99-ekfj-ezvx','ugnknou-et75-yz96-tg9h','770 B1','770 B1',NULL,NULL,NULL,NULL,NULL,NULL,NULL,NULL,NULL,NULL,NULL,NULL,NULL,NULL,NULL,NULL,NULL,NULL,'HOY CHIMAL JESUS EMMANUEL','9848762448','9841865276',0),(326,'yglu1c3-y9rw-99h9-d0qy','ugnknou-et75-yz96-tg9h','770 C1','770 C1',NULL,NULL,NULL,NULL,NULL,NULL,NULL,NULL,NULL,NULL,NULL,NULL,NULL,NULL,NULL,NULL,NULL,NULL,'HOY CHIMAL JESUS EMMANUEL','9848762448','9842042282',0),(327,'dr40657-6tsi-vcvk-vit3','ugnknou-et75-yz96-tg9h','771 B1','771 B1',NULL,NULL,NULL,NULL,NULL,NULL,NULL,NULL,NULL,NULL,NULL,NULL,NULL,NULL,NULL,NULL,NULL,NULL,'HOY CHIMAL JESUS EMMANUEL','9848762448','9841508422',0),(328,'i95llwa-vck9-sj9x-c129','ugnknou-et75-yz96-tg9h','771 C1','771 C1',NULL,NULL,NULL,NULL,NULL,NULL,NULL,NULL,NULL,NULL,NULL,NULL,NULL,NULL,NULL,NULL,NULL,NULL,'HOY CHIMAL JESUS EMMANUEL','9848762448','9841458207',0),(329,'bd66rjy-j217-r07g-zqeb','ugnknou-et75-yz96-tg9h','772 B1','772 B1',NULL,NULL,NULL,NULL,NULL,NULL,NULL,NULL,NULL,NULL,NULL,NULL,NULL,NULL,NULL,NULL,NULL,NULL,'CHIÑA GUTIERREZ MOISES','9841867597','9831658808',0),(330,'z95pken-tf20-pguc-me3e','ugnknou-et75-yz96-tg9h','773 B1','773 B1',NULL,NULL,NULL,NULL,NULL,NULL,NULL,NULL,NULL,NULL,NULL,NULL,NULL,NULL,NULL,NULL,NULL,NULL,'CHIÑA GUTIERREZ MOISES','9841867597','9842383217',0),(331,'hdv4gg1-kuzh-czc1-agwt','ugnknou-et75-yz96-tg9h','773 C1','773 C1',NULL,NULL,NULL,NULL,NULL,NULL,NULL,NULL,NULL,NULL,NULL,NULL,NULL,NULL,NULL,NULL,NULL,NULL,'CHIÑA GUTIERREZ MOISES','9841867597','9841399027',0),(332,'5fjovq6-inuc-7e5x-j0uf','ugnknou-et75-yz96-tg9h','774 B1','774 B1',NULL,NULL,NULL,NULL,NULL,NULL,NULL,NULL,NULL,NULL,NULL,NULL,NULL,NULL,NULL,NULL,NULL,NULL,'CHIÑA GUTIERREZ MOISES','9841867597','9841286525',0),(333,'lltczaf-g0lv-7gfq-7gxd','ugnknou-et75-yz96-tg9h','768 B1','768 B1',NULL,NULL,NULL,NULL,NULL,NULL,NULL,NULL,NULL,NULL,NULL,NULL,NULL,NULL,NULL,NULL,NULL,NULL,'CHIÑA GUTIERREZ MOISES','9841867597','9842803812',0),(334,'w3i64ji-p2y4-u443-14hk','ugnknou-et75-yz96-tg9h','742 B1','742 B1',NULL,NULL,NULL,NULL,NULL,NULL,NULL,NULL,NULL,NULL,NULL,NULL,NULL,NULL,NULL,NULL,NULL,NULL,'JIMENEZ GARCIA ELMER EUCLIDES','9841451712','9848046836',0),(335,'qsuham2-hlx3-mo9c-dawt','ugnknou-et75-yz96-tg9h','766 B1','766 B1',NULL,NULL,NULL,NULL,NULL,NULL,NULL,NULL,NULL,NULL,NULL,NULL,NULL,NULL,NULL,NULL,NULL,NULL,'JIMENEZ GARCIA ELMER EUCLIDES','9841451712','9842106089',0),(336,'rhrjc47-97pc-qggb-wnhl','ugnknou-et75-yz96-tg9h','766 C1','766 C1',NULL,NULL,NULL,NULL,NULL,NULL,NULL,NULL,NULL,NULL,NULL,NULL,NULL,NULL,NULL,NULL,NULL,NULL,'JIMENEZ GARCIA ELMER EUCLIDES','9841451712','9841648687',0),(337,'r8leo0k-u8od-t15s-cm6f','ugnknou-et75-yz96-tg9h','768 C1','768 C1',NULL,NULL,NULL,NULL,NULL,NULL,NULL,NULL,NULL,NULL,NULL,NULL,NULL,NULL,NULL,NULL,NULL,NULL,'MARTIN CEL FRANCISCO JAVIER','9842085967','9841357693',0),(338,'w78hxln-f4fw-2ur4-oiwk','ugnknou-et75-yz96-tg9h','768 C2','768 C2',NULL,NULL,NULL,NULL,NULL,NULL,NULL,NULL,NULL,NULL,NULL,NULL,NULL,NULL,NULL,NULL,NULL,NULL,'MARTIN CEL FRANCISCO JAVIER','9842085967','9841357693',0),(339,'9fivjwn-0i8a-cr1y-rc3e','ugnknou-et75-yz96-tg9h','768 C3','768 C3',NULL,NULL,NULL,NULL,NULL,NULL,NULL,NULL,NULL,NULL,NULL,NULL,NULL,NULL,NULL,NULL,NULL,NULL,'MARTIN CEL FRANCISCO JAVIER','9842085967','9841971939',0),(340,'u3ubck5-xeri-14xp-vgbk','ugnknou-et75-yz96-tg9h','768 C4','768 C4',NULL,NULL,NULL,NULL,NULL,NULL,NULL,NULL,NULL,NULL,NULL,NULL,NULL,NULL,NULL,NULL,NULL,NULL,'MARTIN CEL FRANCISCO JAVIER','9842085967','9841416006',0),(341,'6z8zmkn-t6zc-lqfa-6j6a','ugnknou-et75-yz96-tg9h','768 C5','768 C5',NULL,NULL,NULL,NULL,NULL,NULL,NULL,NULL,NULL,NULL,NULL,NULL,NULL,NULL,NULL,NULL,NULL,NULL,'MARTIN CEL FRANCISCO JAVIER','9842085967','9842345166',0);
/*!40000 ALTER TABLE `xmf_casillas` ENABLE KEYS */;
UNLOCK TABLES;

--
-- Table structure for table `xmf_casillas_incidencias`
--

DROP TABLE IF EXISTS `xmf_casillas_incidencias`;
/*!40101 SET @saved_cs_client     = @@character_set_client */;
/*!40101 SET character_set_client = utf8 */;
CREATE TABLE `xmf_casillas_incidencias` (
  `id` int(10) NOT NULL AUTO_INCREMENT,
  `xmf_casillas_id` int(10) unsigned DEFAULT NULL,
  `xmf_total_incidencias` int(10) unsigned DEFAULT NULL,
  `created` datetime DEFAULT NULL,
  `modified` datetime DEFAULT NULL,
  PRIMARY KEY (`id`)
) ENGINE=InnoDB AUTO_INCREMENT=6 DEFAULT CHARSET=latin1;
/*!40101 SET character_set_client = @saved_cs_client */;

--
-- Dumping data for table `xmf_casillas_incidencias`
--

LOCK TABLES `xmf_casillas_incidencias` WRITE;
/*!40000 ALTER TABLE `xmf_casillas_incidencias` DISABLE KEYS */;
INSERT INTO `xmf_casillas_incidencias` VALUES (1,1,1,'2019-11-30 01:38:42','2019-11-30 01:38:42'),(2,1,1,'2019-11-30 02:18:40','2019-11-30 02:18:40'),(3,1,1,'2019-11-30 02:40:53','2019-11-30 02:40:53'),(4,1,1,'2019-11-30 02:42:50','2019-11-30 02:42:50'),(5,1,1,'2019-12-11 02:38:39','2019-12-11 02:38:39');
/*!40000 ALTER TABLE `xmf_casillas_incidencias` ENABLE KEYS */;
UNLOCK TABLES;

--
-- Table structure for table `xmf_incidencias`
--

DROP TABLE IF EXISTS `xmf_incidencias`;
/*!40101 SET @saved_cs_client     = @@character_set_client */;
/*!40101 SET character_set_client = utf8 */;
CREATE TABLE `xmf_incidencias` (
  `id` int(10) unsigned NOT NULL AUTO_INCREMENT,
  `titulo` text DEFAULT NULL,
  `descripcion` text DEFAULT NULL,
  `created` datetime DEFAULT NULL,
  `modified` datetime DEFAULT NULL,
  PRIMARY KEY (`id`)
) ENGINE=InnoDB AUTO_INCREMENT=17 DEFAULT CHARSET=utf8mb4 COMMENT='TIPO INCIDENCIAS';
/*!40101 SET character_set_client = @saved_cs_client */;

--
-- Dumping data for table `xmf_incidencias`
--

LOCK TABLES `xmf_incidencias` WRITE;
/*!40000 ALTER TABLE `xmf_incidencias` DISABLE KEYS */;
INSERT INTO `xmf_incidencias` VALUES (1,'La casilla se instalo antes de las 7 am.','','2018-04-02 14:02:07','2018-04-02 14:02:07'),(2,'Falto material electoral (Boletas, tinta indeleble, listados nominales).','','2018-04-02 14:02:07','2018-04-02 14:02:07'),(3,'Se impidio el acceso a la casilla a los Representantes de Partido sin causa 8 justificada.','','2018-04-02 14:02:07','2018-04-02 14:02:07'),(4,'Se expulso de la casilla a los Representantes de Partido sin causa 11 justificada.','','2018-04-02 14:02:07','2018-04-02 14:02:07'),(5,'Se instalo la casilla, sin causa justificada, en lugar distinto al seﬁalado por el 14 Consejo Distrital.','','2018-04-02 14:02:07','2018-04-02 14:02:07'),(6,'Se recibio la votacion por personas distintas a las facultadas por la ley.','','2018-04-02 14:02:07','2018-04-02 14:02:07'),(7,'Se permitio sufragar a ciudadanos que no contaban con su credencial para votar con fotografia.','','2018-04-02 14:02:07','2018-04-02 14:02:07'),(8,'Se permitio sufragar a ciudadanos cuyo nombre no aparecio en la Lista Nominal de Electores con fotografia.','','2018-04-02 14:02:07','2018-04-02 14:02:07'),(9,'No se permitio sufragar a ciudadanos que contaban con sentencia favorable del Tribunal Electoral (JDC)','','2018-04-02 14:02:07','2018-04-02 14:02:07'),(10,'Se impidio el ejercicio del derecho al voto a los ciudadanos sin causa justificada.','','2018-04-02 14:02:07','2018-04-02 14:02:07'),(11,'Se ejercio violencia fisica o presién sobre los miembros de la Mesa Directiva de Casilla, Representantes de los Partidos o Electores.','','2018-04-02 14:02:07','2018-04-02 14:02:07'),(12,'Se cerro la votacion antes de las 17:00 horas sin que se hubiera agotado el listado nominal.','','2018-04-02 14:02:07','2018-04-02 14:02:07'),(13,'Medio dolo o error en el computo de los votos, lo cual fue determinante para el resultado de la votacion.','','2018-04-02 14:02:07','2018-04-02 14:02:07'),(14,'Se permitio la presencia de personas no acreditadas en la casilla.','','2018-04-02 14:02:07','2018-04-02 14:02:07'),(15,'Se realizo el escrutinio y computo local diferente al determinado por el Consejo Distrital','','2018-04-02 14:02:07','2018-04-02 14:02:07'),(16,'Exististieron Irregularidades graves, plenamente acreditadas y no reparables durante la jornada electoral','','2018-04-02 14:02:07','2018-04-02 14:02:07');
/*!40000 ALTER TABLE `xmf_incidencias` ENABLE KEYS */;
UNLOCK TABLES;

--
-- Table structure for table `xmf_partidos`
--

DROP TABLE IF EXISTS `xmf_partidos`;
/*!40101 SET @saved_cs_client     = @@character_set_client */;
/*!40101 SET character_set_client = utf8 */;
CREATE TABLE `xmf_partidos` (
  `id` int(10) unsigned NOT NULL AUTO_INCREMENT,
  `nombre` text DEFAULT NULL,
  `formula` text DEFAULT NULL,
  `is_coalicion` tinyint(1) NOT NULL DEFAULT 0,
  `has_parent` tinyint(1) NOT NULL DEFAULT 0,
  `parent_id` int(10) unsigned DEFAULT NULL,
  `is_funcionario` tinyint(1) NOT NULL DEFAULT 0,
  `funcionario_name` char(55) DEFAULT NULL,
  `funcionario_lastname` char(55) DEFAULT NULL,
  `description` text DEFAULT NULL,
  `created` datetime DEFAULT NULL,
  `modified` datetime DEFAULT NULL,
  `bloque` int(11) DEFAULT NULL,
  `orden` int(11) DEFAULT NULL,
  PRIMARY KEY (`id`)
) ENGINE=InnoDB AUTO_INCREMENT=39 DEFAULT CHARSET=utf8mb4 COMMENT='INFORMACION PARTIDOS';
/*!40101 SET character_set_client = @saved_cs_client */;

--
-- Dumping data for table `xmf_partidos`
--

LOCK TABLES `xmf_partidos` WRITE;
/*!40000 ALTER TABLE `xmf_partidos` DISABLE KEYS */;
INSERT INTO `xmf_partidos` VALUES (1,'PAN-PRD-MC','PAN',0,0,NULL,1,'RICARDO','ANAYA CORTES','','2018-04-02 14:02:07','2018-04-02 14:02:07',1,50),(2,'PRI-PVE-PANAL','PRI',0,0,NULL,1,'JOSÉ ANTONIO','MEADE KURIBREÑA','','2018-04-02 14:02:07','2018-04-02 14:02:07',1,51),(3,'PAN-PRD-MC','PRD',0,0,NULL,1,'RICARDO','ANAYA CORTES','','2018-04-02 14:02:07','2018-04-02 14:02:07',1,52),(4,'PRI-PVE-PANAL','PVE',0,0,NULL,1,'JOSÉ ANTONIO','MEADE KURIBREÑA','','2018-04-02 14:02:07','2018-04-02 14:02:07',2,53),(5,'MORENA-PT-PES','PT',0,0,NULL,1,'ANDRÉS MANUEL','LÓPEZ OBRADOR','','2018-04-02 14:02:07','2018-04-02 14:02:07',2,55),(6,'PAN-PRD-MC','MC',0,0,NULL,1,'RICARDO','ANAYA CORTES','','2018-04-02 14:02:07','2018-04-02 14:02:07',2,54),(7,'PRI-PVE-PANAL','PANAL',0,0,NULL,1,'JOSÉ ANTONIO','MEADE KURIBREÑA','','2018-04-02 14:02:07','2018-04-02 14:02:07',3,55),(8,'MORENA-PT-PES','MORENA',0,0,NULL,1,'ANDRÉS MANUEL','LÓPEZ OBRADOR','','2018-04-02 14:02:07','2018-04-02 14:02:07',3,56),(9,'MORENA-PT-PES','PES',0,0,NULL,1,'ANDRÉS MANUEL','LÓPEZ OBRADOR','','2018-04-02 14:02:07','2018-04-02 14:02:07',3,57),(10,'PAN-PRD-MC','PAN PRD MC',1,0,NULL,0,'','','','2018-04-02 14:02:07','2018-04-02 14:02:07',NULL,10),(11,'PAN-PRD-MC','PAN PRD',1,1,10,0,'','','','2018-04-02 14:02:07','2018-04-02 14:02:07',NULL,11),(12,'PAN-PRD-MC','PAN MC',1,1,10,0,'','','','2018-04-02 14:02:07','2018-04-02 14:02:07',NULL,12),(13,'PAN-PRD-MC','PRD MC',1,1,10,0,'','','','2018-04-02 14:02:07','2018-04-02 14:02:07',NULL,13),(14,'PRI-PVE-PANAL','PRI PVE PANAL',1,0,NULL,0,'','','','2018-04-02 14:02:07','2018-04-02 14:02:07',NULL,20),(15,'PRI-PVE-PANAL','PRI PVE',1,1,14,0,'','','','2018-04-02 14:02:07','2018-04-02 14:02:07',NULL,21),(16,'PRI-PVE-PANAL','PRI PANAL',1,1,14,0,'','','','2018-04-02 14:02:07','2018-04-02 14:02:07',NULL,22),(17,'PRI-PVE-PANAL','PVE PANAL',1,1,14,0,'','','','2018-04-02 14:02:07','2018-04-02 14:02:07',NULL,23),(18,'Presidente','Presidente',0,0,NULL,1,'name','lastname','','2018-04-02 14:02:07','2018-04-02 14:02:07',4,1),(19,'Secretario','Secretario',0,0,NULL,1,'name','lastname','','2018-04-02 14:02:07','2018-04-02 14:02:07',4,2),(20,'Escrutador I','Escrutador I',0,0,NULL,1,'name','lastname','','2018-04-02 14:02:07','2018-04-02 14:02:07',5,1),(21,'Escrutador II','Escrutador II',0,0,NULL,1,'name','lastname','','2018-04-02 14:02:07','2018-04-02 14:02:07',5,2),(22,'Suplente I','Suplente I',0,0,NULL,1,'name','lastname','','2018-04-02 14:02:07','2018-04-02 14:02:07',6,1),(23,'Suplente II','Suplente II',0,0,NULL,1,'name','lastname','','2018-04-02 14:02:07','2018-04-02 14:02:07',6,2),(24,'Suplente III','Suplente III',0,0,NULL,1,'name','lastname','','2018-04-02 14:02:07','2018-04-02 14:02:07',6,3),(25,'Secretario II','Secretario II',0,0,0,1,NULL,NULL,NULL,NULL,NULL,4,3),(26,'Escrutador III','Escrutador III',0,0,0,1,NULL,NULL,NULL,NULL,NULL,5,3),(27,'MORENA-PT-PES','MORENA PT PES',1,0,NULL,0,'','','','2018-04-17 20:10:46','2018-04-17 20:10:46',NULL,30),(28,'MORENA-PT-PES','MORENA PES',1,1,27,0,'','','','2018-04-17 20:16:57','2018-04-17 20:16:57',NULL,31),(29,'MORENA-PT-PES','MORENA PT',1,1,27,0,'','','','2018-04-17 20:20:15','2018-04-17 20:20:15',NULL,32),(30,'MORENA-PT-PES','PT PES',1,1,27,0,'','','','2018-04-17 20:23:06','2018-04-17 20:23:06',NULL,33),(31,'Margarita Zavala','Margarita Zavala',0,0,0,0,'MARGARITA ESTER','ZAVALA GÓMEZ DEL CAMPO','','2018-04-17 21:14:21','2018-04-17 21:14:21',NULL,61),(32,'Bronco','Bronco',0,0,0,0,'JAIME HELIODORO','RODRÍGUEZ CALDERÓN','','2018-04-17 21:14:29','2018-04-17 21:14:29',NULL,60),(33,'Votos Nulos','Votos Nulos',0,0,0,0,'','','','2018-04-17 21:14:35','2018-04-17 21:14:35',NULL,90),(34,'No Registrados','No Registrados',0,0,0,0,'','','','2018-04-17 21:14:39','2018-04-17 21:14:39',NULL,80),(36,'MORENA-PT','MORENA-PT',1,0,0,0,'LÓPEZ OBRADOR','LÓPEZ OBRADOR',NULL,NULL,NULL,NULL,59),(37,'MORENA-PT','MORENA',0,0,NULL,1,'ANDRÉS MANUEL','LÓPEZ OBRADOR','','2018-04-02 14:02:07','2018-04-02 14:02:07',3,56),(38,'MORENA-PT','PT',0,0,NULL,1,'ANDRÉS MANUEL','LÓPEZ OBRADOR','','2018-04-02 14:02:07','2018-04-02 14:02:07',2,55);
/*!40000 ALTER TABLE `xmf_partidos` ENABLE KEYS */;
UNLOCK TABLES;

--
-- Table structure for table `xmf_presences_references`
--

DROP TABLE IF EXISTS `xmf_presences_references`;
/*!40101 SET @saved_cs_client     = @@character_set_client */;
/*!40101 SET character_set_client = utf8 */;
CREATE TABLE `xmf_presences_references` (
  `id` int(10) unsigned NOT NULL AUTO_INCREMENT,
  `xmf_casillas_id` int(10) unsigned NOT NULL,
  `xmf_partidos_id` int(10) unsigned NOT NULL,
  `is_present` tinyint(1) DEFAULT NULL,
  `created` datetime DEFAULT NULL,
  `modified` datetime DEFAULT NULL,
  PRIMARY KEY (`id`)
) ENGINE=InnoDB DEFAULT CHARSET=utf8mb4;
/*!40101 SET character_set_client = @saved_cs_client */;

--
-- Dumping data for table `xmf_presences_references`
--

LOCK TABLES `xmf_presences_references` WRITE;
/*!40000 ALTER TABLE `xmf_presences_references` DISABLE KEYS */;
/*!40000 ALTER TABLE `xmf_presences_references` ENABLE KEYS */;
UNLOCK TABLES;

--
-- Temporary table structure for view `xmf_primer_reporte`
--

DROP TABLE IF EXISTS `xmf_primer_reporte`;
/*!50001 DROP VIEW IF EXISTS `xmf_primer_reporte`*/;
SET @saved_cs_client     = @@character_set_client;
SET character_set_client = utf8;
/*!50001 CREATE TABLE `xmf_primer_reporte` (
  `representante` tinyint NOT NULL,
  `xmf_casillas_id` tinyint NOT NULL,
  `xmf_partidos_id` tinyint NOT NULL,
  `nombre` tinyint NOT NULL,
  `bloque` tinyint NOT NULL,
  `orden` tinyint NOT NULL,
  `is_present` tinyint NOT NULL,
  `casilla` tinyint NOT NULL,
  `lugar_indicado` tinyint NOT NULL,
  `gente_fila` tinyint NOT NULL,
  `nombres_fila` tinyint NOT NULL
) ENGINE=MyISAM */;
SET character_set_client = @saved_cs_client;

--
-- Temporary table structure for view `xmf_primer_reporte_tab`
--

DROP TABLE IF EXISTS `xmf_primer_reporte_tab`;
/*!50001 DROP VIEW IF EXISTS `xmf_primer_reporte_tab`*/;
SET @saved_cs_client     = @@character_set_client;
SET character_set_client = utf8;
/*!50001 CREATE TABLE `xmf_primer_reporte_tab` (
  `xmf_casillas_id` tinyint NOT NULL,
  `name` tinyint NOT NULL,
  `rg_telefono` tinyint NOT NULL,
  `rc_telefono` tinyint NOT NULL
) ENGINE=MyISAM */;
SET character_set_client = @saved_cs_client;

--
-- Temporary table structure for view `xmf_reapers`
--

DROP TABLE IF EXISTS `xmf_reapers`;
/*!50001 DROP VIEW IF EXISTS `xmf_reapers`*/;
SET @saved_cs_client     = @@character_set_client;
SET character_set_client = utf8;
/*!50001 CREATE TABLE `xmf_reapers` (
  `casillas_index` tinyint NOT NULL,
  `name` tinyint NOT NULL,
  `municipio` tinyint NOT NULL,
  `seccion` tinyint NOT NULL,
  `clave_agrupamiento` tinyint NOT NULL,
  `tipo_casilla` tinyint NOT NULL,
  `urbana` tinyint NOT NULL,
  `distrito` tinyint NOT NULL,
  `locacion` tinyint NOT NULL,
  `hora_instalacion` tinyint NOT NULL,
  `hora_inicio` tinyint NOT NULL,
  `hora_cierre` tinyint NOT NULL,
  `nombre` tinyint NOT NULL,
  `formula` tinyint NOT NULL,
  `is_coalicion` tinyint NOT NULL,
  `is_funcionario` tinyint NOT NULL,
  `has_parent` tinyint NOT NULL,
  `parent_id` tinyint NOT NULL,
  `tipo` tinyint NOT NULL,
  `bloque` tinyint NOT NULL,
  `orden` tinyint NOT NULL,
  `id` tinyint NOT NULL,
  `xmf_casillas_id` tinyint NOT NULL,
  `xmf_tipo_votaciones_id` tinyint NOT NULL,
  `xmf_partidos_id` tinyint NOT NULL,
  `votes` tinyint NOT NULL
) ENGINE=MyISAM */;
SET character_set_client = @saved_cs_client;

--
-- Table structure for table `xmf_reports`
--

DROP TABLE IF EXISTS `xmf_reports`;
/*!40101 SET @saved_cs_client     = @@character_set_client */;
/*!40101 SET character_set_client = utf8 */;
CREATE TABLE `xmf_reports` (
  `id` int(10) unsigned NOT NULL AUTO_INCREMENT,
  `xmf_reports_controls_id` int(10) unsigned NOT NULL,
  `xmf_reports_definitions_id` int(10) unsigned NOT NULL,
  `xmf_casillas_id` int(10) unsigned NOT NULL,
  `xmf_partidos_id` int(10) unsigned NOT NULL,
  `xmf_tipo_votaciones_id` int(10) unsigned NOT NULL,
  `created` datetime DEFAULT NULL,
  `modified` datetime DEFAULT NULL,
  `reporte` int(11) DEFAULT NULL,
  PRIMARY KEY (`id`)
) ENGINE=InnoDB DEFAULT CHARSET=utf8mb4;
/*!40101 SET character_set_client = @saved_cs_client */;

--
-- Dumping data for table `xmf_reports`
--

LOCK TABLES `xmf_reports` WRITE;
/*!40000 ALTER TABLE `xmf_reports` DISABLE KEYS */;
/*!40000 ALTER TABLE `xmf_reports` ENABLE KEYS */;
UNLOCK TABLES;

--
-- Table structure for table `xmf_reports_cierre`
--

DROP TABLE IF EXISTS `xmf_reports_cierre`;
/*!40101 SET @saved_cs_client     = @@character_set_client */;
/*!40101 SET character_set_client = utf8 */;
CREATE TABLE `xmf_reports_cierre` (
  `id` int(11) NOT NULL AUTO_INCREMENT,
  `xmf_casillas_id` int(11) NOT NULL,
  `hr_cierre` time DEFAULT NULL,
  `habia_gente_fila` tinyint(2) DEFAULT NULL,
  `votantes` int(11) DEFAULT NULL,
  `promovidos` int(11) DEFAULT NULL,
  `info_validada` tinyint(2) DEFAULT NULL,
  `created` datetime DEFAULT NULL,
  `modified` datetime DEFAULT NULL,
  PRIMARY KEY (`id`)
) ENGINE=InnoDB AUTO_INCREMENT=2 DEFAULT CHARSET=utf8mb4;
/*!40101 SET character_set_client = @saved_cs_client */;

--
-- Dumping data for table `xmf_reports_cierre`
--

LOCK TABLES `xmf_reports_cierre` WRITE;
/*!40000 ALTER TABLE `xmf_reports_cierre` DISABLE KEYS */;
INSERT INTO `xmf_reports_cierre` VALUES (1,1,NULL,NULL,200,20,NULL,'2019-12-11 16:20:00',NULL);
/*!40000 ALTER TABLE `xmf_reports_cierre` ENABLE KEYS */;
UNLOCK TABLES;

--
-- Table structure for table `xmf_reports_config_definitions`
--

DROP TABLE IF EXISTS `xmf_reports_config_definitions`;
/*!40101 SET @saved_cs_client     = @@character_set_client */;
/*!40101 SET character_set_client = utf8 */;
CREATE TABLE `xmf_reports_config_definitions` (
  `id` int(10) unsigned NOT NULL AUTO_INCREMENT,
  `xmf_reports_definitions_id` int(10) unsigned NOT NULL,
  `field_name` char(1) DEFAULT NULL,
  `description` text DEFAULT NULL,
  `created` datetime DEFAULT NULL,
  `modified` datetime DEFAULT NULL,
  PRIMARY KEY (`id`)
) ENGINE=InnoDB DEFAULT CHARSET=utf8mb4;
/*!40101 SET character_set_client = @saved_cs_client */;

--
-- Dumping data for table `xmf_reports_config_definitions`
--

LOCK TABLES `xmf_reports_config_definitions` WRITE;
/*!40000 ALTER TABLE `xmf_reports_config_definitions` DISABLE KEYS */;
/*!40000 ALTER TABLE `xmf_reports_config_definitions` ENABLE KEYS */;
UNLOCK TABLES;

--
-- Table structure for table `xmf_reports_controls`
--

DROP TABLE IF EXISTS `xmf_reports_controls`;
/*!40101 SET @saved_cs_client     = @@character_set_client */;
/*!40101 SET character_set_client = utf8 */;
CREATE TABLE `xmf_reports_controls` (
  `id` int(10) unsigned NOT NULL AUTO_INCREMENT,
  `xmf_reports_id` int(10) unsigned NOT NULL,
  `xmf_users_id` int(10) unsigned NOT NULL,
  `xmf_roles_id` int(10) unsigned NOT NULL,
  `is_user_config` tinyint(1) DEFAULT 0,
  `is_role_config` tinyint(1) DEFAULT 1,
  `xmf_validations_id` int(10) unsigned NOT NULL,
  `created` datetime DEFAULT NULL,
  `modified` datetime DEFAULT NULL,
  PRIMARY KEY (`id`)
) ENGINE=InnoDB DEFAULT CHARSET=utf8mb4;
/*!40101 SET character_set_client = @saved_cs_client */;

--
-- Dumping data for table `xmf_reports_controls`
--

LOCK TABLES `xmf_reports_controls` WRITE;
/*!40000 ALTER TABLE `xmf_reports_controls` DISABLE KEYS */;
/*!40000 ALTER TABLE `xmf_reports_controls` ENABLE KEYS */;
UNLOCK TABLES;

--
-- Table structure for table `xmf_reports_definitions`
--

DROP TABLE IF EXISTS `xmf_reports_definitions`;
/*!40101 SET @saved_cs_client     = @@character_set_client */;
/*!40101 SET character_set_client = utf8 */;
CREATE TABLE `xmf_reports_definitions` (
  `id` int(10) unsigned NOT NULL AUTO_INCREMENT,
  `name` char(50) DEFAULT NULL,
  `description` text DEFAULT NULL,
  `created` datetime DEFAULT NULL,
  `modified` datetime DEFAULT NULL,
  PRIMARY KEY (`id`)
) ENGINE=InnoDB AUTO_INCREMENT=5 DEFAULT CHARSET=utf8mb4;
/*!40101 SET character_set_client = @saved_cs_client */;

--
-- Dumping data for table `xmf_reports_definitions`
--

LOCK TABLES `xmf_reports_definitions` WRITE;
/*!40000 ALTER TABLE `xmf_reports_definitions` DISABLE KEYS */;
INSERT INTO `xmf_reports_definitions` VALUES (1,'first','reporte_primero','2018-04-02 14:02:07','2018-04-02 14:02:07'),(2,'second','reporte_segundo','2018-04-02 14:02:07','2018-04-02 14:02:07'),(3,'third','reporte_tercero','2018-04-02 14:02:07','2018-04-02 14:02:07'),(4,'fourth','reporte_final','2018-04-02 14:02:07','2018-04-02 14:02:07');
/*!40000 ALTER TABLE `xmf_reports_definitions` ENABLE KEYS */;
UNLOCK TABLES;

--
-- Table structure for table `xmf_reports_segundo_tercero`
--

DROP TABLE IF EXISTS `xmf_reports_segundo_tercero`;
/*!40101 SET @saved_cs_client     = @@character_set_client */;
/*!40101 SET character_set_client = utf8 */;
CREATE TABLE `xmf_reports_segundo_tercero` (
  `id` int(11) NOT NULL AUTO_INCREMENT,
  `votantes_segundo` int(11) DEFAULT NULL,
  `promovidos_segundo` int(11) DEFAULT NULL,
  `hr_voto_segundo` time DEFAULT NULL,
  `votantes_tercero` int(11) DEFAULT NULL,
  `promovidos_tercero` int(11) DEFAULT NULL,
  `hr_voto_tercero` time DEFAULT NULL,
  `info_validada` tinyint(2) DEFAULT NULL,
  `created` datetime DEFAULT NULL,
  `modified` datetime DEFAULT NULL,
  `xmf_casillas_id` int(11) DEFAULT NULL,
  PRIMARY KEY (`id`)
) ENGINE=InnoDB AUTO_INCREMENT=6 DEFAULT CHARSET=utf8mb4;
/*!40101 SET character_set_client = @saved_cs_client */;

--
-- Dumping data for table `xmf_reports_segundo_tercero`
--

LOCK TABLES `xmf_reports_segundo_tercero` WRITE;
/*!40000 ALTER TABLE `xmf_reports_segundo_tercero` DISABLE KEYS */;
INSERT INTO `xmf_reports_segundo_tercero` VALUES (2,100,10,NULL,NULL,NULL,NULL,NULL,'2019-11-30 10:00:00','2019-11-30 03:18:10',35),(4,100,10,NULL,NULL,NULL,NULL,NULL,'2019-12-11 10:00:00','2019-12-11 02:40:10',1),(5,NULL,NULL,NULL,150,10,NULL,NULL,'2019-12-11 14:20:00','2019-12-11 02:40:36',1);
/*!40000 ALTER TABLE `xmf_reports_segundo_tercero` ENABLE KEYS */;
UNLOCK TABLES;

--
-- Table structure for table `xmf_tipo_votaciones`
--

DROP TABLE IF EXISTS `xmf_tipo_votaciones`;
/*!40101 SET @saved_cs_client     = @@character_set_client */;
/*!40101 SET character_set_client = utf8 */;
CREATE TABLE `xmf_tipo_votaciones` (
  `id` int(10) unsigned NOT NULL AUTO_INCREMENT,
  `tipo` char(50) DEFAULT NULL,
  `description` text DEFAULT NULL,
  `created` datetime DEFAULT NULL,
  `modified` datetime DEFAULT NULL,
  PRIMARY KEY (`id`)
) ENGINE=InnoDB AUTO_INCREMENT=5 DEFAULT CHARSET=utf8mb4;
/*!40101 SET character_set_client = @saved_cs_client */;

--
-- Dumping data for table `xmf_tipo_votaciones`
--

LOCK TABLES `xmf_tipo_votaciones` WRITE;
/*!40000 ALTER TABLE `xmf_tipo_votaciones` DISABLE KEYS */;
INSERT INTO `xmf_tipo_votaciones` VALUES (1,'Presidente','','2018-04-02 14:02:07','2018-04-02 14:02:07'),(2,'Senador','','2018-04-02 14:02:07','2018-04-02 14:02:07'),(3,'Diputado','','2018-04-02 14:02:07','2018-04-02 14:02:07'),(4,'Ayuntamiento','','2018-04-02 14:02:07','2018-04-02 14:02:07');
/*!40000 ALTER TABLE `xmf_tipo_votaciones` ENABLE KEYS */;
UNLOCK TABLES;

--
-- Table structure for table `xmf_validations`
--

DROP TABLE IF EXISTS `xmf_validations`;
/*!40101 SET @saved_cs_client     = @@character_set_client */;
/*!40101 SET character_set_client = utf8 */;
CREATE TABLE `xmf_validations` (
  `id` int(10) unsigned NOT NULL AUTO_INCREMENT,
  `reports_id` int(10) unsigned NOT NULL,
  `level` tinyint(4) NOT NULL,
  `level_validation` tinyint(1) DEFAULT NULL,
  `created` datetime DEFAULT NULL,
  `modified` datetime DEFAULT NULL,
  PRIMARY KEY (`id`)
) ENGINE=InnoDB DEFAULT CHARSET=utf8mb4;
/*!40101 SET character_set_client = @saved_cs_client */;

--
-- Dumping data for table `xmf_validations`
--

LOCK TABLES `xmf_validations` WRITE;
/*!40000 ALTER TABLE `xmf_validations` DISABLE KEYS */;
/*!40000 ALTER TABLE `xmf_validations` ENABLE KEYS */;
UNLOCK TABLES;

--
-- Table structure for table `xmf_validations_configs`
--

DROP TABLE IF EXISTS `xmf_validations_configs`;
/*!40101 SET @saved_cs_client     = @@character_set_client */;
/*!40101 SET character_set_client = utf8 */;
CREATE TABLE `xmf_validations_configs` (
  `id` int(10) unsigned NOT NULL AUTO_INCREMENT,
  `top_level` tinyint(4) NOT NULL,
  `role_id` char(36) DEFAULT NULL,
  `created` datetime DEFAULT NULL,
  `modified` datetime DEFAULT NULL,
  PRIMARY KEY (`id`)
) ENGINE=InnoDB DEFAULT CHARSET=utf8mb4;
/*!40101 SET character_set_client = @saved_cs_client */;

--
-- Dumping data for table `xmf_validations_configs`
--

LOCK TABLES `xmf_validations_configs` WRITE;
/*!40000 ALTER TABLE `xmf_validations_configs` DISABLE KEYS */;
/*!40000 ALTER TABLE `xmf_validations_configs` ENABLE KEYS */;
UNLOCK TABLES;

--
-- Table structure for table `xmf_validations_logs`
--

DROP TABLE IF EXISTS `xmf_validations_logs`;
/*!40101 SET @saved_cs_client     = @@character_set_client */;
/*!40101 SET character_set_client = utf8 */;
CREATE TABLE `xmf_validations_logs` (
  `id` int(10) unsigned NOT NULL AUTO_INCREMENT,
  `xmf_reports_id` int(10) unsigned NOT NULL,
  `xmf_validations_id` int(10) unsigned NOT NULL,
  `xmf_validations_configs_id` int(10) unsigned NOT NULL,
  `level` tinyint(4) NOT NULL,
  `level_validation` tinyint(1) DEFAULT NULL,
  `created` datetime DEFAULT NULL,
  `modified` datetime DEFAULT NULL,
  PRIMARY KEY (`id`)
) ENGINE=InnoDB DEFAULT CHARSET=utf8mb4;
/*!40101 SET character_set_client = @saved_cs_client */;

--
-- Dumping data for table `xmf_validations_logs`
--

LOCK TABLES `xmf_validations_logs` WRITE;
/*!40000 ALTER TABLE `xmf_validations_logs` DISABLE KEYS */;
/*!40000 ALTER TABLE `xmf_validations_logs` ENABLE KEYS */;
UNLOCK TABLES;

--
-- Temporary table structure for view `xmf_view_count_header`
--

DROP TABLE IF EXISTS `xmf_view_count_header`;
/*!50001 DROP VIEW IF EXISTS `xmf_view_count_header`*/;
SET @saved_cs_client     = @@character_set_client;
SET character_set_client = utf8;
/*!50001 CREATE TABLE `xmf_view_count_header` (
  `status` tinyint NOT NULL,
  `rg_id` tinyint NOT NULL,
  `presencias` tinyint NOT NULL,
  `ausencias` tinyint NOT NULL,
  `instaladas` tinyint NOT NULL,
  `abiertas` tinyint NOT NULL,
  `cerradas` tinyint NOT NULL
) ENGINE=MyISAM */;
SET character_set_client = @saved_cs_client;

--
-- Temporary table structure for view `xmf_view_reporte_segundos_terceros`
--

DROP TABLE IF EXISTS `xmf_view_reporte_segundos_terceros`;
/*!50001 DROP VIEW IF EXISTS `xmf_view_reporte_segundos_terceros`*/;
SET @saved_cs_client     = @@character_set_client;
SET character_set_client = utf8;
/*!50001 CREATE TABLE `xmf_view_reporte_segundos_terceros` (
  `xmf_casillas_id` tinyint NOT NULL,
  `name` tinyint NOT NULL,
  `votantes_segundo` tinyint NOT NULL,
  `promovidos_segundo` tinyint NOT NULL,
  `votantes_tercero` tinyint NOT NULL,
  `promovidos_tercero` tinyint NOT NULL,
  `is_twelve` tinyint NOT NULL,
  `is_thirdteen` tinyint NOT NULL
) ENGINE=MyISAM */;
SET character_set_client = @saved_cs_client;

--
-- Table structure for table `xmf_votes`
--

DROP TABLE IF EXISTS `xmf_votes`;
/*!40101 SET @saved_cs_client     = @@character_set_client */;
/*!40101 SET character_set_client = utf8 */;
CREATE TABLE `xmf_votes` (
  `id` int(10) unsigned NOT NULL AUTO_INCREMENT,
  `xmf_casillas_id` int(10) unsigned NOT NULL,
  `xmf_tipo_votaciones_id` int(10) unsigned NOT NULL,
  `xmf_partidos_id` int(10) unsigned NOT NULL,
  `votes` int(10) unsigned NOT NULL,
  `created` datetime DEFAULT NULL,
  `modified` datetime DEFAULT NULL,
  PRIMARY KEY (`id`)
) ENGINE=InnoDB AUTO_INCREMENT=20 DEFAULT CHARSET=utf8mb4;
/*!40101 SET character_set_client = @saved_cs_client */;

--
-- Dumping data for table `xmf_votes`
--

LOCK TABLES `xmf_votes` WRITE;
/*!40000 ALTER TABLE `xmf_votes` DISABLE KEYS */;
INSERT INTO `xmf_votes` VALUES (1,1,4,1,500,'2019-12-11 02:47:57','2019-12-11 02:47:57'),(2,1,4,2,100,'2019-12-11 02:47:57','2019-12-11 02:47:57'),(3,1,4,3,200,'2019-12-11 02:47:57','2019-12-11 02:47:57'),(4,1,4,4,300,'2019-12-11 02:47:57','2019-12-11 02:47:57'),(5,1,4,38,200,'2019-12-11 02:47:57','2019-12-11 02:47:57'),(6,1,4,6,400,'2019-12-11 02:47:57','2019-12-11 02:47:57'),(7,1,4,7,300,'2019-12-11 02:47:57','2019-12-11 02:47:57'),(8,1,4,37,100,'2019-12-11 02:47:57','2019-12-11 02:47:57'),(9,1,4,9,100,'2019-12-11 02:47:57','2019-12-11 02:47:57'),(10,1,4,10,900,'2019-12-11 02:47:57','2019-12-11 02:47:57'),(11,1,4,11,700,'2019-12-11 02:47:57','2019-12-11 02:47:57'),(12,1,4,12,600,'2019-12-11 02:47:57','2019-12-11 02:47:57'),(13,1,4,13,300,'2019-12-11 02:47:57','2019-12-11 02:47:57'),(14,1,4,27,600,'2019-12-11 02:47:57','2019-12-11 02:47:57'),(15,1,4,29,300,'2019-12-11 02:47:57','2019-12-11 02:47:57'),(16,1,4,30,500,'2019-12-11 02:47:57','2019-12-11 02:47:57'),(17,1,4,28,400,'2019-12-11 02:47:57','2019-12-11 02:47:57'),(18,1,4,34,150,'2019-12-11 02:47:57','2019-12-11 02:47:57'),(19,1,4,33,50,'2019-12-11 02:47:57','2019-12-11 02:47:57');
/*!40000 ALTER TABLE `xmf_votes` ENABLE KEYS */;
UNLOCK TABLES;

--
-- Dumping routines for database 'morena_casillas'
--

--
-- Final view structure for view `xmf_primer_reporte`
--

/*!50001 DROP TABLE IF EXISTS `xmf_primer_reporte`*/;
/*!50001 DROP VIEW IF EXISTS `xmf_primer_reporte`*/;
/*!50001 SET @saved_cs_client          = @@character_set_client */;
/*!50001 SET @saved_cs_results         = @@character_set_results */;
/*!50001 SET @saved_col_connection     = @@collation_connection */;
/*!50001 SET character_set_client      = utf8 */;
/*!50001 SET character_set_results     = utf8 */;
/*!50001 SET collation_connection      = utf8_general_ci */;
/*!50001 CREATE ALGORITHM=UNDEFINED */
/*!50013 DEFINER=`root`@`localhost` SQL SECURITY DEFINER */
/*!50001 VIEW `xmf_primer_reporte` AS (select concat(`p`.`funcionario_name`,' ',`p`.`funcionario_lastname`) AS `representante`,`r`.`xmf_casillas_id` AS `xmf_casillas_id`,`r`.`xmf_partidos_id` AS `xmf_partidos_id`,`p`.`formula` AS `nombre`,`p`.`bloque` AS `bloque`,`p`.`orden` AS `orden`,`r`.`is_present` AS `is_present`,`c`.`name` AS `casilla`,`c`.`lugar_indicado` AS `lugar_indicado`,`c`.`gente_fila` AS `gente_fila`,`c`.`nombres_fila` AS `nombres_fila` from (`xmf_partidos` `p` join (`xmf_casillas` `c` join `xmf_presences_references` `r` on(`r`.`xmf_casillas_id` = `c`.`id`)) on(`r`.`xmf_partidos_id` = `p`.`id`)) order by `p`.`bloque`,`p`.`orden`) */;
/*!50001 SET character_set_client      = @saved_cs_client */;
/*!50001 SET character_set_results     = @saved_cs_results */;
/*!50001 SET collation_connection      = @saved_col_connection */;

--
-- Final view structure for view `xmf_primer_reporte_tab`
--

/*!50001 DROP TABLE IF EXISTS `xmf_primer_reporte_tab`*/;
/*!50001 DROP VIEW IF EXISTS `xmf_primer_reporte_tab`*/;
/*!50001 SET @saved_cs_client          = @@character_set_client */;
/*!50001 SET @saved_cs_results         = @@character_set_results */;
/*!50001 SET @saved_col_connection     = @@collation_connection */;
/*!50001 SET character_set_client      = utf8 */;
/*!50001 SET character_set_results     = utf8 */;
/*!50001 SET collation_connection      = utf8_general_ci */;
/*!50001 CREATE ALGORITHM=UNDEFINED */
/*!50013 DEFINER=`root`@`localhost` SQL SECURITY DEFINER */
/*!50001 VIEW `xmf_primer_reporte_tab` AS (select distinct `pr`.`xmf_casillas_id` AS `xmf_casillas_id`,`c`.`name` AS `name`,`c`.`rg_telefono` AS `rg_telefono`,`c`.`rc_telefono` AS `rc_telefono` from (`xmf_presences_references` `pr` join `xmf_casillas` `c` on(`pr`.`xmf_casillas_id` = `c`.`id`))) */;
/*!50001 SET character_set_client      = @saved_cs_client */;
/*!50001 SET character_set_results     = @saved_cs_results */;
/*!50001 SET collation_connection      = @saved_col_connection */;

--
-- Final view structure for view `xmf_reapers`
--

/*!50001 DROP TABLE IF EXISTS `xmf_reapers`*/;
/*!50001 DROP VIEW IF EXISTS `xmf_reapers`*/;
/*!50001 SET @saved_cs_client          = @@character_set_client */;
/*!50001 SET @saved_cs_results         = @@character_set_results */;
/*!50001 SET @saved_col_connection     = @@collation_connection */;
/*!50001 SET character_set_client      = utf8 */;
/*!50001 SET character_set_results     = utf8 */;
/*!50001 SET collation_connection      = utf8_general_ci */;
/*!50001 CREATE ALGORITHM=UNDEFINED */
/*!50013 DEFINER=`root`@`localhost` SQL SECURITY DEFINER */
/*!50001 VIEW `xmf_reapers` AS (select `cas`.`id` AS `casillas_index`,`cas`.`name` AS `name`,`cas`.`municipio` AS `municipio`,`cas`.`seccion` AS `seccion`,`cas`.`clave_agrupamiento` AS `clave_agrupamiento`,`cas`.`tipo_casilla` AS `tipo_casilla`,`cas`.`urbana` AS `urbana`,`cas`.`distrito` AS `distrito`,`cas`.`locacion` AS `locacion`,`cas`.`hora_instalacion` AS `hora_instalacion`,`cas`.`hora_inicio` AS `hora_inicio`,`cas`.`hora_cierre` AS `hora_cierre`,`partition`.`nombre` AS `nombre`,`partition`.`formula` AS `formula`,`partition`.`is_coalicion` AS `is_coalicion`,`partition`.`is_funcionario` AS `is_funcionario`,`partition`.`has_parent` AS `has_parent`,`partition`.`parent_id` AS `parent_id`,`tvt`.`tipo` AS `tipo`,`partition`.`bloque` AS `bloque`,`partition`.`orden` AS `orden`,`vts`.`id` AS `id`,`vts`.`xmf_casillas_id` AS `xmf_casillas_id`,`vts`.`xmf_tipo_votaciones_id` AS `xmf_tipo_votaciones_id`,`vts`.`xmf_partidos_id` AS `xmf_partidos_id`,`vts`.`votes` AS `votes` from (((`xmf_casillas` `cas` join `xmf_partidos` `partition`) join `xmf_tipo_votaciones` `tvt`) left join `xmf_votes` `vts` on(`cas`.`id` = `vts`.`xmf_casillas_id` and `vts`.`xmf_tipo_votaciones_id` = `tvt`.`id` and `vts`.`xmf_partidos_id` = `partition`.`id`))) */;
/*!50001 SET character_set_client      = @saved_cs_client */;
/*!50001 SET character_set_results     = @saved_cs_results */;
/*!50001 SET collation_connection      = @saved_col_connection */;

--
-- Final view structure for view `xmf_view_count_header`
--

/*!50001 DROP TABLE IF EXISTS `xmf_view_count_header`*/;
/*!50001 DROP VIEW IF EXISTS `xmf_view_count_header`*/;
/*!50001 SET @saved_cs_client          = @@character_set_client */;
/*!50001 SET @saved_cs_results         = @@character_set_results */;
/*!50001 SET @saved_col_connection     = @@collation_connection */;
/*!50001 SET character_set_client      = utf8 */;
/*!50001 SET character_set_results     = utf8 */;
/*!50001 SET collation_connection      = utf8_general_ci */;
/*!50001 CREATE ALGORITHM=UNDEFINED */
/*!50013 DEFINER=`root`@`localhost` SQL SECURITY DEFINER */
/*!50001 VIEW `xmf_view_count_header` AS (select `xmf_casillas`.`status` AS `status`,`xmf_casillas`.`rg_id` AS `rg_id`,case when `xmf_casillas`.`status` = 'P' and `xmf_casillas`.`hora_presencia` is not null then count(`xmf_casillas`.`id`) end AS `presencias`,case when `xmf_casillas`.`status` is null and `xmf_casillas`.`hora_presencia` is null then count(`xmf_casillas`.`id`) end AS `ausencias`,case when `xmf_casillas`.`status` = 'I' and `xmf_casillas`.`hora_instalacion` is not null then count(`xmf_casillas`.`id`) end AS `instaladas`,case when `xmf_casillas`.`status` = 'V' and `xmf_casillas`.`hora_inicio` is not null then count(`xmf_casillas`.`id`) end AS `abiertas`,case when `xmf_casillas`.`status` = 'X' and `xmf_casillas`.`hora_cierre` is not null then count(`xmf_casillas`.`id`) end AS `cerradas` from `xmf_casillas` group by `xmf_casillas`.`status`,`xmf_casillas`.`rg_id`) */;
/*!50001 SET character_set_client      = @saved_cs_client */;
/*!50001 SET character_set_results     = @saved_cs_results */;
/*!50001 SET collation_connection      = @saved_col_connection */;

--
-- Final view structure for view `xmf_view_reporte_segundos_terceros`
--

/*!50001 DROP TABLE IF EXISTS `xmf_view_reporte_segundos_terceros`*/;
/*!50001 DROP VIEW IF EXISTS `xmf_view_reporte_segundos_terceros`*/;
/*!50001 SET @saved_cs_client          = @@character_set_client */;
/*!50001 SET @saved_cs_results         = @@character_set_results */;
/*!50001 SET @saved_col_connection     = @@collation_connection */;
/*!50001 SET character_set_client      = utf8 */;
/*!50001 SET character_set_results     = utf8 */;
/*!50001 SET collation_connection      = utf8_general_ci */;
/*!50001 CREATE ALGORITHM=UNDEFINED */
/*!50013 DEFINER=`root`@`localhost` SQL SECURITY DEFINER */
/*!50001 VIEW `xmf_view_reporte_segundos_terceros` AS with report as (select `rpt`.`xmf_casillas_id` AS `xmf_casillas_id`,`cas`.`name` AS `name`,`rpt`.`votantes_segundo` AS `votantes_segundo`,`rpt`.`promovidos_segundo` AS `promovidos_segundo`,`rpt`.`votantes_tercero` AS `votantes_tercero`,`rpt`.`promovidos_tercero` AS `promovidos_tercero`,case when cast(`rpt`.`created` as time) between cast('00:00:00' as time) and cast('12:00:00' as time) then 1 else 0 end AS `is_twelve`,case when cast(`rpt`.`created` as time) between cast('00:00:00' as time) and cast('15:00:00' as time) then 1 else 0 end AS `is_thirdteen` from (`xmf_reports_segundo_tercero` `rpt` join `xmf_casillas` `cas` on(`cas`.`id` = `rpt`.`xmf_casillas_id`)) where `rpt`.`xmf_casillas_id` is not null and `rpt`.`votantes_segundo` is not null or `rpt`.`votantes_tercero` is not null)select `report`.`xmf_casillas_id` AS `xmf_casillas_id`,`report`.`name` AS `name`,`report`.`votantes_segundo` AS `votantes_segundo`,`report`.`promovidos_segundo` AS `promovidos_segundo`,`report`.`votantes_tercero` AS `votantes_tercero`,`report`.`promovidos_tercero` AS `promovidos_tercero`,`report`.`is_twelve` AS `is_twelve`,`report`.`is_thirdteen` AS `is_thirdteen` from `report` */;
/*!50001 SET character_set_client      = @saved_cs_client */;
/*!50001 SET character_set_results     = @saved_cs_results */;
/*!50001 SET collation_connection      = @saved_col_connection */;
/*!40103 SET TIME_ZONE=@OLD_TIME_ZONE */;

/*!40101 SET SQL_MODE=@OLD_SQL_MODE */;
/*!40014 SET FOREIGN_KEY_CHECKS=@OLD_FOREIGN_KEY_CHECKS */;
/*!40014 SET UNIQUE_CHECKS=@OLD_UNIQUE_CHECKS */;
/*!40101 SET CHARACTER_SET_CLIENT=@OLD_CHARACTER_SET_CLIENT */;
/*!40101 SET CHARACTER_SET_RESULTS=@OLD_CHARACTER_SET_RESULTS */;
/*!40101 SET COLLATION_CONNECTION=@OLD_COLLATION_CONNECTION */;
/*!40111 SET SQL_NOTES=@OLD_SQL_NOTES */;

-- Dump completed on 2020-06-18 11:44:02
